7914 7196578474948150957 1 9
3 6 12 7 5 1 10 9 11 

8168 1306986845851586452 1 9
3 10 9 11 6 12 7 5 8 

7928 11841230297834628082 1 9
3 10 9 11 6 12 7 5 4 

7913 15687535908951878784 1 9
3 6 12 7 5 10 0 9 11 

7916 6587205605422407992 1 9
3 6 12 7 5 10 2 9 11 

8152 1550313385641320173 1 9
3 10 9 11 6 12 4 7 8 

7886 7128125680933700452 1 9
3 6 12 7 1 10 2 9 11 

7897 2850739619685210166 1 9
3 6 12 4 7 10 0 9 11 

7900 5952813265170739573 1 9
3 6 12 4 7 10 2 9 11 

8140 10102035183842952079 1 9
3 6 12 7 8 10 2 9 11 

7885 7855820692347933437 1 9
3 6 12 7 10 2 0 9 11 

7898 9957047435621912332 1 9
3 6 12 4 7 1 10 9 11 

7868 16846775339673327135 1 9
3 7 5 4 12 10 2 9 11 

7883 15716234225723118854 1 9
3 6 12 7 1 10 0 9 11 

7866 8371091865094482982 1 9
3 7 5 4 12 10 9 11 1 

8138 13385587275718258967 1 9
3 6 12 7 8 1 10 9 11 

8137 4339585900076364912 1 9
3 6 12 7 8 10 0 9 11 

8120 3986772018276544106 1 9
3 10 9 11 7 5 4 8 12 

7865 11846698074849595938 1 9
3 7 5 4 12 10 0 9 11 

7853 12565937449376311561 1 9
3 7 5 12 10 2 0 9 11 

8106 962519606864461031 1 9
3 7 5 8 12 10 9 11 1 

7851 9355065494193952444 1 9
3 7 5 12 10 0 9 11 1 

7854 6719442820690808138 1 9
3 7 5 12 10 2 9 11 1 

8105 3671915339090651361 1 9
3 7 5 8 12 10 0 9 11 

8108 14146782172232716160 1 9
3 7 5 8 12 10 2 9 11 

7838 11416634096203765654 1 9
3 4 7 12 10 2 9 11 1 

8092 14509576306124390561 1 9
3 10 2 9 11 4 7 8 12 

7835 6169260573889487323 1 9
3 4 7 12 10 0 9 11 1 

8089 17225465799341994201 1 9
3 10 0 9 11 4 7 8 12 

8090 18268962862551524192 1 9
3 10 9 11 1 4 7 8 12 

7837 5220270304243206601 1 9
3 4 7 12 10 2 0 9 11 

8078 192870513459822120 1 9
3 7 8 12 10 2 9 11 1 

7823 12261975328648800247 1 9
3 7 12 10 2 0 9 11 1 

7804 5725778580938759358 1 9
3 12 6 4 5 10 2 9 11 

7802 2908088288498722851 1 9
3 6 12 4 5 1 10 9 11 

8056 6012987301781512490 1 9
3 10 9 11 12 6 4 5 8 

7790 1504692183564703983 1 9
3 6 12 5 1 10 2 9 11 

8077 12025799140051027477 1 9
3 7 8 12 10 2 0 9 11 

8075 11075988703565413045 1 9
3 7 8 12 10 0 9 11 1 

7801 11259880481606639791 1 9
3 12 6 4 5 10 9 11 0 

7789 2910175978262872173 1 9
3 12 6 5 10 2 9 11 0 

7774 16632309812974990054 1 9
3 6 12 4 1 10 2 9 11 

7787 6965078342640101021 1 9
3 6 12 5 1 10 9 11 0 

8044 8293743645799888178 1 9
3 12 6 5 8 10 2 9 11 

8042 7998029877589029979 1 9
3 6 12 5 8 1 10 9 11 

8041 10997188310040425379 1 9
3 12 6 5 8 10 9 11 0 

8028 14977963975990264950 1 9
3 12 6 4 8 10 2 9 11 

7773 16293058471985598234 1 9
3 12 6 4 10 2 9 11 0 

8014 16520371313152990283 1 9
3 6 12 8 1 10 2 9 11 

8025 4125418359905327597 1 9
3 12 6 4 8 10 9 11 0 

8026 13020876976637620139 1 9
3 6 12 4 8 1 10 9 11 

7759 1796215945203843465 1 9
3 6 12 1 10 2 9 11 0 

7771 6001743434560105041 1 9
3 6 12 4 1 10 9 11 0 

7996 8064820251294764559 1 9
3 10 2 9 11 4 5 12 8 

7742 17350283220381210442 1 9
3 4 5 12 10 2 9 11 1 

7994 7274631844343670713 1 9
3 10 9 11 1 4 5 12 8 

7982 7606898994771375093 1 9
3 5 12 8 10 2 9 11 1 

7741 16636859100880323879 1 9
3 4 5 12 10 2 9 11 0 

8013 11109861902768689101 1 9
3 12 6 8 10 2 9 11 0 

8011 9316700543026500691 1 9
3 6 12 8 1 10 9 11 0 

7727 2304651780146173869 1 9
3 5 12 10 2 9 11 1 0 

7981 13990919614769692828 1 9
3 5 12 8 10 2 9 11 0 

7979 12286385235140435378 1 9
3 5 12 8 10 9 11 1 0 

7739 3774773766926725648 1 9
3 4 5 12 10 9 11 1 0 

7993 11215801379502420509 1 9
3 10 9 11 0 4 5 12 8 

7711 13650281910590814024 1 9
3 4 12 10 2 9 11 1 0 

7963 7584637281371132535 1 9
3 4 12 8 10 9 11 1 0 

7922 1788216872388876577 1 9
10 9 1 11 6 12 7 5 4 

7924 10980582659425657164 1 9
10 2 9 11 6 12 7 5 4 

7966 4122637298148651639 1 9
3 4 12 8 10 2 9 11 1 

7965 14833673182241687603 1 9
3 4 12 8 10 2 9 11 0 

7951 5408008040130087976 1 9
3 12 8 10 2 9 11 1 0 

7910 4126027152818475081 1 9
6 12 7 5 10 2 9 1 11 

7921 11753164022746852957 1 9
9 10 11 0 6 12 7 5 4 

7909 16945288363091687650 1 9
6 12 7 5 10 2 9 0 11 

8164 229407160201884541 1 9
10 2 9 11 6 12 7 5 8 

8162 13847798246041100043 1 9
10 9 1 11 6 12 7 5 8 

8176 10516193286490251277 1 9
9 10 11 6 12 7 5 8 4 

7894 10310692269106402611 1 9
6 12 7 4 10 2 9 1 11 

8148 14869571767739516403 1 9
10 2 9 11 6 12 7 8 4 

8146 6693956372101793147 1 9
10 9 1 11 6 12 7 8 4 

7893 682681537118034076 1 9
6 12 7 4 10 2 9 0 11 

7907 1205986438241349656 1 9
6 12 7 5 10 9 1 11 0 

7891 16482344968762373644 1 9
6 12 7 4 10 9 1 11 0 

8134 11897549509104042586 1 9
6 12 7 8 10 2 9 1 11 

8161 16495679181706239832 1 9
9 10 11 0 6 12 7 5 8 

8133 17997648404533694809 1 9
6 12 7 8 10 2 9 0 11 

7862 13200715349966029406 1 9
7 5 12 4 10 2 9 1 11 

8145 14217681866394413421 1 9
9 10 11 0 6 12 7 8 4 

7879 10439523701751561631 1 9
6 12 7 10 2 9 1 11 0 

8131 12054894152452915838 1 9
6 12 7 8 10 9 1 11 0 

8116 5647723624983790124 1 9
10 2 9 11 7 5 8 12 4 

8102 5843925977735395727 1 9
7 5 8 12 10 2 9 1 11 

7859 12063906895153354077 1 9
7 5 12 4 10 9 1 11 0 

8113 10055988635397588756 1 9
9 10 11 0 7 5 8 12 4 

8114 2722742971456750035 1 9
10 9 1 11 7 5 8 12 4 

8101 13925120459669709124 1 9
7 5 8 12 10 2 9 0 11 

7861 236352053823341534 1 9
7 5 12 4 10 2 9 0 11 

7847 8086444686202858572 1 9
7 5 12 10 2 9 1 11 0 

8085 11850226740875595375 1 9
7 8 12 4 10 2 9 0 11 

7831 8841891047922123950 1 9
7 12 4 10 2 9 1 11 0 

8083 16263897711225549345 1 9
7 8 12 4 10 9 1 11 0 

8086 4976113479252396288 1 9
7 8 12 4 10 2 9 1 11 

8099 15423648116375934557 1 9
7 5 8 12 10 9 1 11 0 

8071 4656114257330283617 1 9
7 8 12 10 2 9 1 11 0 

8050 9321821913870566977 1 9
10 9 1 11 6 12 8 5 4 

7797 10763094329897168373 1 9
12 6 5 4 10 2 9 0 11 

7795 94598977733792980 1 9
12 6 5 4 10 9 1 11 0 

8038 6624826730594938702 1 9
6 12 8 5 10 2 9 1 11 

8052 6577304586790974408 1 9
10 2 9 11 6 12 8 5 4 

7798 6229146987278888162 1 9
12 6 5 4 10 2 9 1 11 

8049 5493925110880906869 1 9
9 10 11 0 6 12 8 5 4 

8035 6883313754013262155 1 9
6 12 8 5 10 9 1 11 0 

8022 2706168022210164613 1 9
6 12 8 4 10 2 9 1 11 

8021 18427117191056435665 1 9
6 12 8 4 10 2 9 0 11 

8037 3734413277848490256 1 9
6 12 8 5 10 2 9 0 11 

7783 17661925158207737154 1 9
12 6 5 10 2 9 1 11 0 

7735 14890346949575187099 2 9
5 12 4 10 2 9 1 11 0 
12 5 4 10 2 9 1 11 0 

8019 10235905285741944681 1 9
6 12 8 4 10 9 1 11 0 

7990 12980686371074367149 1 9
8 5 4 12 10 2 9 1 11 

7959 7289023927633497114 2 9
4 8 12 10 2 9 1 11 0 
8 4 12 10 2 9 1 11 0 

7420 919941518774104398 1 9
3 10 2 11 6 12 7 5 4 

7767 6041930277916550978 1 9
6 12 4 10 2 9 1 11 0 

8007 12957407231438816614 1 9
6 12 8 10 2 9 1 11 0 

7987 4492847730606071078 1 9
8 5 4 12 10 9 1 11 0 

7418 7448728500825800497 1 9
3 1 10 11 6 12 7 5 4 

7989 15043549077129665434 1 9
8 5 4 12 10 2 9 0 11 

7406 4447004426226896669 1 9
3 6 12 7 5 1 10 2 11 

7660 12687637418564415166 1 9
3 10 2 11 6 12 7 5 8 

7975 1912394756636201661 1 9
5 8 12 10 2 9 1 11 0 

7405 1679852396785029345 1 9
3 6 12 7 5 10 2 0 11 

7658 4457626775172376306 1 9
3 1 10 11 6 12 7 5 8 

7672 9496835601938377357 1 9
3 10 11 6 12 7 5 4 8 

7390 15919978377859849725 1 9
3 6 12 4 7 1 10 2 11 

7417 4076367035033476501 1 9
3 10 0 11 6 12 7 5 4 

7644 7450486267749206200 1 9
3 10 2 11 6 12 4 7 8 

7387 6501175425567779376 1 9
3 6 12 4 7 1 10 0 11 

7389 1739611601035893148 1 9
3 6 12 4 7 10 2 0 11 

7403 4707225354608717179 1 9
3 6 12 7 5 1 10 0 11 

7657 17005739335264904008 1 9
3 10 0 11 6 12 7 5 8 

7642 10907810430435996209 1 9
3 1 10 11 6 12 4 7 8 

7375 17236406212002865131 1 9
3 6 12 7 1 10 2 0 11 

7629 9269818571140282510 1 9
3 6 12 7 8 10 2 0 11 

7627 10493142622974183179 1 9
3 6 12 7 8 1 10 0 11 

7630 16170417327666722234 1 9
3 6 12 7 8 1 10 2 11 

7641 6165431762250187393 1 9
3 10 0 11 6 12 4 7 8 

7612 1106524402902838323 1 9
3 10 2 11 7 5 4 8 12 

7358 15896582002372198599 1 9
3 7 5 4 12 10 2 11 1 

7343 17048418046531729834 1 9
3 7 5 12 10 2 0 11 1 

7355 15814879585030436132 1 9
3 7 5 4 12 10 0 11 1 

7327 13932268107584801701 1 9
3 4 7 12 10 2 0 11 1 

7357 4423138401055112102 1 9
3 7 5 4 12 10 2 0 11 

7610 14241504758254124746 1 9
3 10 11 1 7 5 4 8 12 

7595 9887606034360462003 1 9
3 7 5 8 12 10 0 11 1 

7582 18080465204792852756 1 9
3 10 2 11 1 4 7 8 12 

7609 4637121227074806520 1 9
3 10 0 11 7 5 4 8 12 

7581 17419559988767447884 1 9
3 10 2 0 11 4 7 8 12 

7567 8771353105729432163 1 9
3 7 8 12 10 2 0 11 1 

7598 14545252786606978308 1 9
3 7 5 8 12 10 2 11 1 

7597 2494883909175968454 1 9
3 7 5 8 12 10 2 0 11 

7293 10049210850652530501 1 9
3 12 6 4 5 10 2 11 0 

7546 1287267302777734929 1 9
3 1 10 11 6 12 4 5 8 

7579 4920751393516757808 1 9
3 10 0 11 1 4 7 8 12 

7534 9687512727037418513 1 9
3 6 12 5 8 1 10 2 11 

7294 18386376896100716647 1 9
3 6 12 4 5 1 10 2 11 

7291 3653569028653619328 1 9
3 6 12 4 5 1 10 11 0 

7533 6601747832480157617 1 9
3 12 6 5 8 10 2 11 0 

7518 4052856890353542877 1 9
3 6 12 4 8 1 10 2 11 

7279 6565623421632902399 1 9
3 6 12 5 1 10 2 11 0 

7548 6886704120562989697 1 9
3 10 2 11 12 6 4 5 8 

7517 18223904837776238314 1 9
3 12 6 4 8 10 2 11 0 

7545 4380774415750726293 1 9
3 10 11 0 12 6 4 5 8 

7531 8207214990348926169 1 9
3 6 12 5 8 1 10 11 0 

7486 14946200601383578918 1 9
3 10 2 11 1 4 5 12 8 

7485 2621157176557376988 1 9
3 10 2 11 0 4 5 12 8 

7503 16682646785425629351 1 9
3 6 12 8 1 10 2 11 0 

7263 7597458257531717097 1 9
3 6 12 4 1 10 2 11 0 

7471 11718328742307522815 1 9
3 5 12 8 10 2 11 1 0 

7483 16022189041421317570 1 9
3 10 11 1 0 4 5 12 8 

7455 10624220677409940904 1 9
3 4 12 8 10 2 11 1 0 

7515 11033168763791592219 1 9
3 6 12 4 8 1 10 11 0 

7668 7574072253649430392 1 9
2 10 11 6 12 7 5 8 4 

7231 16905378810388900510 1 9
3 4 5 12 10 2 11 1 0 

7411 10873373733279173257 1 9
1 11 10 0 6 12 7 5 4 

7414 6925681228345254648 1 9
10 2 1 11 6 12 7 5 4 

7666 4094017477288740761 1 9
1 11 10 6 12 7 5 8 4 

7654 5591297963917970532 1 9
10 2 1 11 6 12 7 5 8 

7413 430436482323750135 1 9
2 10 0 11 6 12 7 5 4 

7399 9857689567407217756 1 9
6 12 7 5 10 2 1 11 0 

7653 14573747695034306899 1 9
2 10 0 11 6 12 7 5 8 

7383 17073927286437020510 1 9
6 12 7 4 10 2 1 11 0 

7637 17515336011387437897 1 9
2 10 0 11 6 12 7 8 4 

7665 14138036874608947177 1 9
11 0 10 6 12 7 5 8 4 

7623 10145623755278745128 1 9
6 12 7 8 10 2 1 11 0 

7651 13449919946301738564 1 9
1 11 10 0 6 12 7 5 8 

7606 940013811561032070 1 9
10 2 1 11 7 5 8 12 4 

7575 16537185831349136906 1 9
7 8 12 4 10 2 1 11 0 

7638 4862096465735276070 1 9
10 2 1 11 6 12 7 8 4 

7591 9853062923464998135 1 9
7 5 8 12 10 2 1 11 0 

7351 15525582059785442576 1 9
7 5 12 4 10 2 1 11 0 

7603 17521057550250048072 1 9
1 11 10 0 7 5 8 12 4 

7635 7110109592626343854 1 9
1 11 10 0 6 12 7 8 4 

7605 1189476648640815974 1 9
2 10 0 11 7 5 8 12 4 

7541 16140747061119827689 1 9
2 10 0 11 6 12 8 5 4 

7539 10080713081732655702 1 9
1 11 10 0 6 12 8 5 4 

7542 6343261953253092469 1 9
10 2 1 11 6 12 8 5 4 

6908 8464517036971206312 1 9
3 9 11 2 6 12 7 5 4 

6894 6155165042116132078 1 9
3 6 12 7 5 1 9 11 2 

6906 16655152404408201509 1 9
3 1 9 11 6 12 7 5 4 

7287 8541460159531619776 1 9
12 6 5 4 10 2 1 11 0 

6905 14598212749237241047 1 9
3 0 9 11 6 12 7 5 4 

7479 9500273043710979593 1 9
8 5 4 12 10 2 1 11 0 

7148 3283337163426384032 1 9
3 9 11 2 6 12 7 5 8 

7527 15354276743069742214 1 9
6 12 8 5 10 2 1 11 0 

7511 5370144381450408186 1 9
6 12 8 4 10 2 1 11 0 

6891 537857944676863331 1 9
3 6 12 7 5 1 0 9 11 

6878 4307036682229198179 1 9
3 6 12 7 4 1 9 11 2 

7160 16268159658652142253 1 9
3 9 11 6 12 7 5 8 4 

6893 3293380384567245141 1 9
3 6 12 7 5 0 9 11 2 

6877 11841127299300706477 1 9
3 6 12 7 4 0 9 11 2 

6875 12043682759161623396 1 9
3 6 12 7 4 1 0 9 11 

7132 5937193812970154561 1 9
3 9 11 2 6 12 7 8 4 

7146 1388633265033291536 1 9
3 1 9 11 6 12 7 5 8 

7129 17457552908732861813 1 9
3 0 9 11 6 12 7 8 4 

6863 18330373041252802802 1 9
3 6 12 7 1 0 9 11 2 

7117 8139297186014459390 1 9
3 6 12 7 8 0 9 11 2 

7145 2308178998909157338 1 9
3 0 9 11 6 12 7 5 8 

7130 12469806149246844948 1 9
3 1 9 11 6 12 7 8 4 

6845 510709604379244512 1 9
3 7 5 12 4 0 9 11 2 

7118 7751922545939581832 1 9
3 6 12 7 8 1 9 11 2 

7086 9454952531337425205 1 9
3 7 5 8 12 9 11 1 2 

6846 9771509740077963952 1 9
3 7 5 12 4 9 11 1 2 

7098 8814081334467327773 1 9
3 9 11 1 7 5 8 12 4 

7115 10055630948063334981 1 9
3 6 12 7 8 1 0 9 11 

7097 8089268519474312486 1 9
3 0 9 11 7 5 8 12 4 

6831 10723923937522054893 1 9
3 7 5 12 0 9 11 1 2 

7100 2358154063165981717 1 9
3 9 11 2 7 5 8 12 4 

7083 7257341416696341046 1 9
3 7 5 8 12 0 9 11 1 

7069 1920446900494361091 1 9
3 7 8 12 4 0 9 11 2 

6843 6053819263553554385 1 9
3 7 5 12 4 0 9 11 1 

6815 12654591161682912805 1 9
3 7 12 4 0 9 11 1 2 

7085 8917787460225745652 1 9
3 7 5 8 12 0 9 11 2 

7055 18298536587655094232 1 9
3 7 8 12 0 9 11 1 2 

7036 464920885977403808 1 9
3 11 9 2 12 6 5 8 4 

7070 14748117737918235940 1 9
3 7 8 12 4 9 11 1 2 

6781 2970532212267334314 1 9
3 12 6 5 4 11 0 2 9 

7034 15823534657484138432 1 9
3 1 11 9 6 12 5 8 4 

7022 4032522037671347703 1 9
3 6 12 5 8 1 11 2 9 

7067 3878183426836414365 1 9
3 7 8 12 4 0 9 11 1 

7033 13622825206392186800 1 9
3 11 0 9 12 6 5 8 4 

6782 2600795721633180907 1 9
3 6 12 5 4 1 11 9 2 

7021 3324786688289563484 1 9
3 12 6 5 8 11 0 2 9 

7019 8877559706537711611 1 9
3 6 12 5 8 1 11 0 9 

6779 15843708271633234180 1 9
3 6 12 5 4 1 11 0 9 

7005 12355362126755270351 1 9
3 12 6 4 8 11 2 0 9 

6767 11060835222097754333 1 9
3 6 12 5 1 11 0 2 9 

7003 1390821622063271270 1 9
3 6 12 4 8 1 11 0 9 

6991 9655836650432789560 1 9
3 6 12 8 1 11 2 0 9 

6974 15107881389819427382 1 9
3 11 1 9 2 12 5 8 4 

7006 17744189654933400513 1 9
3 6 12 8 4 1 11 2 9 

6971 16844147055358780770 1 9
3 11 1 0 9 12 5 8 4 

6959 2000507729925583705 1 9
3 12 5 8 11 1 0 2 9 

6751 1797947071878611836 1 9
3 6 12 4 1 11 0 2 9 

6902 6099714766509173053 1 9
11 1 9 2 6 12 7 5 4 

6943 11276768629541935365 1 9
3 12 4 8 11 1 2 0 9 

6973 6658687195580041490 1 9
3 11 0 2 9 12 5 8 4 

6719 7452790264609193511 1 9
3 12 5 4 11 1 0 2 9 

7142 17990357132628070916 1 9
11 1 9 2 6 12 7 5 8 

7154 2275127257950467246 1 9
11 1 9 6 12 7 5 8 4 

6899 8624212666441957578 1 9
11 1 9 0 6 12 7 5 4 

7139 15778512126771724553 1 9
11 1 9 0 6 12 7 5 8 

6901 6662004355006982523 1 9
2 0 9 11 6 12 7 5 4 

7156 13808437424015253267 1 9
9 2 11 6 12 7 5 8 4 

7126 6686009128282155314 1 9
11 1 9 2 6 12 7 8 4 

7153 6074804636516604593 1 9
11 9 0 6 12 7 5 8 4 

7111 16851089050026629980 1 9
6 12 7 8 11 1 2 0 9 

7123 16635259121199121767 1 9
11 1 9 0 6 12 7 8 4 

6887 16074418539795424704 1 9
6 12 7 5 11 1 2 0 9 

7141 11050770231302083221 1 9
2 0 9 11 6 12 7 5 8 

7094 16359898889671456211 1 9
11 1 9 2 7 5 8 12 4 

7093 4353313011075926751 1 9
2 0 9 11 7 5 8 12 4 

7063 9421933852317883013 1 9
7 8 12 4 11 1 2 0 9 

7091 3641076146079725339 1 9
11 1 9 0 7 5 8 12 4 

6871 1066099121406344474 1 9
6 12 7 4 11 1 2 0 9 

7125 3532325508288018931 1 9
2 0 9 11 6 12 7 8 4 

7030 1275329374967425706 1 9
11 1 9 2 6 12 8 5 4 

6775 12902303337314115932 1 9
12 6 5 4 11 1 2 0 9 

6839 5880929086372443405 1 9
7 5 12 4 11 1 2 0 9 

7079 15891366523366836442 1 9
7 5 8 12 11 1 2 0 9 

6999 17152549418499254719 1 9
6 12 8 4 11 1 2 0 9 

7015 120768701111920735 1 9
6 12 8 5 11 1 2 0 9 

6397 6446966280640430320 1 9
3 0 11 2 6 12 7 5 4 

7029 10156174793226162204 1 9
2 0 9 11 6 12 8 5 4 

6652 12353942350223023956 1 9
3 11 2 6 12 7 5 8 4 

6650 11827214962510522820 1 9
3 1 11 6 12 7 5 8 4 

7027 3504860138572062398 1 9
11 1 9 0 6 12 8 5 4 

6383 5655911147759485873 1 9
3 6 12 7 5 1 0 11 2 

6395 15620321454715190205 1 9
3 1 0 11 6 12 7 5 4 

6637 6540243100341917050 1 9
3 0 11 2 6 12 7 5 8 

6398 6622945257779346418 1 9
3 1 11 2 6 12 7 5 4 

6967 12797648695664598942 1 9
8 5 4 12 11 1 2 0 9 

6635 12391867659232759638 1 9
3 1 0 11 6 12 7 5 8 

6622 4900023166315898024 1 9
3 1 11 2 6 12 7 8 4 

6638 6633633715930624979 1 9
3 1 11 2 6 12 7 5 8 

6649 10814342285241994560 1 9
3 0 11 6 12 7 5 8 4 

6619 6365458014358625850 1 9
3 1 0 11 6 12 7 8 4 

6607 14591944954440634311 1 9
3 6 12 7 8 1 0 11 2 

6335 10838602402937790829 1 9
3 7 5 12 4 0 11 1 2 

6589 8799471603737537020 1 9
3 0 11 2 7 5 8 12 4 

6367 18428695038820744841 1 9
3 6 12 7 4 1 0 11 2 

6621 7225875204977381549 1 9
3 0 11 2 6 12 7 8 4 

6587 10225767669916868333 1 9
3 0 11 1 7 5 8 12 4 

6559 8589840735825229801 1 9
3 7 8 12 4 0 11 1 2 

6271 11618914032806061367 1 9
3 6 12 5 4 1 11 0 2 

6525 8113371461155430626 1 9
3 11 0 2 12 6 5 8 4 

6590 6126292789186707143 1 9
3 11 1 2 7 5 8 12 4 

6575 14721347783720254228 1 9
3 7 5 8 12 0 11 1 2 

6511 14396110778891476153 1 9
3 6 12 5 8 1 11 0 2 

6463 18028083472914125759 1 9
3 11 1 0 2 12 5 8 4 

6526 13551245714732996004 1 9
3 1 11 2 6 12 5 8 4 

6646 10104207550768594182 1 9
11 1 2 6 12 7 5 8 4 

6645 13196012060075969759 1 9
2 0 11 6 12 7 5 8 4 

6631 13728714489218673697 1 9
11 1 2 0 6 12 7 5 8 

6523 5742511570844146118 1 9
3 1 11 0 6 12 5 8 4 

6615 8211319953142929432 1 9
11 1 2 0 6 12 7 8 4 

6495 7695419237544955998 1 9
3 6 12 8 4 1 11 0 2 

6583 9825486650185835906 1 9
11 1 2 0 7 5 8 12 4 

5884 1643368786500659646 1 9
3 10 2 9 6 12 7 5 4 

6391 12642412386574086850 1 9
11 1 2 0 6 12 7 5 4 

6136 1654479570106587160 1 9
3 10 9 6 12 7 5 4 8 

6643 5489872893164585042 1 9
11 1 0 6 12 7 5 8 4 

5881 17305550761332633321 1 9
3 10 0 9 6 12 7 5 4 

6124 112367211679512908 1 9
3 10 2 9 6 12 7 5 8 

6519 14225208634655338922 1 9
11 1 2 0 6 12 8 5 4 

6122 7320205229836000821 1 9
3 1 10 9 6 12 7 5 8 

5882 5329129300475037737 1 9
3 1 10 9 6 12 7 5 4 

5867 1331809961466606544 1 9
3 6 12 7 5 1 10 0 9 

6121 1809004708173172229 1 9
3 10 0 9 6 12 7 5 8 

6108 4337653286693435255 1 9
3 10 2 9 6 12 4 7 8 

5870 2641646315936965668 1 9
3 6 12 7 5 1 10 2 9 

6106 12829796946412031223 1 9
3 1 10 9 6 12 4 7 8 

5869 3607977397987600708 1 9
3 6 12 7 5 10 2 0 9 

6094 17605639425487366380 1 9
3 6 12 7 8 1 10 2 9 

5851 10227990615360860707 1 9
3 6 12 4 7 1 10 0 9 

5854 10097512081256773400 1 9
3 6 12 4 7 1 10 2 9 

6093 18195299985286622564 1 9
3 6 12 7 8 10 2 0 9 

5853 10876273280856270077 1 9
3 6 12 4 7 10 2 0 9 

5822 17560987443055013912 1 9
3 7 5 4 12 10 2 9 1 

6076 13906562972485161812 1 9
3 10 2 9 7 5 4 8 12 

5821 3218894333516691208 1 9
3 7 5 4 12 10 2 0 9 

6105 10723756481907309525 1 9
3 10 0 9 6 12 4 7 8 

6074 3204362485797377522 1 9
3 10 9 1 7 5 4 8 12 

5839 11352235147673736606 1 9
3 6 12 7 1 10 2 0 9 

6062 4035460660827268672 1 9
3 7 5 8 12 10 2 9 1 

6061 14505708677788041677 1 9
3 7 5 8 12 10 2 0 9 

6091 6704217647931080741 1 9
3 6 12 7 8 1 10 0 9 

5807 17141786221566919983 1 9
3 7 5 12 10 2 0 9 1 

5819 16100817702304866730 1 9
3 7 5 4 12 10 0 9 1 

5791 7427371067879253914 1 9
3 4 7 12 10 2 0 9 1 

6073 10587115508747245067 1 9
3 10 0 9 7 5 4 8 12 

6045 18211268083493812308 1 9
3 10 2 0 9 4 7 8 12 

5758 10221459000425199742 1 9
3 6 12 4 5 1 10 2 9 

6043 18149703464761325154 1 9
3 10 0 9 1 4 7 8 12 

6031 10209523176381496848 1 9
3 7 8 12 10 2 0 9 1 

6059 11659269811309173287 1 9
3 7 5 8 12 10 0 9 1 

6046 3289807048675316452 1 9
3 10 2 9 1 4 7 8 12 

6010 5717012384327515626 1 9
3 1 10 9 6 12 4 5 8 

5998 11564381989333481545 1 9
3 6 12 5 8 1 10 2 9 

5755 9560349251450251638 1 9
3 6 12 4 5 1 10 9 0 

6012 7025021279430587459 1 9
3 10 2 9 6 12 4 5 8 

5757 11448340593895669896 1 9
3 6 12 4 5 10 2 9 0 

5997 12366625640255936748 1 9
3 6 12 5 8 10 2 9 0 

5982 16195216829465349743 1 9
3 6 12 4 8 1 10 2 9 

5950 8544172659683593 1 9
3 10 2 9 1 4 5 8 12 

5727 3898089736215112998 1 9
3 6 12 4 1 10 2 9 0 

5979 8087767448769227548 1 9
3 6 12 4 8 1 10 9 0 

6009 13788350886435206818 1 9
3 10 9 0 6 12 4 5 8 

5743 13074477847139307064 1 9
3 6 12 5 1 10 2 9 0 

5967 697275452819385142 1 9
3 6 12 8 1 10 2 9 0 

5695 10085248211595541333 1 9
3 4 5 12 10 2 9 0 1 

5995 16289477623087641385 1 9
3 6 12 5 8 1 10 9 0 

5947 956287093350336436 1 9
3 10 9 0 1 4 5 8 12 

5981 3293860891518441441 1 9
3 6 12 4 8 10 2 9 0 

5878 2835807218529461777 1 9
10 2 9 1 6 12 7 5 4 

5949 14370461166805488166 1 9
3 10 2 9 0 4 5 8 12 

5877 1348858050031579172 1 9
10 2 9 0 6 12 7 5 4 

6130 4557860390527257462 1 9
10 9 1 6 12 7 5 8 4 

5935 511477703905688965 1 9
3 5 8 12 10 2 9 0 1 

6118 7612341675211555774 1 9
10 2 9 1 6 12 7 5 8 

5863 17017661340168495035 1 9
6 12 7 5 10 2 9 1 0 

5875 4737602615309383507 1 9
10 9 1 0 6 12 7 5 4 

6117 2902222736697759073 1 9
10 2 9 0 6 12 7 5 8 

5919 4916683570256715007 1 9
3 4 12 8 10 2 9 1 0 

6115 3899399935766139534 1 9
10 9 1 0 6 12 7 5 8 

6132 15264082063251701579 1 9
10 2 9 6 12 7 5 8 4 

6129 1574779700992626967 2 9
9 10 0 6 12 7 5 8 4 
10 9 0 6 12 7 5 8 4 

6101 7190739726274890186 1 9
10 2 9 0 6 12 7 8 4 

6102 6664316089089730840 1 9
10 2 9 1 6 12 7 8 4 

6099 8016901761558604298 1 9
10 9 1 0 6 12 7 8 4 

6070 1510817835722694615 1 9
10 2 9 1 7 5 8 12 4 

6069 11481829366566000418 1 9
10 2 9 0 7 5 8 12 4 

5847 773167440347502207 1 9
6 12 7 4 10 2 9 1 0 

6055 14541843571952030264 1 9
7 5 8 12 10 2 9 1 0 

6039 2634839205323505018 1 9
7 8 12 4 10 2 9 1 0 

6067 7404338624824283393 1 9
10 9 1 0 7 5 8 12 4 

6006 10658954458703116999 1 9
10 2 9 1 6 12 8 5 4 

6087 14495097618379196148 1 9
6 12 7 8 10 2 9 1 0 

5815 17904866494956622504 1 9
7 5 12 4 10 2 9 1 0 

5991 14840348351981618891 1 9
6 12 8 5 10 2 9 1 0 

5975 5894245791615561329 1 9
6 12 8 4 10 2 9 1 0 

5751 12032434839605481938 1 9
12 6 5 4 10 2 9 1 0 

5943 17967900461112418243 1 9
8 5 4 12 10 2 9 1 0 

6005 7155152536731782307 1 9
10 2 9 0 6 12 8 5 4 

5628 9054334992264069120 1 9
3 10 2 6 12 7 5 4 8 

5614 13902915201475629885 1 9
3 1 10 2 6 12 7 5 8 

5626 1234667142478203167 1 9
3 1 10 6 12 7 5 4 8 

5371 3803555988952087107 1 9
3 1 10 0 6 12 7 5 4 

5359 15925032237660890939 1 9
3 6 12 7 5 1 10 2 0 

6003 3984179831836788690 1 9
10 9 1 0 6 12 8 5 4 

5374 13996782044399525314 1 9
3 1 10 2 6 12 7 5 4 

5373 6785487152655107072 1 9
3 10 2 0 6 12 7 5 4 

5598 14842370920161541267 1 9
3 1 10 2 6 12 4 7 8 

5343 4726636144213647255 1 9
3 6 12 4 7 1 10 2 0 

5597 7807601599390333201 1 9
3 10 2 0 6 12 4 7 8 

5625 3381782821348349570 1 9
3 10 0 6 12 7 5 4 8 

5583 4174045585813322971 1 9
3 6 12 7 8 1 10 2 0 

5613 18068601532710541503 1 9
3 10 2 0 6 12 7 5 8 

5311 12953223048323328883 1 9
3 7 5 4 12 10 2 0 1 

5565 7817845223119072451 1 9
3 10 2 0 7 5 4 8 12 

5611 11488323534795532239 1 9
3 1 10 0 6 12 7 5 8 

5551 12043950345418397228 1 9
3 7 5 8 12 10 2 0 1 

5535 6004866921249820936 1 9
3 10 2 0 1 4 7 8 12 

5595 9355612789605083229 1 9
3 1 10 0 6 12 4 7 8 

5566 7458196434330611362 1 9
3 10 2 1 7 5 4 8 12 

5501 10296311704894403872 1 9
3 10 2 0 6 12 4 5 8 

5247 11752484232244891944 1 9
3 6 12 4 5 1 10 2 0 

5487 6127924245724287215 1 9
3 6 12 5 8 1 10 2 0 

5563 1620849370540347017 1 9
3 10 0 1 7 5 4 8 12 

5619 6249768785638674947 2 9
1 10 0 6 12 7 5 8 4 
10 1 0 6 12 7 5 8 4 

5502 5972275397490117987 1 9
3 1 10 2 6 12 4 5 8 

5439 4563255732161053207 1 9
3 10 2 0 1 4 5 8 12 

5367 8975955067982414487 1 9
10 2 1 0 6 12 7 5 4 

5499 17029672228494987735 1 9
3 1 10 0 6 12 4 5 8 

5621 5759989838047933237 1 9
2 10 0 6 12 7 5 8 4 

5591 11076711195612497927 1 9
10 2 1 0 6 12 7 8 4 

5471 16971744329449310356 1 9
3 6 12 4 8 1 10 2 0 

5495 4963501631204714203 1 9
10 2 1 0 6 12 8 5 4 

4862 10526918761979369080 1 9
3 1 9 2 6 12 7 5 4 

5622 14188550331489576043 1 9
10 2 1 6 12 7 5 8 4 

4861 5071832333977966403 1 9
3 0 9 2 6 12 7 5 4 

5607 16241893682090585945 1 9
10 2 1 0 6 12 7 5 8 

5102 7884640043736692069 1 9
3 1 9 2 6 12 7 5 8 

5559 800386791107353834 1 9
10 2 1 0 7 5 8 12 4 

4859 10172340778554318842 1 9
3 1 0 9 6 12 7 5 4 

5113 7650576240795912572 1 9
3 0 9 6 12 7 5 8 4 

5099 16286291561237663812 1 9
3 1 0 9 6 12 7 5 8 

5116 13845238021869138717 1 9
3 9 2 6 12 7 5 8 4 

4831 11443778837669010244 1 9
3 6 12 7 4 1 0 9 2 

5114 15079188997897827526 1 9
3 1 9 6 12 7 5 8 4 

5086 1909895705046993095 1 9
3 1 9 2 6 12 7 8 4 

5071 4210139035036248409 1 9
3 6 12 7 8 1 0 9 2 

4847 12094369842327973581 1 9
3 6 12 7 5 1 0 9 2 

5054 920484986163576923 1 9
3 9 1 2 7 5 8 12 4 

5101 176251636962337727 1 9
3 0 9 2 6 12 7 5 8 

5039 6013817754821344232 1 9
3 7 5 8 12 0 9 1 2 

4799 9049771649585477619 1 9
3 7 5 12 4 0 9 1 2 

5053 13625032611476768593 1 9
3 0 9 2 7 5 8 12 4 

5085 13970008735834122001 1 9
3 0 9 2 6 12 7 8 4 

5083 2140004626479151284 1 9
3 1 0 9 6 12 7 8 4 

4990 14212775729213697618 1 9
3 1 9 2 6 12 8 5 4 

4735 4730277145523825272 1 9
3 6 12 5 4 1 0 2 9 

4989 17954275366283517941 1 9
3 0 2 9 6 12 5 8 4 

5023 10425732940829294016 1 9
3 7 8 12 4 0 9 1 2 

5051 15532821069109055503 1 9
3 0 9 1 7 5 8 12 4 

4959 9959259393640948076 1 9
3 6 12 4 8 1 2 0 9 

5107 4799790200335514764 2 9
1 9 0 6 12 7 5 8 4 
9 1 0 6 12 7 5 8 4 

4855 11380365973294107549 1 9
2 0 9 1 6 12 7 5 4 

5110 15980124977609802622 1 9
9 2 1 6 12 7 5 8 4 

4975 9210715161256814048 1 9
3 6 12 5 8 1 0 2 9 

5109 18344651489422668582 1 9
2 0 9 6 12 7 5 8 4 

4987 1005889957849772630 1 9
3 1 0 9 6 12 5 8 4 

5079 374954720139900444 1 9
2 0 9 1 6 12 7 8 4 

4983 17236639363891024158 1 9
2 0 9 1 6 12 8 5 4 

4351 10027364193863231561 1 9
3 1 0 2 6 12 7 5 4 

5095 2211972989936593093 1 9
2 0 9 1 6 12 7 5 8 

4927 2822918423992909165 1 9
3 5 8 4 12 0 2 9 1 

4605 6595445545807698942 1 9
3 0 2 6 12 7 5 8 4 

5047 5512677684336885160 1 9
2 0 9 1 7 5 8 12 4 

4575 3817269069655698816 1 9
3 1 0 2 6 12 7 8 4 

3834 1631845338988024175 1 9
3 1 10 9 11 6 7 5 4 

4543 413054766665468516 1 9
3 0 1 2 7 5 8 12 4 

4599 492262179713171277 2 9
0 2 1 6 12 7 5 8 4 
2 0 1 6 12 7 5 8 4 

4606 16617282398489637891 1 9
3 1 2 6 12 7 5 8 4 

4088 18040882808691982829 1 9
3 10 9 11 7 5 4 8 6 

4591 13939789864376224497 1 9
3 1 0 2 6 12 7 5 8 

3833 3208872786478206661 1 9
3 7 5 4 6 10 0 9 11 

4603 16529028343547488991 1 9
3 1 0 6 12 7 5 8 4 

4076 14974339986823728880 1 9
3 7 5 8 6 10 2 9 11 

4074 7001172308791513205 1 9
3 1 10 9 11 6 7 5 8 

4479 12048640328826155831 1 9
3 1 0 2 6 12 5 8 4 

3836 6774623484987730029 1 9
3 7 5 4 6 10 2 9 11 

4060 2718350812964082756 1 9
3 10 2 9 11 4 7 6 8 

3806 6371582224147461202 1 9
3 6 4 7 1 10 2 9 11 

3822 7508219305645144187 1 9
3 6 7 5 1 10 2 9 11 

4058 8510500700989256955 1 9
3 6 4 7 8 1 10 9 11 

3821 3348032564691700151 1 9
3 7 5 6 10 2 0 9 11 

4046 17751562041857828794 1 9
3 6 7 8 1 10 2 9 11 

3805 17941632673999136897 1 9
3 4 7 6 10 2 0 9 11 

3803 3700920834036133254 1 9
3 6 4 7 1 10 0 9 11 

3819 14749021327259336826 1 9
3 6 7 5 1 10 0 9 11 

4045 10442659656397752279 1 9
3 7 6 8 10 2 0 9 11 

4073 3455617809198309249 1 9
3 7 5 8 6 10 0 9 11 

4043 16346450942706060648 1 9
3 6 7 8 1 10 0 9 11 

4057 8190824406683318259 1 9
3 10 0 9 11 4 7 6 8 

3791 11449611690006556375 1 9
3 6 7 1 10 2 0 9 11 

4026 14196690484833002328 1 9
3 7 5 4 8 10 9 11 1 

3773 2247599965394202534 1 9
3 7 5 4 10 2 0 9 11 

4025 1554103351384473359 1 9
3 7 5 4 8 10 0 9 11 

4013 1893300898348361378 1 9
3 7 5 8 10 2 0 9 11 

3998 17582151992869206152 1 9
3 4 7 8 10 2 9 1 11 

3774 17081307932145636581 1 9
3 7 5 4 10 2 9 11 1 

4011 15604930393326130567 1 9
3 7 5 8 10 0 9 11 1 

4028 1927101564601252688 1 9
3 7 5 4 8 10 2 9 11 

3759 1819715537752176897 1 9
3 7 5 10 2 0 9 11 1 

3743 4326584009505392838 1 9
3 4 7 10 2 0 9 1 11 

3771 6145264393895441859 1 9
3 7 5 4 10 0 9 11 1 

4014 10175694950248818977 1 9
3 7 5 8 10 2 9 11 1 

3964 7618195445764304203 1 9
3 10 2 9 11 4 5 8 6 

3983 11701871011493904962 1 9
3 7 8 10 2 0 9 1 11 

3997 1586169312840234292 1 9
3 4 7 8 10 2 0 9 11 

3962 9823050640557536488 1 9
3 6 4 5 8 1 10 9 11 

3995 3540634086385068788 1 9
3 4 7 8 10 0 9 1 11 

3950 958268422324053981 1 9
3 6 5 8 1 10 2 9 11 

3961 5829790287831731967 1 9
3 10 9 11 0 4 5 8 6 

3707 13872380359962169657 1 9
3 6 4 5 1 10 9 11 0 

3934 12484155037286333018 1 9
3 6 4 8 1 10 2 9 11 

3947 10154737583026958510 1 9
3 6 5 8 1 10 9 11 0 

3710 14168555749443731923 1 9
3 6 4 5 1 10 2 9 11 

3709 8552790852951683231 1 9
3 4 5 6 10 2 9 11 0 

3933 15396072677810057358 1 9
3 4 6 8 10 2 9 0 11 

3949 13143101658105015701 1 9
3 5 8 6 10 2 9 11 0 

3902 14421060947064834445 1 9
3 4 5 8 10 2 9 11 1 

3695 109309880849042431 1 9
3 6 5 1 10 2 9 11 0 

3901 7676903933481768465 1 9
3 4 5 8 10 2 9 11 0 

3919 2087284712050642230 1 9
3 6 8 1 10 2 9 11 0 

3647 15307109664120610304 1 9
3 4 5 10 2 9 11 1 0 

3887 5097230453382752788 1 9
3 5 8 10 2 9 11 1 0 

3679 7229307479912327019 1 9
3 6 4 1 10 2 9 11 0 

3931 7250655424108629257 1 9
3 6 4 8 1 10 9 11 0 

4084 7438599301574795021 1 9
10 2 9 11 7 5 8 6 4 

3830 10046245458291516168 1 9
7 5 6 4 10 2 9 1 11 

3899 45415340500597335 1 9
3 4 5 8 10 9 11 1 0 

4070 8884069143154251257 1 9
7 5 8 6 10 2 9 1 11 

3871 13268744524162850104 1 9
3 4 8 10 2 9 1 11 0 

3827 11793542315071343774 1 9
7 5 6 4 10 9 1 11 0 

4081 1393002389328644706 1 9
9 10 11 0 7 5 8 6 4 

4069 3850610796177439307 1 9
7 5 8 6 10 2 9 0 11 

3815 15796385788979832052 1 9
7 5 6 10 2 9 1 11 0 

3829 3452152648645620942 1 9
7 5 6 4 10 2 9 0 11 

4039 16422015930092793587 2 9
7 6 8 10 2 9 1 11 0 
7 8 6 10 2 9 1 11 0 

4082 15493248821085878144 1 9
10 9 1 11 7 5 8 6 4 

4053 1467386501408722687 1 9
7 8 6 4 10 2 9 0 11 

3799 11470859042125791460 1 9
7 6 4 10 2 9 1 11 0 

4054 6440503079564546470 1 9
7 8 6 4 10 2 9 1 11 

4067 13767572284043800366 1 9
7 5 8 6 10 9 1 11 0 

4021 16280080775608143754 1 9
7 5 8 4 10 2 9 0 11 

4019 12336268166708559328 1 9
7 5 8 4 10 9 1 11 0 

3767 13943075802800945045 1 9
7 5 4 10 2 9 1 11 0 

3703 15196092269940415378 2 9
4 6 5 10 2 9 1 11 0 
6 4 5 10 2 9 1 11 0 

3991 16491979882993658120 1 9
8 7 4 10 2 9 1 11 0 

4022 8183008980553313309 1 9
7 5 8 4 10 2 9 1 11 

4051 11504729667585406060 1 9
7 8 6 4 10 9 1 11 0 

3957 4263032413956242260 1 9
8 5 4 6 10 2 9 0 11 

3927 6509804057998762319 1 9
8 4 6 10 2 9 1 11 0 

4007 5314629073831297860 1 9
7 5 8 10 2 9 1 11 0 

3326 18193861474432363750 1 9
3 1 10 2 11 6 7 5 4 

3958 10717660838605409177 1 9
8 5 4 6 10 2 9 1 11 

3895 7869277928493940774 1 9
8 5 4 10 2 9 1 11 0 

3578 12421381573475162019 1 9
3 1 10 11 6 7 5 4 8 

3323 9005101086951557404 1 9
3 1 10 0 11 6 7 5 4 

3955 9517439137774708131 1 9
8 5 4 6 10 9 1 11 0 

3577 15337870443744669990 1 9
3 10 0 11 7 5 4 8 6 

3943 18057620408443616774 1 9
8 5 6 10 2 9 1 11 0 

3566 15152141207253362100 1 9
3 1 10 2 11 6 7 5 8 

3563 16990925208226273501 1 9
3 1 10 0 11 6 7 5 8 

3580 5993729668265714448 1 9
3 10 2 11 7 5 4 8 6 

3325 933464181063255437 1 9
3 7 5 4 6 10 2 0 11 

3549 15814517763032968956 1 9
3 10 2 0 11 4 7 6 8 

3550 8047265430158901333 1 9
3 6 4 7 8 1 10 2 11 

3295 4918195105441877978 1 9
3 6 4 7 1 10 2 0 11 

3565 5643866231911954272 1 9
3 7 5 8 6 10 2 0 11 

3311 16528715518906585585 1 9
3 6 7 5 1 10 2 0 11 

3518 16579815721576936392 1 9
3 7 5 4 8 10 2 11 1 

3517 5604789181689331431 1 9
3 7 5 4 8 10 2 0 11 

3263 6812218489524826708 1 9
3 7 5 4 10 2 0 11 1 

3503 17111508411291896073 1 9
3 7 5 8 10 2 0 11 1 

3547 327699988248284128 1 9
3 6 4 7 8 1 10 0 11 

3535 2250519401231581392 1 9
3 6 7 8 1 10 2 0 11 

3454 6133179955867997931 1 9
3 6 4 5 8 1 10 2 11 

3199 18078299874117811300 1 9
3 6 4 5 1 10 2 11 0 

3451 2524888866521914655 1 9
3 1 10 11 0 6 4 5 8 

3423 6068970768519596613 1 9
3 6 4 8 1 10 2 11 0 

3515 9466785682875253768 1 9
3 7 5 4 8 10 0 11 1 

3487 14084677952183001288 1 9
3 4 7 8 10 2 0 1 11 

3574 3214101575271267669 1 9
10 2 1 11 7 5 8 6 4 

3391 461591714109246234 1 9
3 4 5 8 10 2 11 1 0 

3573 3510311807931189775 1 9
2 10 0 11 7 5 8 6 4 

3453 18129238351484815101 1 9
3 10 2 11 0 4 5 8 6 

3559 13445386013035462282 1 9
7 5 8 6 10 2 1 11 0 

3439 3176990284992991510 1 9
3 6 5 8 1 10 2 11 0 

3543 8862200389391467162 1 9
7 8 6 4 10 2 1 11 0 

3068 3421044881960876309 1 9
3 9 11 2 7 5 8 6 4 

3319 4251170097359055720 1 9
7 5 6 4 10 2 1 11 0 

3447 13676563373789207840 1 9
8 5 4 6 10 2 1 11 0 

3571 12232154463616475248 1 9
1 11 10 0 7 5 8 6 4 

2813 4755788056996773937 1 9
3 7 5 6 4 0 9 11 2 

2811 2742430861006513177 1 9
3 1 0 9 11 6 7 5 4 

3054 9877228370014110793 1 9
3 1 9 11 2 6 7 5 8 

3511 17344593484410492044 1 9
7 5 8 4 10 2 1 11 0 

3065 9951917924543652946 1 9
3 0 9 11 7 5 8 6 4 

2814 14496561670139660590 1 9
3 1 9 11 2 6 7 5 4 

2799 12325685776737519872 1 9
3 6 7 5 1 0 9 11 2 

3038 599821683865489912 1 9
3 6 7 8 4 1 9 11 2 

3066 11467475001289213795 1 9
3 1 9 11 6 7 5 8 4 

3035 4888976845414356831 1 9
3 6 7 8 4 1 0 9 11 

3053 18395939804335134589 1 9
3 7 5 8 6 0 9 11 2 

2783 10894955902075228499 1 9
3 6 7 4 1 0 9 11 2 

3006 14836869559232470967 1 9
3 7 5 8 4 9 11 1 2 

3051 8236860452762851735 1 9
3 1 0 9 11 6 7 5 8 

3005 10036460961995775876 1 9
3 7 5 8 4 0 9 11 2 

2751 18374486234104909760 1 9
3 7 5 4 0 9 11 1 2 

2991 7609039924869730296 1 9
3 7 5 8 0 9 11 1 2 

2975 1705084763710494138 1 9
3 7 8 4 0 9 1 11 2 

3037 1551669990742146533 1 9
3 7 8 6 4 0 9 2 11 

3023 7351834745992732130 1 9
3 6 7 8 1 0 9 11 2 

2939 16510876344802864470 1 9
3 1 11 0 9 6 5 8 4 

2687 8126572069691352234 1 9
3 6 5 4 1 11 0 2 9 

3003 1173110918608718010 1 9
3 7 5 8 4 0 9 11 1 

2911 17481869138599615150 1 9
3 6 4 8 1 11 2 0 9 

2942 2130084986402932974 1 9
3 1 11 9 2 6 5 8 4 

2879 5692150122124657071 1 9
3 5 8 4 11 1 0 2 9 

3062 12793761431477527487 1 9
11 1 9 2 7 5 8 6 4 

3047 3604668240817751267 1 9
7 5 8 6 11 1 2 0 9 

2941 15009356890828215710 1 9
3 5 8 4 6 11 0 2 9 

3059 15852644736265063812 1 9
11 1 9 0 7 5 8 6 4 

3031 15342081918868486612 1 9
7 8 6 4 11 1 2 0 9 

2927 9373362061478652640 1 9
3 6 5 8 1 11 0 2 9 

2999 15193672447924014812 1 9
7 5 8 4 11 1 2 0 9 

3061 728859275989764353 1 9
2 0 9 11 7 5 8 6 4 

2303 469570808124051750 1 9
3 1 0 11 2 6 7 5 4 

2807 17644721885299766696 1 9
7 5 6 4 11 1 2 0 9 

2557 4178477896057886294 1 9
3 0 11 2 7 5 8 6 4 

2527 11988335149961996806 1 9
3 6 7 8 4 1 0 11 2 

2495 4679893526676151774 1 9
3 7 5 8 4 0 11 1 2 

2558 4806990268570142741 1 9
3 1 11 2 6 7 5 8 4 

2935 16866720073560133051 1 9
8 5 4 6 11 1 2 0 9 

2431 18303011278283568076 1 9
3 1 11 0 2 6 5 8 4 

1790 4726021925321235854 1 9
3 1 10 2 9 6 7 5 4 

2551 6015495861972368985 1 9
11 1 2 0 7 5 8 6 4 

1789 17750704709762234970 1 9
3 7 5 4 6 10 2 0 9 

2555 2524266256452805090 1 9
3 1 0 11 6 7 5 8 4 

2543 16231986695288628958 1 9
3 1 0 11 2 6 7 5 8 

2030 3558279489256201605 1 9
3 1 10 2 9 6 7 5 8 

2029 10287181447645119193 1 9
3 7 5 8 6 10 2 0 9 

2044 12353768324033921377 1 9
3 10 2 9 7 5 4 8 6 

2042 150258333260407216 1 9
3 1 10 9 6 7 5 4 8 

1775 7084142498415694341 1 9
3 6 7 5 1 10 2 0 9 

2014 4066501082260240689 1 9
3 6 4 7 8 1 10 2 9 

2013 6868522371275770635 1 9
3 10 2 0 9 4 7 6 8 

1759 3740977305613239531 1 9
3 6 4 7 1 10 2 0 9 

1982 11566052282894938473 1 9
3 7 5 4 8 10 2 9 1 

1787 17745042746358524866 1 9
3 1 10 0 9 6 7 5 4 

2027 17688649378097771027 1 9
3 1 10 0 9 6 7 5 8 

2041 4351045156055586007 1 9
3 10 0 9 7 5 4 8 6 

2011 1405224988514314257 1 9
3 6 4 7 8 1 10 0 9 

1999 14703983216552198316 1 9
3 6 7 8 1 10 2 0 9 

1967 4702148999285134513 1 9
3 7 5 8 10 2 0 9 1 

1918 2778143980268344753 1 9
3 6 4 5 8 1 10 2 9 

1951 8881938220300496394 1 9
3 4 7 8 10 2 0 9 1 

1727 10173012951060944794 1 9
3 7 5 4 10 2 0 9 1 

1887 9020846279101740046 1 9
3 6 4 8 1 10 2 9 0 

1855 8590744007442470628 1 9
3 4 5 8 10 2 9 0 1 

1663 16085315958761758538 1 9
3 6 4 5 1 10 2 9 0 

1981 4771261039781663916 1 9
3 7 5 4 8 10 2 0 9 

1979 17628884375595095557 1 9
3 7 5 4 8 10 0 9 1 

1903 11201440411927664635 1 9
3 6 5 8 1 10 2 9 0 

2038 4548456134978214228 1 9
10 2 9 1 7 5 8 6 4 

1917 15958424988018795392 1 9
3 10 2 9 0 4 5 8 6 

1915 9679734278168652538 1 9
3 6 4 5 8 1 10 9 0 

2035 16565171424206309635 1 9
10 9 1 0 7 5 8 6 4 

2023 15307014925859000144 1 9
7 5 8 6 10 2 9 1 0 

1533 9522503199546528726 1 9
3 10 2 0 7 5 4 8 6 

1975 5237356186103860737 1 9
7 5 8 4 10 2 9 1 0 

2037 12554352928494578666 1 9
10 2 9 0 7 5 8 6 4 

1783 17202137955083569407 1 9
7 5 6 4 10 2 9 1 0 

1519 16324876630723957235 1 9
3 1 10 2 0 6 7 5 8 

1911 6484199534387358855 1 9
8 5 4 6 10 2 9 1 0 

1531 14115257493903702742 1 9
3 1 10 0 6 7 5 4 8 

1534 3778330342914404444 1 9
3 1 10 2 6 7 5 4 8 

2007 17901576073784777231 1 9
7 8 6 4 10 2 9 1 0 

1279 5954745658010695552 1 9
3 1 10 2 0 6 7 5 4 

991 8630218724400634597 1 9
3 6 7 8 4 1 0 9 2 

1021 10827705348279075095 1 9
3 0 9 2 7 5 8 6 4 

1503 16526340903478472628 1 9
3 6 4 7 8 1 10 2 0 

959 8854718498994173265 1 9
3 7 5 8 4 0 9 1 2 

1007 13114168648076570107 1 9
3 1 0 9 2 6 7 5 8 

1471 10908098183891377786 1 9
3 7 5 4 8 10 2 0 1 

1022 9966276810576762336 1 9
3 1 9 2 6 7 5 8 4 

767 8329311297072863913 1 9
3 1 0 9 2 6 7 5 4 

1019 16797045396939933176 1 9
3 1 0 9 6 7 5 8 4 

895 14341010748807256667 1 9
3 1 0 2 9 6 5 8 4 

1407 10402917067364509284 1 9
3 6 4 5 8 1 10 2 0 

1527 15432113400209306979 1 9
10 2 1 0 7 5 8 6 4 

511 6732561395032474508 1 9
3 1 0 2 6 7 5 8 4 

1015 1222893749818323037 1 9
2 0 9 1 7 5 8 6 4 

7882 13312739489982626324 1 8
3 6 12 7 1 10 9 11 

7896 2012366075327801232 1 8
3 10 9 11 6 12 4 7 

8136 3635028565555989542 1 8
3 10 9 11 6 12 7 8 

7852 16821831248180473445 1 8
3 7 5 12 10 2 9 11 

7864 11331582243391368695 1 8
3 10 9 11 7 5 4 12 

7912 664108261802167141 1 8
3 10 9 11 6 12 7 5 

7884 9683479806481643970 1 8
3 6 12 7 10 2 9 11 

8104 6824913908020683754 1 8
3 10 9 11 7 5 8 12 

7836 12903006236703511054 1 8
3 4 7 12 10 2 9 11 

7849 266840440243050333 1 8
3 7 5 12 10 0 9 11 

7881 14329231268821206610 1 8
3 6 12 7 10 0 9 11 

8088 4169751808152778954 1 8
3 10 9 11 4 7 8 12 

7850 5683612148801177093 1 8
3 7 5 12 10 9 11 1 

7833 15589970740108569629 1 8
3 4 7 12 10 0 9 11 

8076 14940511786183707946 1 8
3 7 8 12 10 2 9 11 

7834 14495718271264067454 1 8
3 4 7 12 10 9 11 1 

7821 6496553501749421077 1 8
3 7 12 10 2 0 9 11 

7819 2453891719071550472 1 8
3 7 12 10 0 9 11 1 

7822 13497610790139093674 1 8
3 7 12 10 2 9 11 1 

7800 6836530326443052241 1 8
3 10 9 11 12 6 4 5 

7788 18440344138066428371 1 8
3 12 6 5 10 2 9 11 

7786 13943416798590910829 1 8
3 6 12 5 1 10 9 11 

8074 15125584597425856781 1 8
3 7 8 12 10 9 11 1 

7772 9459236287067992517 1 8
3 12 6 4 10 2 9 11 

7770 5539076331995136436 1 8
3 6 12 4 1 10 9 11 

8073 4138397342183093916 1 8
3 7 8 12 10 0 9 11 

8024 13379099457492071379 1 8
3 10 9 11 12 6 4 8 

8012 12015414199728069304 1 8
3 12 6 8 10 2 9 11 

8040 15408516473287132149 1 8
3 10 9 11 12 6 5 8 

8010 4428630231787757192 1 8
3 6 12 8 1 10 9 11 

7785 9483619856775206781 1 8
3 12 6 5 10 9 11 0 

7757 7484207096692224716 1 8
3 12 6 10 2 9 11 0 

7738 11546648008220080881 1 8
3 4 5 12 10 9 11 1 

7740 12237945526066041329 1 8
3 4 5 12 10 2 9 11 

7758 10583342762104597594 1 8
3 6 12 1 10 2 9 11 

7769 14924861763901842987 1 8
3 12 6 4 10 9 11 0 

7992 13266521762447612941 1 8
3 10 9 11 4 5 12 8 

7980 16331954538742894254 1 8
3 5 12 8 10 2 9 11 

7978 11734459052125297449 1 8
3 5 12 8 10 9 11 1 

7755 18306212700421459785 1 8
3 6 12 1 10 9 11 0 

8009 2263933242054464999 1 8
3 12 6 8 10 9 11 0 

7725 12591365585059054869 1 8
3 5 12 10 2 9 11 0 

7964 6603849431237858702 1 8
3 4 12 8 10 2 9 11 

7723 15387099444487032180 1 8
3 5 12 10 9 11 1 0 

7726 7058049903312838983 1 8
3 5 12 10 2 9 11 1 

7737 16029695422382888099 1 8
3 4 5 12 10 9 11 0 

7709 3699692198386136724 1 8
3 4 12 10 2 9 11 0 

7962 12808548787143787120 1 8
3 4 12 8 10 9 11 1 

7695 17391781292532715087 2 8
3 12 10 2 9 11 1 0 
12 3 10 2 9 11 1 0 

7977 14478435225483829880 1 8
3 5 12 8 10 9 11 0 

7710 1081353787200123210 1 8
3 4 12 10 2 9 11 1 

7707 18087938867452517274 1 8
3 4 12 10 9 11 1 0 

7906 12759364505480176247 1 8
6 12 7 5 10 9 1 11 

7908 9920619850220962095 1 8
6 12 7 5 10 2 9 11 

7947 5033559105573024940 1 8
3 12 8 10 9 11 1 0 

7961 13657298221410241762 1 8
3 4 12 8 10 9 11 0 

7950 3785023098873205055 1 8
3 12 8 10 2 9 11 1 

8160 8410923364285475243 1 8
9 10 11 6 12 7 5 8 

7890 18182191403713432610 1 8
6 12 7 4 10 9 1 11 

7905 12329753038303680190 1 8
6 12 7 5 9 10 11 0 

7889 5094922095426342020 1 8
6 12 7 4 9 10 11 0 

7949 4769398207601190467 1 8
3 12 8 10 2 9 11 0 

7920 18326744146466654412 1 8
9 10 11 6 12 7 5 4 

8132 17940091781188137784 1 8
6 12 7 8 10 2 9 11 

7892 10884193678379677602 1 8
6 12 7 4 10 2 9 11 

8130 7069012193506500396 1 8
6 12 7 8 10 9 1 11 

8144 14419498873160004867 1 8
9 10 11 6 12 7 8 4 

7875 10673317222465307415 1 8
6 12 7 10 9 1 11 0 

8129 11335077895055938396 1 8
6 12 7 8 9 10 11 0 

7860 9107530296328332542 1 8
7 5 12 4 10 2 9 11 

8112 12404218646027818386 1 8
9 10 11 7 5 8 12 4 

7878 5357447992616661665 1 8
6 12 7 10 2 9 1 11 

7857 6263439044538033526 1 8
7 5 12 4 9 10 11 0 

7877 14006944287802751479 1 8
6 12 7 10 2 9 0 11 

8100 11035668935803784829 1 8
7 5 8 12 10 2 9 11 

7858 3263917092167941815 1 8
7 5 12 4 10 9 1 11 

8098 17808646192221851831 1 8
7 5 8 12 10 9 1 11 

7846 6289853942481670361 1 8
7 5 12 10 2 9 1 11 

7830 9335061992681509563 1 8
7 12 4 10 2 9 1 11 

8097 1185883941963557006 1 8
7 5 8 12 9 10 11 0 

7829 3924661037774780005 1 8
7 12 4 10 2 9 0 11 

8082 221281419267058715 1 8
7 8 12 4 10 9 1 11 

7845 546056132787486031 1 8
7 5 12 10 2 9 0 11 

8070 9333681891152175373 1 8
7 8 12 10 2 9 1 11 

7827 14239284806994652037 1 8
7 12 4 10 9 1 11 0 

7843 8487394285587856496 1 8
7 5 12 10 9 1 11 0 

7815 2765971019441891489 1 8
7 12 10 2 9 1 11 0 

8084 11884423206269548624 1 8
10 2 9 11 7 8 12 4 

7796 16292471420871835095 1 8
12 6 5 4 10 2 9 11 

8081 584219359993903530 1 8
7 8 12 4 9 10 11 0 

7794 12684334206432015590 1 8
12 6 5 4 10 9 1 11 

8036 5748938387036015966 1 8
6 12 8 5 10 2 9 11 

8069 18132470863893955216 1 8
7 8 12 10 2 9 0 11 

8048 7595502789986093572 1 8
9 10 11 6 12 8 5 4 

7781 15270469720001850196 1 8
12 6 5 10 2 9 0 11 

8034 1638791239016137962 1 8
6 12 8 5 10 9 1 11 

8067 17579268329531880052 1 8
7 8 12 10 9 1 11 0 

8033 3585665177752924730 1 8
6 12 8 5 9 10 11 0 

7766 3128905694580072043 1 8
6 12 4 10 2 9 1 11 

7782 5058144735941860845 1 8
12 6 5 10 2 9 1 11 

7793 11125333407744830739 1 8
12 6 5 4 9 10 11 0 

8018 4253411314202615009 1 8
6 12 8 4 10 9 1 11 

8006 17195330924156396854 1 8
6 12 8 10 2 9 1 11 

7751 8671036089891964331 2 8
6 12 10 2 9 1 11 0 
12 6 10 2 9 1 11 0 

8020 18363431950314901046 1 8
6 12 8 4 10 2 9 11 

8017 7119945613777008951 1 8
6 12 8 4 9 10 11 0 

7779 7399709237677946705 1 8
12 6 5 10 9 1 11 0 

7733 8015421497544193467 2 8
5 12 4 10 2 9 0 11 
12 5 4 10 2 9 0 11 

8003 10992615871652609598 1 8
6 12 8 10 9 1 11 0 

7765 16677562091121425113 1 8
6 12 4 10 2 9 0 11 

7731 8475573074938163532 2 8
5 12 4 10 9 1 11 0 
12 5 4 10 9 1 11 0 

7988 15984589197566450066 1 8
10 2 9 11 8 5 4 12 

7763 17181851755417758165 1 8
6 12 4 10 9 1 11 0 

7974 11427412798038305473 1 8
5 8 12 10 2 9 1 11 

7734 14104095787168986911 2 8
5 12 4 10 2 9 1 11 
12 5 4 10 2 9 1 11 

8005 1785654575544506554 1 8
6 12 8 10 2 9 0 11 

7985 14880636195600660615 1 8
9 10 11 0 8 5 4 12 

7957 17118092582522557860 2 8
4 8 12 10 2 9 0 11 
8 4 12 10 2 9 0 11 

7973 15233286510341046535 1 8
5 8 12 10 2 9 0 11 

7986 7920977816453970145 1 8
10 9 1 11 8 5 4 12 

7971 17433155496986874027 1 8
5 8 12 10 9 1 11 0 

7719 14777819141078114443 2 8
5 12 10 2 9 1 11 0 
12 5 10 2 9 1 11 0 

7402 9594038776976896543 1 8
3 1 10 11 6 12 7 5 

7416 18244313482800461477 1 8
3 10 11 6 12 7 5 4 

7958 4539917815500721127 2 8
4 8 12 10 2 9 1 11 
8 4 12 10 2 9 1 11 

7401 6867158642654249990 1 8
3 10 0 11 6 12 7 5 

7386 8118406174077302919 1 8
3 1 10 11 6 12 4 7 

7656 10706818773670405743 1 8
3 10 11 6 12 7 5 8 

7955 9719864074437613994 2 8
4 8 12 10 9 1 11 0 
8 4 12 10 9 1 11 0 

7374 13901504603067717241 1 8
3 6 12 7 1 10 2 11 

7640 929327994070333215 1 8
3 10 11 6 12 4 7 8 

7404 17893189737753299756 1 8
3 10 2 11 6 12 7 5 

7628 7226176393444417360 1 8
3 10 2 11 6 12 7 8 

7388 7627572307566406790 1 8
3 10 2 11 6 12 4 7 

7626 5130524841486211087 1 8
3 1 10 11 6 12 7 8 

7385 12361465822668584740 1 8
3 10 0 11 6 12 4 7 

7625 13471616911803027951 1 8
3 10 0 11 6 12 7 8 

7342 7835306921586458991 1 8
3 7 5 12 10 2 11 1 

7354 7652763342300370189 1 8
3 10 11 1 7 5 4 12 

7373 15660792254679566444 1 8
3 6 12 7 10 2 0 11 

7353 16861061833775117601 1 8
3 10 0 11 7 5 4 12 

7608 12580908490674463942 1 8
3 10 11 7 5 4 8 12 

7371 1259868205531153422 1 8
3 6 12 7 1 10 0 11 

7594 11666905549937070040 1 8
3 10 11 1 7 5 8 12 

7339 14056587055943202865 1 8
3 7 5 12 10 0 11 1 

7356 1503294112458496976 1 8
3 10 2 11 7 5 4 12 

7326 17277194401903499963 1 8
3 4 7 12 10 2 11 1 

7596 17482244329308912905 1 8
3 10 2 11 7 5 8 12 

7580 4222588901623427104 1 8
3 10 2 11 4 7 8 12 

7341 15234386546112016837 1 8
3 7 5 12 10 2 0 11 

7578 6659711343226936806 1 8
3 10 11 1 4 7 8 12 

7566 13399027716035402779 1 8
3 7 8 12 10 2 11 1 

7311 4408852757111458148 1 8
3 7 12 10 2 0 11 1 

7577 18044728630856763539 1 8
3 10 0 11 4 7 8 12 

7593 15870487911307589908 1 8
3 10 0 11 7 5 8 12 

7325 11572284457117239882 1 8
3 4 7 12 10 2 0 11 

7563 10330866901321315452 1 8
3 7 8 12 10 0 11 1 

7290 7823237093816226068 1 8
3 1 10 11 6 12 4 5 

7323 624704406838440633 1 8
3 4 7 12 10 0 11 1 

7289 17467998725657648121 1 8
3 10 11 0 12 6 4 5 

7544 10229603732046978420 1 8
3 10 11 12 6 4 5 8 

7565 10499408266580592125 1 8
3 7 8 12 10 2 0 11 

7292 17101042049664832292 1 8
3 10 2 11 12 6 4 5 

7262 5299600615330333830 1 8
3 6 12 4 1 10 2 11 

7275 7795023611825250011 1 8
3 6 12 5 1 10 11 0 

7530 9191265592614391721 1 8
3 1 10 11 6 12 5 8 

7516 8332038017825310463 1 8
3 10 2 11 12 6 4 8 

7278 9779877928713529094 1 8
3 6 12 5 1 10 2 11 

7261 8092677705967017400 1 8
3 12 6 4 10 2 11 0 

7532 12701604883000487221 1 8
3 10 2 11 12 6 5 8 

7514 10069581840073952721 1 8
3 1 10 11 6 12 4 8 

7259 16681059785141488570 1 8
3 6 12 4 1 10 11 0 

7513 9885555578955452507 1 8
3 10 11 0 12 6 4 8 

7277 5366293215286048551 1 8
3 12 6 5 10 2 11 0 

7529 4196348699328565913 1 8
3 10 11 0 12 6 5 8 

7502 5238350794192368314 1 8
3 6 12 8 1 10 2 11 

7230 14180138692287578528 1 8
3 4 5 12 10 2 11 1 

7484 16003484104757949479 1 8
3 10 2 11 4 5 12 8 

7247 17607506927088755327 1 8
3 6 12 1 10 2 11 0 

7482 3168932746923063201 1 8
3 10 11 1 4 5 12 8 

7229 14958281461003012283 1 8
3 4 5 12 10 2 11 0 

7227 8691491960059705359 1 8
3 4 5 12 10 11 1 0 

7481 16973050888934987831 1 8
3 10 11 0 4 5 12 8 

7215 12625211060051491661 1 8
3 5 12 10 2 11 1 0 

7467 6846908150597828742 1 8
3 5 12 8 10 11 1 0 

7501 12105318407823022339 1 8
3 12 6 8 10 2 11 0 

7499 17156411159039119259 1 8
3 6 12 8 1 11 10 0 

7470 13175243522835609229 1 8
3 5 12 8 10 2 11 1 

7469 8221124807103492185 1 8
3 5 12 8 10 2 11 0 

7453 13410109144167450111 1 8
3 4 12 8 10 2 11 0 

7664 11295342060024987400 2 8
10 11 6 12 7 5 8 4 
11 10 6 12 7 5 8 4 

7398 4904122711766705049 1 8
6 12 7 5 10 2 1 11 

7451 7966697638893063990 1 8
3 4 12 8 10 11 1 0 

7410 70559687825788215 1 8
1 11 10 6 12 7 5 4 

7409 5206205649366796733 1 8
11 0 10 6 12 7 5 4 

7454 9290938436895244299 1 8
3 4 12 8 10 2 11 1 

7397 7958686349900274298 1 8
6 12 7 5 2 10 0 11 

7199 16236901836504758144 1 8
3 4 12 10 2 11 1 0 

7652 3150149124860298847 1 8
2 10 11 6 12 7 5 8 

7439 3350852337136291188 1 8
3 12 8 10 2 11 1 0 

7412 11524345315865404699 1 8
2 10 11 6 12 7 5 4 

7382 739123071673868791 1 8
6 12 7 4 10 2 1 11 

7649 10649706220839659672 1 8
11 0 10 6 12 7 5 8 

7650 956207582792625448 1 8
1 11 10 6 12 7 5 8 

7395 16685009253515833889 1 8
6 12 7 5 1 11 10 0 

7634 10449655910661997224 1 8
1 11 10 6 12 7 8 4 

7379 9360423904318329124 1 8
6 12 7 4 1 11 10 0 

7622 4122529416453392716 1 8
6 12 7 8 10 2 1 11 

7633 7467623304902792665 1 8
11 0 10 6 12 7 8 4 

7367 17866811950560233598 1 8
6 12 7 10 2 1 11 0 

7350 10658443071443247862 1 8
7 5 12 4 10 2 1 11 

7636 11555430640983026682 1 8
2 10 11 6 12 7 8 4 

7381 1548261211959493513 1 8
6 12 7 4 2 10 0 11 

7604 6640004820526525013 1 8
2 10 11 7 5 8 12 4 

7349 3405799745300286124 1 8
7 5 12 4 2 10 0 11 

7621 558587310611915298 1 8
6 12 7 8 2 10 0 11 

7619 5193375945443165977 1 8
6 12 7 8 1 11 10 0 

7590 8978282448397723935 1 8
7 5 8 12 10 2 1 11 

7589 2903826570727810300 1 8
7 5 8 12 2 10 0 11 

7601 5542817677929776125 1 8
11 0 10 7 5 8 12 4 

7587 8906839281295835533 1 8
7 5 8 12 1 11 10 0 

7573 14220884226271856154 1 8
2 10 0 11 7 8 12 4 

7602 17386627878169459473 1 8
1 11 10 7 5 8 12 4 

7347 4906976402963013303 1 8
7 5 12 4 1 11 10 0 

7319 16082690360594837781 1 8
7 12 4 10 2 1 11 0 

7559 2654834108438408486 1 8
7 8 12 10 2 1 11 0 

7286 11533435393103771221 1 8
12 6 5 4 10 2 1 11 

7335 3558661357430056047 1 8
7 5 12 10 2 1 11 0 

7574 4762752189314341451 1 8
10 2 1 11 7 8 12 4 

7285 14552899744372335121 1 8
12 6 5 4 2 10 0 11 

7526 15301666449413170123 1 8
6 12 8 5 10 2 1 11 

7571 5189038329988094216 1 8
7 8 12 4 1 11 10 0 

7283 1718355751230926608 1 8
12 6 5 4 1 11 10 0 

7537 2619108203808387638 1 8
11 0 10 6 12 8 5 4 

7540 2050078390694645186 1 8
2 10 11 6 12 8 5 4 

7271 15088149133140854109 1 8
12 6 5 10 2 1 11 0 

7523 8881089004872564289 1 8
6 12 8 5 1 11 10 0 

7538 2720746051902372437 1 8
1 11 10 6 12 8 5 4 

7223 11628071014343381547 2 8
5 12 4 10 2 1 11 0 
12 5 4 10 2 1 11 0 

7509 13052567898556843242 1 8
6 12 8 4 2 10 0 11 

7525 9330632126047178423 1 8
6 12 8 5 2 10 0 11 

7507 4590563520053960165 1 8
6 12 8 4 1 11 10 0 

7510 4291428372578990898 1 8
6 12 8 4 10 2 1 11 

7478 6010173398704289790 1 8
10 2 1 11 8 5 4 12 

6892 11670072634670980245 1 8
3 9 11 2 6 12 7 5 

7475 17515329189502204083 1 8
1 11 10 0 8 5 4 12 

7463 7599459002725465143 1 8
5 8 12 10 2 1 11 0 

7255 554906063107510747 1 8
6 12 4 10 2 1 11 0 

6890 6337216108312779711 1 8
3 1 9 11 6 12 7 5 

7495 10625533719408771756 1 8
6 12 8 10 2 1 11 0 

7477 13153474643755439272 1 8
2 10 0 11 8 5 4 12 

6874 1005478784271318005 1 8
3 1 9 11 6 12 7 4 

7144 2617858505715439631 1 8
3 9 11 6 12 7 5 8 

7447 17314234956462858305 2 8
4 8 12 10 2 1 11 0 
8 4 12 10 2 1 11 0 

6873 6141726598329064080 1 8
3 0 9 11 6 12 7 4 

7128 13160390664698420073 1 8
3 9 11 6 12 7 8 4 

6904 10550061899485600110 1 8
3 9 11 6 12 7 5 4 

6862 11755619944692523610 1 8
3 6 12 7 1 9 11 2 

7114 8261680083012274444 1 8
3 1 9 11 6 12 7 8 

6876 4024358393228289899 1 8
3 9 11 2 6 12 7 4 

6889 532841631615156968 1 8
3 0 9 11 6 12 7 5 

6859 1419350381895885469 1 8
3 6 12 7 1 0 9 11 

7113 6234263528002407416 1 8
3 0 9 11 6 12 7 8 

6830 286588786759742668 1 8
3 7 5 12 9 11 1 2 

6861 9257306760531228510 1 8
3 6 12 7 0 9 11 2 

7116 14683289152610784569 1 8
3 9 11 2 6 12 7 8 

6841 6555857593121279494 1 8
3 0 9 11 7 5 12 4 

7096 18365773577651818745 1 8
3 9 11 7 5 8 12 4 

7084 4693114484158585594 1 8
3 9 11 2 7 5 8 12 

6827 17367081597799374593 1 8
3 7 5 12 0 9 11 1 

6844 8155893268068512630 1 8
3 9 11 2 7 5 12 4 

6842 7689587843230725598 1 8
3 9 11 1 7 5 12 4 

7081 9365259297838483098 1 8
3 0 9 11 7 5 8 12 

6814 16136304538588160195 1 8
3 7 12 4 9 11 1 2 

7068 13445733291073459880 1 8
3 9 11 2 7 8 12 4 

6829 6769758913912337797 1 8
3 7 5 12 0 9 11 2 

7082 12653136133176107866 1 8
3 9 11 1 7 5 8 12 

6811 9156281807765289353 1 8
3 7 12 4 0 9 11 1 

7054 15863939720733890175 1 8
3 7 8 12 9 11 1 2 

7065 5093299181438387201 1 8
3 0 9 11 7 8 12 4 

7051 8911902990565801744 1 8
3 7 8 12 0 9 11 1 

7066 15873795698824318503 1 8
3 9 11 1 7 8 12 4 

6813 2783335378955697261 1 8
3 7 12 4 0 9 11 2 

6780 14648861439396132418 1 8
3 11 9 2 12 6 5 4 

6778 8507833315386054166 1 8
3 1 11 9 6 12 5 4 

6777 9924413077138925805 1 8
3 11 0 9 12 6 5 4 

7032 4100634189791193124 1 8
3 11 9 12 6 5 8 4 

7053 8685925800740357659 1 8
3 7 8 12 0 9 11 2 

6799 10241685375422606693 1 8
3 7 12 0 9 11 1 2 

7018 17479957450088018159 1 8
3 1 11 9 6 12 5 8 

6765 1051219484530935897 1 8
3 12 6 5 11 0 2 9 

6763 17358802683646446903 1 8
3 6 12 5 1 11 0 9 

7020 12439978641089944503 1 8
3 11 9 2 12 6 5 8 

6766 5600898930823120553 1 8
3 6 12 5 1 11 9 2 

7017 10990605742442731418 1 8
3 11 0 9 12 6 5 8 

6749 610866179177037598 1 8
3 12 6 4 11 0 2 9 

7002 12905035657488975090 1 8
3 1 11 9 6 12 4 8 

6990 4427023264930824618 1 8
3 6 12 8 1 11 2 9 

7001 7078406371419650700 1 8
3 11 0 9 12 6 4 8 

6750 4575731330901571454 1 8
3 6 12 4 1 11 9 2 

7004 10507129734859905932 1 8
3 11 2 9 12 6 8 4 

6987 1713420223930554687 1 8
3 6 12 8 1 11 0 9 

6972 7873839021689300890 1 8
3 11 9 2 12 5 8 4 

6718 8445418841380910930 1 8
3 12 5 4 11 1 9 2 

6970 11592523197728194545 1 8
3 11 1 9 12 5 8 4 

6747 14426602178364978192 1 8
3 6 12 4 1 11 0 9 

6735 15355978603833956146 1 8
3 6 12 1 11 2 0 9 

6958 17095709477021732178 1 8
3 12 5 8 11 1 2 9 

6715 5665109169535126455 1 8
3 12 5 4 11 1 0 9 

6989 15560747632672749453 1 8
3 12 6 8 11 2 0 9 

6703 5567257454071588665 1 8
3 12 5 11 1 0 2 9 

6955 1540359536749347326 1 8
3 12 5 8 11 1 0 9 

6717 1729203984779910159 1 8
3 12 5 4 11 0 2 9 

6969 5601330446241671677 1 8
3 11 0 9 12 5 8 4 

6687 8283563835353743102 1 8
3 12 4 11 1 0 2 9 

7152 6578341566405254081 2 8
9 11 6 12 7 5 8 4 
11 9 6 12 7 5 8 4 

6939 1415768061850109183 1 8
3 12 4 8 11 1 0 9 

6957 66853718896461031 1 8
3 12 5 8 11 0 2 9 

6898 6486080936202699159 1 8
11 1 9 6 12 7 5 4 

6927 7687486307319282639 1 8
3 12 8 11 1 2 0 9 

6942 6080335143219972084 1 8
3 12 8 4 11 1 2 9 

6886 17123298827308982074 1 8
6 12 7 5 11 1 9 2 

7140 3646019921150665965 1 8
9 2 11 6 12 7 5 8 

6941 8882690224366516171 1 8
3 12 4 8 11 2 0 9 

6885 3837917234178675844 1 8
6 12 7 5 2 0 9 11 

6900 15313143719165975806 1 8
9 2 11 6 12 7 5 4 

6870 10080164537585941009 1 8
6 12 7 4 11 1 9 2 

6897 12358875135174320902 1 8
11 9 0 6 12 7 5 4 

7137 4433891793990701764 1 8
11 9 0 6 12 7 5 8 

6869 927244098350622500 1 8
6 12 7 4 2 0 9 11 

7138 6829683706172371901 1 8
11 1 9 6 12 7 5 8 

6867 15244458180489386769 1 8
6 12 7 4 11 1 9 0 

7110 12593986143005594000 1 8
6 12 7 8 11 1 9 2 

6883 5119238564441768063 1 8
6 12 7 5 11 1 9 0 

6855 3090072104014041371 1 8
6 12 7 11 1 2 0 9 

7121 13153459795070670672 1 8
11 9 0 6 12 7 8 4 

7107 11173950207828028656 1 8
6 12 7 8 11 1 9 0 

7124 10459843858469852338 1 8
9 2 11 6 12 7 8 4 

7122 14891362342853710745 1 8
11 1 9 6 12 7 8 4 

7092 2335301958638076015 1 8
9 2 11 7 5 8 12 4 

6837 4755070110786014250 1 8
7 5 12 4 2 0 9 11 

7109 3456674978574735811 1 8
6 12 7 8 2 0 9 11 

6835 13110564920507733402 1 8
7 5 12 4 11 1 9 0 

6838 15949294349117705426 1 8
7 5 12 4 11 1 9 2 

7078 8823915065737873915 1 8
7 5 8 12 11 1 9 2 

7075 9722680943357544733 1 8
7 5 8 12 11 1 9 0 

6823 5794531695453703098 1 8
7 5 12 11 1 2 0 9 

7061 10262731569519459213 1 8
7 8 12 4 2 0 9 11 

7090 11813741541791242831 1 8
11 1 9 7 5 8 12 4 

6807 3577714015532426384 1 8
7 12 4 11 1 2 0 9 

7089 15266817140551068109 1 8
11 9 0 7 5 8 12 4 

7059 14188451303233358649 1 8
7 8 12 4 11 1 9 0 

7047 4219602899389139577 1 8
7 8 12 11 1 2 0 9 

7077 17446421008988670730 1 8
7 5 8 12 2 0 9 11 

7028 7416946627127248295 1 8
9 2 11 6 12 8 5 4 

7062 7080742434063040708 1 8
7 8 12 4 11 1 9 2 

7025 8329428826452754007 1 8
11 9 0 6 12 8 5 4 

7014 223083464159457122 1 8
6 12 8 5 11 1 9 2 

6774 8574434354258573044 1 8
12 6 5 4 11 1 9 2 

7013 8437615255748693441 1 8
6 12 8 5 2 0 9 11 

6773 3765824873968553861 1 8
12 6 5 4 2 0 9 11 

6998 13969263586742241927 1 8
6 12 8 4 11 1 9 2 

7011 15683069757301125208 1 8
6 12 8 5 11 1 9 0 

6759 5283886021182902857 1 8
12 6 5 11 1 2 0 9 

6995 12209828093784670166 1 8
6 12 8 4 11 1 9 0 

7026 4471061283020357536 1 8
11 1 9 6 12 8 5 4 

6983 5243265897382931140 1 8
6 12 8 11 1 2 0 9 

6771 15903660533185656148 1 8
12 6 5 4 11 1 9 0 

6997 14912955470535611244 1 8
6 12 8 4 2 0 9 11 

6743 2194889020584767840 1 8
6 12 4 11 1 2 0 9 

6935 14753973711811680349 2 8
4 8 12 11 1 2 0 9 
8 4 12 11 1 2 0 9 

6965 13901139130906865546 1 8
8 5 4 12 2 0 9 11 

6396 18183626897966839394 1 8
3 11 2 6 12 7 5 4 

6951 17611214184869707741 1 8
5 8 12 11 1 2 0 9 

6381 8332922457269106882 1 8
3 0 11 2 6 12 7 5 

6394 3654462412288290655 1 8
3 1 11 6 12 7 5 4 

6966 17806718909102572669 1 8
11 1 9 2 8 5 4 12 

6711 11701576350510292626 2 8
5 12 4 11 1 2 0 9 
12 5 4 11 1 2 0 9 

6382 9060830518222126418 1 8
3 1 11 2 6 12 7 5 

6393 1931303507455241002 1 8
3 0 11 6 12 7 5 4 

6963 16581458187263140513 1 8
11 1 9 0 8 5 4 12 

6648 16172236410550107104 2 8
3 11 6 12 7 5 8 4 
11 3 6 12 7 5 8 4 

6379 14841849492134455288 1 8
3 1 0 11 6 12 7 5 

6636 11820345336269052870 1 8
3 11 2 6 12 7 5 8 

6366 17127896577199357843 1 8
3 1 11 2 6 12 7 4 

6363 9027218143283273159 1 8
3 1 0 11 6 12 7 4 

6618 10720239771766325966 1 8
3 1 11 6 12 7 8 4 

6620 8338426848287436545 1 8
3 11 2 6 12 7 8 4 

6634 9674701074065761056 1 8
3 1 11 6 12 7 5 8 

6617 7541023022354110521 1 8
3 0 11 6 12 7 8 4 

6351 7035811647185695538 1 8
3 6 12 7 1 0 11 2 

6633 6405614780540380676 1 8
3 0 11 6 12 7 5 8 

6605 9859550415314414212 1 8
3 0 11 2 6 12 7 8 

6365 1993942024089711436 1 8
3 0 11 2 6 12 7 4 

6333 6448672871946911311 1 8
3 0 11 2 7 5 12 4 

6606 16715571334632264498 1 8
3 1 11 2 6 12 7 8 

6588 17343904785711334495 1 8
3 11 2 7 5 8 12 4 

6586 4524518846623548986 1 8
3 11 1 7 5 8 12 4 

6603 11890840099697730456 1 8
3 1 0 11 6 12 7 8 

6573 9133844361121708849 1 8
3 0 11 2 7 5 8 12 

6319 2169472920455698008 1 8
3 7 5 12 0 11 1 2 

6574 15026501525023201249 1 8
3 11 1 2 7 5 8 12 

6334 5714616559202323222 1 8
3 11 1 2 5 7 12 4 

6571 8735056910042459413 1 8
3 0 11 1 7 5 8 12 

6557 9659472172962101946 1 8
3 0 11 2 7 8 12 4 

6331 10334022055953890505 1 8
3 0 11 1 7 5 12 4 

6585 1215448360967371336 1 8
3 0 11 7 5 8 12 4 

6555 7616398893978844041 1 8
3 0 11 1 7 8 12 4 

6543 10528692490619584317 1 8
3 7 8 12 0 11 1 2 

6524 10953568069575186776 1 8
3 11 2 12 6 5 8 4 

6558 4720798899845932649 1 8
3 11 1 2 7 8 12 4 

6303 7458454699543541068 1 8
3 7 12 4 0 11 1 2 

6522 3933691900497015926 1 8
3 1 11 6 12 5 8 4 

6521 4394197941839630774 1 8
3 11 0 12 6 5 8 4 

6509 13476009692103375207 1 8
3 11 0 2 12 6 5 8 

6255 8284947144489486600 1 8
3 6 12 5 1 11 0 2 

6270 14656709736964496136 1 8
3 1 11 2 6 12 5 4 

6269 377821477784936504 1 8
3 11 0 2 12 6 5 4 

6507 10659888240790867787 1 8
3 1 11 0 6 12 5 8 

6494 7177488332815553294 1 8
3 1 11 2 6 12 8 4 

6239 157231752718728819 1 8
3 6 12 4 1 11 0 2 

6267 8489638616642332078 1 8
3 1 11 0 6 12 5 4 

6479 15833861678989464195 1 8
3 6 12 8 1 11 2 0 

6510 1963914318216834651 1 8
3 1 11 2 6 12 5 8 

6462 18050618048870675589 1 8
3 11 1 2 12 5 8 4 

6493 7544863085509620670 1 8
3 11 0 2 12 6 8 4 

6644 6433536781831556911 2 8
2 11 6 12 7 5 8 4 
11 2 6 12 7 5 8 4 

6491 909360822958450055 1 8
3 1 11 0 6 12 4 8 

6642 12633075170566796815 2 8
1 11 6 12 7 5 8 4 
11 1 6 12 7 5 8 4 

6447 10238411485872586920 1 8
3 12 5 8 11 1 0 2 

6459 9564498781479043690 1 8
3 11 1 0 12 5 8 4 

6389 13471855031790032135 1 8
2 0 11 6 12 7 5 4 

6641 7202264058650202913 2 8
0 11 6 12 7 5 8 4 
11 0 6 12 7 5 8 4 

6461 2796585697831162073 1 8
3 11 0 2 12 5 8 4 

6207 10457074466065956301 1 8
3 12 5 4 11 1 0 2 

6387 13811138282280946543 1 8
11 1 0 6 12 7 5 4 

6629 17393607526609012 1 8
2 0 11 6 12 7 5 8 

6390 16744273953377615261 1 8
11 1 2 6 12 7 5 4 

6431 9166720401169397742 1 8
3 12 4 8 11 1 2 0 

6359 11438088002937759343 1 8
6 12 7 4 11 1 2 0 

6613 16240559617289480251 1 8
2 0 11 6 12 7 8 4 

6375 267422795686758529 1 8
6 12 7 5 11 1 2 0 

6630 13433840454612130179 1 8
11 1 2 6 12 7 5 8 

6599 14854233562510214096 1 8
6 12 7 8 11 1 2 0 

6611 9017609922244632345 1 8
11 1 0 6 12 7 8 4 

6582 956521254587215369 1 8
11 1 2 7 5 8 12 4 

6581 1976667992972527490 1 8
2 0 11 7 5 8 12 4 

6567 6313415948297431992 1 8
7 5 8 12 11 1 2 0 

6627 15608924335839238087 1 8
11 1 0 6 12 7 5 8 

6614 9995171283697022510 1 8
11 1 2 6 12 7 8 4 

6551 1419849129970170881 1 8
7 8 12 4 11 1 2 0 

6327 12830485699931332565 1 8
7 5 12 4 11 1 2 0 

6579 5776721636366784537 1 8
11 1 0 7 5 8 12 4 

6517 5103010958059437057 1 8
2 0 11 6 12 8 5 4 

5868 17102888322964581112 1 8
3 10 2 9 6 12 7 5 

6515 4843790086121296103 1 8
11 1 0 6 12 8 5 4 

5880 15394144754456368183 1 8
3 10 9 6 12 7 5 4 

6455 10726933794079263196 1 8
11 1 2 0 8 5 4 12 

6518 16993640979522693213 1 8
11 1 2 6 12 8 5 4 

5866 8103639204623250344 1 8
3 1 10 9 6 12 7 5 

6263 16197231529120072063 1 8
12 6 5 4 11 1 2 0 

5850 3450196206867703840 1 8
3 1 10 9 6 12 4 7 

6120 9813202905765695108 1 8
3 10 9 6 12 7 5 8 

6503 15312195942922614893 1 8
6 12 8 5 11 1 2 0 

6487 10736098258506631534 1 8
6 12 8 4 11 1 2 0 

6104 17269973715560587005 1 8
3 10 9 6 12 4 7 8 

5849 3802582884126828756 1 8
3 10 0 9 6 12 4 7 

5852 10083056260210977560 1 8
3 10 2 9 6 12 4 7 

5865 6930971522671248281 1 8
3 10 0 9 6 12 7 5 

5837 16027906969946622527 1 8
3 6 12 7 10 2 0 9 

6090 16531890822021410714 1 8
3 1 10 9 6 12 7 8 

5835 7011345164519860444 1 8
3 6 12 7 1 10 0 9 

5806 11400337184404315069 1 8
3 7 5 12 10 2 9 1 

6089 13962509744352645427 1 8
3 10 0 9 6 12 7 8 

5838 69887703691656906 1 8
3 6 12 7 1 10 2 9 

6092 5571874800583830833 1 8
3 10 2 9 6 12 7 8 

6072 16005494054122394682 1 8
3 10 9 7 5 4 8 12 

5817 10067323733094681406 1 8
3 10 0 9 7 5 4 12 

6060 5566872145456389721 1 8
3 10 2 9 7 5 8 12 

5818 12838257106041800648 1 8
3 10 9 1 7 5 4 12 

5820 6722118531155368386 1 8
3 10 2 9 7 5 4 12 

5803 15911180453217300787 1 8
3 7 5 12 10 0 9 1 

5790 38697737146715654 1 8
3 4 7 12 10 2 9 1 

6057 341051878862295306 1 8
3 10 0 9 7 5 8 12 

6042 3948102480944808693 1 8
3 10 9 1 4 7 8 12 

5805 17230079611247715332 1 8
3 7 5 12 10 2 0 9 

6058 6438946092296170961 1 8
3 10 9 1 7 5 8 12 

5787 16123694423933836392 1 8
3 4 7 12 10 0 9 1 

6041 16876111567975654160 1 8
3 10 0 9 4 7 8 12 

6030 5488079300059744922 1 8
3 7 8 12 10 2 9 1 

6029 6480150867220211959 1 8
3 7 8 12 10 2 0 9 

6044 12908886792680144363 1 8
3 10 2 9 4 7 8 12 

5789 5202394836540942841 1 8
3 4 7 12 10 2 0 9 

5756 6703296257127402971 1 8
3 10 2 9 6 12 4 5 

5996 4639743972027427531 1 8
3 10 2 9 6 12 5 8 

6008 5351640659110609824 1 8
3 10 9 6 12 4 5 8 

5775 14345107181480090190 1 8
3 7 12 10 2 0 9 1 

6027 7700723643818040118 1 8
3 7 8 12 10 0 9 1 

5753 3238138111712790938 1 8
3 10 9 0 6 12 4 5 

5994 1975212621690198163 1 8
3 1 10 9 6 12 5 8 

5741 8459645207750744644 1 8
3 6 12 5 10 2 9 0 

5726 17115101358260540041 1 8
3 6 12 4 1 10 2 9 

5754 1573537310825823550 1 8
3 1 10 9 6 12 4 5 

5993 4717951619251054642 1 8
3 10 9 0 6 12 5 8 

5742 15092873172727375884 1 8
3 6 12 5 1 10 2 9 

5725 13542311738974006914 1 8
3 6 12 4 10 2 9 0 

5739 11764116886032520821 1 8
3 6 12 5 1 10 9 0 

5977 6057001954048142159 1 8
3 10 9 0 6 12 4 8 

5966 3011797994284175260 1 8
3 6 12 8 1 10 2 9 

5980 11000884349573700104 1 8
3 10 2 9 6 12 4 8 

5711 11805092311890383676 1 8
3 6 12 1 10 2 9 0 

5965 88487557144609677 1 8
3 6 12 8 10 2 9 0 

5948 17604889638335754045 1 8
3 10 2 9 4 5 8 12 

5978 18097410791591519431 1 8
3 1 10 9 6 12 4 8 

5946 13991008705939300235 1 8
3 10 9 1 4 5 8 12 

5693 16755634190726322278 1 8
3 4 5 12 10 2 9 0 

5723 3126235153766420132 1 8
3 6 12 4 1 10 9 0 

5945 985950878030455234 1 8
3 10 9 0 4 5 8 12 

5694 11018745474291807032 1 8
3 4 5 12 10 2 9 1 

5963 11500355033129118932 1 8
3 6 12 8 1 10 9 0 

5679 9926698070800628724 1 8
3 5 12 10 2 9 0 1 

5933 8738739835474977188 1 8
3 5 8 12 10 2 9 0 

5918 1178981590062652796 1 8
3 4 12 8 10 2 9 1 

5917 10397121253027985011 1 8
3 4 12 8 10 2 9 0 

5691 18075173819804262448 1 8
3 4 5 12 10 9 0 1 

5934 8453920435777790572 1 8
3 5 8 12 10 2 9 1 

6128 17724523677357596083 2 8
9 10 6 12 7 5 8 4 
10 9 6 12 7 5 8 4 

5915 11996902354969099800 1 8
3 4 12 8 10 9 1 0 

5876 16536185695631794636 1 8
10 2 9 6 12 7 5 4 

5931 4164139425825809221 1 8
3 5 8 12 10 9 0 1 

5903 6400127017423341155 1 8
3 12 8 10 2 9 1 0 

5663 7384530133926470829 1 8
3 4 12 10 2 9 1 0 

5862 8522339748007530748 1 8
6 12 7 5 10 2 9 1 

6113 12546219648173319074 2 8
9 10 0 6 12 7 5 8 
10 9 0 6 12 7 5 8 

6114 8175968016900219701 1 8
10 9 1 6 12 7 5 8 

5874 505079759606115792 1 8
10 9 1 6 12 7 5 4 

5873 1814996963267642608 2 8
9 10 0 6 12 7 5 4 
10 9 0 6 12 7 5 4 

5859 758692186102354214 1 8
6 12 7 5 10 9 1 0 

5846 9202456191476396454 1 8
6 12 7 4 10 2 9 1 

5845 7745628242340773856 1 8
6 12 7 4 10 2 9 0 

6097 15342884491351162935 2 8
9 10 0 6 12 7 8 4 
10 9 0 6 12 7 8 4 

6116 12008202699207184220 1 8
10 2 9 6 12 7 5 8 

5843 17825301510509954181 1 8
6 12 7 4 10 9 1 0 

5861 17611723377546700958 1 8
6 12 7 5 10 2 9 0 

6086 11094166350056600136 1 8
6 12 7 8 10 2 9 1 

6100 17339824919781018144 1 8
10 2 9 6 12 7 8 4 

6098 4982219114655410417 1 8
10 9 1 6 12 7 8 4 

5831 1400862250072394547 1 8
6 12 7 10 2 9 1 0 

5814 1946481097774367411 1 8
7 5 12 4 10 2 9 1 

6068 15097096868585327048 1 8
10 2 9 7 5 8 12 4 

5813 14665244754890299077 1 8
7 5 12 4 10 2 9 0 

6085 14163271081578325293 1 8
6 12 7 8 10 2 9 0 

5811 4266231805038419685 1 8
7 5 12 4 10 9 1 0 

6083 12195488171694147977 1 8
6 12 7 8 10 9 1 0 

6054 10997804569339002213 1 8
7 5 8 12 10 2 9 1 

5799 2012569947977876129 1 8
7 5 12 10 2 9 1 0 

6038 16521538401968667769 1 8
10 2 9 1 7 8 12 4 

6051 1923776565925303950 1 8
7 5 8 12 10 9 1 0 

6065 12526046211858336228 2 8
9 10 0 7 5 8 12 4 
10 9 0 7 5 8 12 4 

6066 9718922474281900643 1 8
10 9 1 7 5 8 12 4 

6037 10333067295456640569 1 8
10 2 9 0 7 8 12 4 

6023 2890719436692898244 1 8
7 8 12 10 2 9 1 0 

6001 13249890564244964655 2 8
9 10 0 6 12 8 5 4 
10 9 0 6 12 8 5 4 

6053 16508717132656094714 1 8
7 5 8 12 10 2 9 0 

6004 5845369025768422761 1 8
10 2 9 6 12 8 5 4 

5783 16710505743198654108 1 8
7 12 4 10 2 9 1 0 

5749 16386126470020308352 1 8
12 6 5 4 10 2 9 0 

6002 3554080718127580246 1 8
10 9 1 6 12 8 5 4 

6035 13497663821372820516 1 8
7 8 12 4 10 9 1 0 

5989 14151931553660250169 1 8
6 12 8 5 10 2 9 0 

5735 3231995104980352402 1 8
12 6 5 10 2 9 1 0 

5750 3891827845266138862 1 8
12 6 5 4 10 2 9 1 

5987 6630890535808562436 1 8
6 12 8 5 10 9 1 0 

5747 5705213185792245245 1 8
12 6 5 4 10 9 1 0 

5973 583053075441856327 1 8
6 12 8 4 10 2 9 0 

5990 10674814033261385329 1 8
6 12 8 5 10 2 9 1 

5687 12007041705845070297 2 8
5 12 4 10 2 9 1 0 
12 5 4 10 2 9 1 0 

5911 12168820193015752909 2 8
4 8 12 10 2 9 1 0 
8 4 12 10 2 9 1 0 

5942 12615563280525329834 1 8
10 2 9 1 8 5 4 12 

5974 14011433052197409418 1 8
6 12 8 4 10 2 9 1 

5624 9960301652777008628 2 8
3 10 6 12 7 5 4 8 
10 3 6 12 7 5 4 8 

5719 15058159001821833579 1 8
6 12 4 10 2 9 1 0 

5941 12945533876396664446 1 8
10 2 9 0 8 5 4 12 

5372 14758016131255057305 1 8
3 10 2 6 12 7 5 4 

5939 2728710571152695358 1 8
10 9 1 0 8 5 4 12 

5971 3528899879469353832 1 8
6 12 8 4 10 9 1 0 

5959 9961003592680733810 1 8
6 12 8 10 2 9 1 0 

5369 8035985396122093570 1 8
3 10 0 6 12 7 5 4 

5927 17210354703078384516 1 8
5 8 12 10 2 9 1 0 

5370 1686615684443356962 1 8
3 1 10 6 12 7 5 4 

5612 3512985038283933499 1 8
3 10 2 6 12 7 5 8 

5342 15513430565300173721 1 8
3 1 10 2 6 12 4 7 

5355 11659912132458752270 1 8
3 1 10 0 6 12 7 5 

5609 2652058887354989878 1 8
3 10 0 6 12 7 5 8 

5358 5104287238526883163 1 8
3 1 10 2 6 12 7 5 

5341 13092750304526410433 1 8
3 10 2 0 6 12 4 7 

5594 16207207893298858090 1 8
3 1 10 6 12 4 7 8 

5357 18228934824215362694 1 8
3 10 2 0 6 12 7 5 

5582 15064842720017916471 1 8
3 1 10 2 6 12 7 8 

5339 7861637686716150592 1 8
3 1 10 0 6 12 4 7 

5610 14545086406995550319 1 8
3 1 10 6 12 7 5 8 

5581 13775956048321969095 1 8
3 10 2 0 6 12 7 8 

5596 9698617179652322640 1 8
3 10 2 6 12 4 7 8 

5593 5055021059389029270 1 8
3 10 0 6 12 4 7 8 

5309 2860950299380084990 1 8
3 10 2 0 7 5 4 12 

5564 15332915226818075626 1 8
3 10 2 7 5 4 8 12 

5562 13161214969430819895 1 8
3 10 1 7 5 4 8 12 

5327 11089859176355307008 1 8
3 6 12 7 1 10 2 0 

5550 11400567546434182137 1 8
3 10 2 1 7 5 8 12 

5561 4259358335104456049 1 8
3 10 0 7 5 4 8 12 

5295 4641335027904539850 1 8
3 7 5 12 10 2 0 1 

5579 17671414148684649608 1 8
3 1 10 0 6 12 7 8 

5549 61311623856928731 1 8
3 10 2 0 7 5 8 12 

5310 16145097198394249272 1 8
3 10 2 1 7 5 4 12 

5534 18431359976882588092 1 8
3 10 2 1 4 7 8 12 

5307 7015179606007636396 1 8
3 10 0 1 7 5 4 12 

5547 1962442243672043451 1 8
3 10 0 1 7 5 8 12 

5533 1645718600581574706 1 8
3 10 2 0 4 7 8 12 

5531 6803750098745708743 1 8
3 10 0 1 4 7 8 12 

5246 912328000433538280 1 8
3 1 10 2 6 12 4 5 

5279 11486976541746692058 1 8
3 4 7 12 10 2 0 1 

5500 18439855366141551433 1 8
3 10 2 6 12 4 5 8 

5498 4687786659844813874 1 8
3 1 10 6 12 4 5 8 

5486 15602471427175871082 1 8
3 1 10 2 6 12 5 8 

5485 494650182503721115 1 8
3 10 2 0 6 12 5 8 

5519 9394286418134589532 1 8
3 7 8 12 10 2 0 1 

5497 3967255205544423550 1 8
3 10 0 6 12 4 5 8 

5245 13015145103018488562 1 8
3 10 2 0 6 12 4 5 

5417 9779578096206843045 1 6
3 10 0 5 8 12 

330 6428566017467510411 2 4
1 3 6 8 
3 1 6 8 

5402 13978814618576882501 1 6
3 10 1 4 12 8 

315 9647379776278802493 1 6
3 0 1 5 8 4 

5401 2454313858066055676 1 6
3 10 0 4 12 8 

314 12054447762048082851 2 5
1 3 8 5 4 
3 1 8 5 4 

5147 17139220187630259243 1 6
3 4 12 10 1 0 

5236 12292237919037543183 2 6
2 10 12 6 5 4 
10 2 12 6 5 4 

149 16398358425372243752 2 4
0 2 7 4 
2 0 7 4 

5219 4569961024866547687 2 6
12 6 5 1 10 0 
12 6 5 10 1 0 

5234 9089389383803872408 2 6
1 10 12 6 5 4 
10 1 12 6 5 4 

5476 15211934999347062707 2 6
2 10 6 12 8 5 
10 2 6 12 8 5 

389 7838404018650899994 2 4
7 8 0 2 
7 8 2 0 

5445 7586498574479326965 1 6
6 12 8 2 10 0 

5413 17315162925738950969 1 6
2 10 0 5 8 12 

4812 15167727689896071366 1 6
3 9 2 6 12 7 

5159 18369187316896002325 2 6
5 12 10 2 1 0 
12 5 10 2 1 0 

4778 13466186647076546116 1 6
3 9 1 7 5 12 

4780 3082390653194286509 1 6
3 9 2 7 5 12 

4764 14145033758831424797 1 6
3 9 2 7 12 4 

5004 17988625436936527122 1 6
3 9 2 7 8 12 

4716 15970633297204712613 1 6
3 9 2 12 6 5 

4968 12891968508424651070 2 6
3 9 6 12 5 8 
9 3 6 12 5 8 

4668 11234405459748926098 1 6
3 9 2 5 4 12 

4666 11566358051028273400 1 6
3 9 1 5 4 12 

4665 18324251040158253829 1 6
3 0 9 5 4 12 

4654 13967593568948095576 1 6
3 5 12 9 2 1 

4938 4924844356202048593 1 6
3 1 9 6 12 8 

4908 4890689279409239119 1 6
3 9 2 8 5 12 

4651 690070513474893312 1 6
3 5 12 0 9 1 

4937 14176065292610695148 1 6
3 0 9 6 12 8 

4906 5136525442439413136 1 6
3 9 1 5 8 12 

4890 1865209872099656253 1 6
3 9 1 4 8 12 

4878 11309103572095997668 1 6
3 8 12 2 9 1 

4905 17909437417453053822 1 6
3 0 9 5 8 12 

4892 11130189856554543572 1 6
3 2 9 8 4 12 

4834 142154304639194526 2 6
1 9 6 12 7 5 
9 1 6 12 7 5 

4786 5634117243340779187 2 6
1 9 7 5 12 4 
9 1 7 5 12 4 

4818 5116800936567481756 2 6
1 9 6 12 7 4 
9 1 6 12 7 4 

5026 551089811592786544 2 6
1 9 7 5 8 12 
9 1 7 5 8 12 

5010 16962088614011372103 2 6
1 9 7 8 12 4 
9 1 7 8 12 4 

4722 17188218623159050881 2 6
1 9 12 6 5 4 
9 1 12 6 5 4 

4709 16512489026980909762 1 6
12 6 5 2 0 9 

4724 17552669269734463514 2 6
2 9 12 6 5 4 
9 2 12 6 5 4 

4693 15928809508758206105 1 6
6 12 4 2 0 9 

4662 8690253057644930998 2 6
9 2 1 5 12 4 
9 2 1 12 5 4 

4914 10276020717736563089 2 6
1 9 8 5 4 12 
9 1 8 5 4 12 

4661 13426003903025549627 2 6
2 0 9 5 12 4 
2 0 9 12 5 4 

4659 1712189373991205069 4 6
5 12 4 9 1 0 
5 12 4 1 9 0 
12 5 4 1 9 0 
12 5 4 9 1 0 

4330 15084885853977960538 2 6
1 3 6 12 7 5 
3 1 6 12 7 5 

4329 11494005845532578558 2 6
0 3 6 12 7 5 
3 0 6 12 7 5 

4316 1225374655431010075 2 6
2 3 6 12 7 4 
3 2 6 12 7 4 

4302 648444328425887079 1 6
3 1 2 6 12 7 

4314 16394274416382929216 2 6
1 3 6 12 7 4 
3 1 6 12 7 4 

4284 3576611021784549051 2 6
2 3 7 5 12 4 
3 2 7 5 12 4 

4524 17205629544500158503 2 6
2 3 7 5 8 12 
3 2 7 5 8 12 

4299 18284740413567172135 1 6
3 1 0 6 12 7 

4270 14934662578457223142 1 6
3 1 2 7 5 12 

4269 10166226022547315431 1 6
3 0 2 7 5 12 

4508 1648228345146568057 2 6
2 3 7 8 12 4 
3 2 7 8 12 4 

4254 2292819614607578340 1 6
3 1 2 7 12 4 

4267 18396663405273971642 1 6
3 0 1 7 5 12 

4251 6588928437762422174 1 6
3 0 1 7 12 4 

4239 5649566309367726928 1 6
3 7 12 0 1 2 

4506 6234995556517782430 2 6
1 3 7 8 12 4 
3 1 7 8 12 4 

4505 14432806363742774785 2 6
0 3 7 8 12 4 
3 0 7 8 12 4 

4460 14842343225417194763 2 6
2 3 6 12 8 5 
3 2 6 12 8 5 

4457 5665495717079235384 2 6
0 3 6 12 5 8 
3 0 6 12 5 8 

4220 8084285593855983156 2 6
2 3 12 6 5 4 
3 2 12 6 5 4 

4444 840674216410933017 2 6
2 3 6 12 8 4 
3 2 6 12 8 4 

4203 3526985650208685248 1 6
3 1 0 6 12 5 

4206 1899282609758221373 1 6
3 1 2 6 12 5 

4458 2844084583972453299 2 6
1 3 6 12 8 5 
3 1 6 12 8 5 

4441 13653726191589894778 2 6
0 3 6 12 4 8 
3 0 6 12 4 8 

4442 5086599931609534439 2 6
1 3 6 12 8 4 
3 1 6 12 8 4 

4412 4412920024542264736 2 6
2 3 8 5 4 12 
3 2 8 5 4 12 

4409 16530369814290547517 2 6
0 3 5 8 4 12 
3 0 5 8 4 12 

4410 10043131569095383799 2 6
1 3 8 5 4 12 
3 1 8 5 4 12 

4155 7421861663635837049 1 6
3 0 1 5 4 12 

4143 1249089040312463325 1 6
3 5 12 0 2 1 

4381 10116205318590734417 2 6
3 2 0 4 8 12 
3 0 2 8 4 12 

4398 9534268030455098346 1 6
3 2 1 8 5 12 

4263 15608330336641205748 2 6
7 5 12 0 2 1 
7 5 12 2 0 1 

4397 8433729040510020883 1 6
3 0 2 5 8 12 

4382 14314744656373351788 1 6
3 2 1 8 4 12 

4127 14314744656373351788 1 6
3 4 12 0 2 1 

4517 12418575300243849581 2 6
0 2 7 5 8 12 
2 0 7 5 8 12 

4549 16524070605289586894 2 6
0 2 6 12 7 8 
2 0 6 12 7 8 

4375 10190875521699570670 8 6
0 2 1 4 8 12 
0 2 1 8 4 12 
2 0 1 4 8 12 
2 0 1 8 4 12 
4 8 12 0 2 1 
4 8 12 2 0 1 
8 4 12 0 2 1 
8 4 12 2 0 1 

4453 9442198734823750734 2 6
0 2 6 12 8 5 
2 0 6 12 8 5 

4501 7552829663954370875 2 6
0 2 7 8 12 4 
2 0 7 8 12 4 

4151 18218202546469655024 4 6
0 2 1 5 12 4 
0 2 1 12 5 4 
2 0 1 5 12 4 
2 0 1 12 5 4 

4405 7584717615013258769 2 6
0 2 8 5 4 12 
2 0 8 5 4 12 

4423 4226068923294341714 2 6
6 12 8 0 2 1 
6 12 8 2 0 1 

4437 6873610048536034587 2 6
0 2 6 12 8 4 
2 0 6 12 8 4 

3752 10743667724045611453 1 6
3 7 5 10 9 11 

4391 18018852549907159270 2 6
5 8 12 0 2 1 
5 8 12 2 0 1 

3724 14449674300695977745 1 6
7 3 10 2 9 11 

3912 11119884714542238489 1 6
3 6 8 10 9 11 

3612 13965931853744409612 2 6
3 4 10 2 9 11 
4 3 10 2 9 11 

3626 13986288046275458119 2 6
3 5 10 9 11 1 
5 3 10 9 11 1 

3640 9938277530737086543 1 6
3 4 5 10 9 11 

3628 181891209181304268 2 6
3 5 10 2 9 11 
5 3 10 2 9 11 

3880 12637119234962241328 1 6
3 5 8 10 9 11 

3808 1640987877757916874 1 6
7 5 6 9 10 11 

3864 3951253922185632298 1 6
3 4 8 10 9 11 

3792 4620889916989260567 1 6
7 6 4 9 10 11 

3850 6379164111091732608 2 6
3 8 10 9 1 11 
8 3 10 9 1 11 

3760 4124426194198519760 1 6
7 5 4 9 10 11 

3748 3865650698487679841 1 6
7 5 10 2 9 11 

4000 9571594902398473519 1 6
7 5 8 9 10 11 

3780 4109689735821204766 1 6
7 6 10 2 9 11 

3730 3357342254605875539 1 6
7 4 10 9 1 11 

3984 15711152051515342958 1 6
8 7 4 9 10 11 

3746 15355138847613747134 1 6
7 5 10 9 1 11 

3732 232196472101228503 1 6
7 4 10 2 9 11 

3972 4109689735821204766 1 6
7 8 10 2 9 11 

3668 9070296709122551424 2 6
4 6 10 2 9 11 
6 4 10 2 9 11 

3696 942517218710386136 2 6
9 10 11 4 6 5 
9 10 11 6 4 5 

3718 3716134100691681995 1 6
7 10 2 9 1 11 

3908 1575548891841691835 2 6
6 8 10 2 9 11 
8 6 10 2 9 11 

3717 15958455968610628324 1 6
7 10 2 9 0 11 

3905 12556787790095184016 2 6
6 8 9 10 11 0 
8 6 9 10 11 0 

3876 16774971700645922254 2 6
5 8 10 2 9 11 
8 5 10 2 9 11 

3873 13544457040343372859 2 6
5 8 9 10 11 0 
8 5 9 10 11 0 

3906 11589815483096282988 2 6
6 8 10 9 1 11 
8 6 10 9 1 11 

3858 17165268780700185911 2 6
4 8 10 9 1 11 
8 4 10 9 1 11 

3888 13659583522348277759 1 6
9 10 11 8 5 4 

3874 9371145642020674057 2 6
5 8 10 9 1 11 
8 5 10 9 1 11 

3304 14661867625540417743 1 6
3 10 11 7 5 6 

3276 2710367848081805167 1 6
3 7 6 10 2 11 

3228 7770888458053858372 1 6
3 4 7 10 2 11 

3242 103012575233520057 1 6
3 7 5 10 11 1 

3480 14075893421413721762 1 6
3 10 11 4 7 8 

3244 3686155464967239675 1 6
3 7 5 10 2 11 

3432 17923852437191044775 1 6
3 10 11 5 8 6 

3180 7001917448204673271 1 6
3 5 6 10 2 11 

3416 10971135140720276430 1 6
3 10 11 4 6 8 

3132 9499672830351292446 1 6
3 4 5 10 2 11 

3401 15161585694430509201 1 6
3 6 8 10 0 11 

3130 15828584354299186307 1 6
3 4 5 10 11 1 

3384 16856135196869924401 1 6
3 10 11 4 5 8 

3372 2751735326073097394 1 6
3 5 8 10 2 11 

3402 16937227727477966102 1 6
3 6 8 1 11 10 

3129 3543361361524111628 1 6
3 4 5 10 11 0 

3118 14600241775353842386 2 6
3 5 10 2 11 1 
5 3 10 2 11 1 

3115 6125165257080976611 2 6
3 5 10 11 1 0 
5 3 10 11 1 0 

3356 5020246268365751685 1 6
3 4 8 10 2 11 

3369 784209070240150606 1 6
3 5 8 10 11 0 

3342 15252938941000271408 2 6
3 8 10 2 1 11 
8 3 10 2 1 11 

3370 16774797321401230447 1 6
3 5 8 10 11 1 

3354 13368531198343191424 1 6
3 4 8 10 1 11 

3298 11248301763225479863 1 6
7 5 6 1 11 10 

3312 2549915465566154067 2 6
10 11 7 5 6 4 
11 10 7 5 6 4 

3282 6693815339031188904 1 6
7 6 4 1 11 10 

3300 585996047961092755 1 6
7 5 6 2 10 11 

3270 4461788404877152696 1 6
7 6 10 2 1 11 

3504 3860318017463487351 2 6
10 11 7 5 8 4 
11 10 7 5 8 4 

3250 828897530775421631 1 6
7 5 4 1 11 10 

3269 16448976892223102805 1 6
7 6 2 10 0 11 

3492 3122575360299953964 1 6
7 5 8 2 10 11 

3238 2800431311323799375 1 6
7 5 10 2 1 11 

3249 16981913065039642307 1 6
7 5 4 11 0 10 

3252 16291394342134910369 1 6
7 5 4 2 10 11 

3222 7481257735632149751 1 6
7 4 10 2 1 11 

3237 8727038656581923838 1 6
7 5 2 10 0 11 

3235 4323711852968098452 1 6
7 5 1 11 10 0 

3219 8560117923002424590 1 6
7 4 1 11 10 0 

3188 17821389620405438310 2 6
2 10 11 6 4 5 
2 10 11 4 6 5 

3476 10342271777568668114 1 6
2 10 11 8 7 4 

3461 16448976892223102805 1 6
7 8 2 10 0 11 

3221 13677271461818115657 1 6
7 4 2 10 0 11 

3186 13493515748614588589 2 6
1 11 10 6 4 5 
1 11 10 4 6 5 

3462 4461788404877152696 1 6
7 8 10 2 1 11 

3157 13707803393772278690 2 6
4 6 2 10 0 11 
6 4 2 10 0 11 

3398 11564622874225309159 2 6
6 8 10 2 1 11 
8 6 10 2 1 11 

3395 13633490785240654730 2 6
6 8 1 11 10 0 
8 6 1 11 10 0 

3158 9667562381338462541 2 6
4 6 10 2 1 11 
6 4 10 2 1 11 

3366 15749655367119666595 2 6
5 8 10 2 1 11 
8 5 10 2 1 11 

3380 16115693435439909540 1 6
2 10 11 8 5 4 

3397 6554813812215612635 2 6
6 8 2 10 0 11 
8 6 2 10 0 11 

3365 9634061687991216750 2 6
5 8 2 10 0 11 
8 5 2 10 0 11 

3349 1126027660708976262 2 6
4 8 2 10 0 11 
8 4 2 10 0 11 

3350 3785021802087812209 2 6
4 8 10 2 1 11 
8 4 10 2 1 11 

3378 9200929907775470060 1 6
1 11 10 8 5 4 

2792 11087109733672543053 1 6
3 9 11 7 5 6 

3377 13595040522509678448 1 6
8 5 4 11 0 10 

3363 16959632154930589886 2 6
5 8 1 11 10 0 
8 5 1 11 10 0 

2744 12610873280576514765 1 6
3 9 11 7 5 4 

2732 2977115625218690482 1 6
3 7 5 9 11 2 

2761 2068822061889936065 1 6
3 7 6 0 9 11 

7848 15283745904400053125 1 7
3 7 5 12 10 9 11 

2729 7128661907089402092 1 6
3 7 5 0 9 11 

7816 11978493851480920526 1 6
3 7 12 10 9 11 

2968 1430201147479104558 1 6
3 9 11 7 8 4 

2699 9850692635919984307 1 6
7 3 0 9 1 11 

2713 10526387223723777329 1 6
3 7 4 0 9 11 

5058 16958262417405363314 2 6
1 9 6 12 7 8 
9 1 6 12 7 8 

2701 18342458076512878542 1 6
7 3 0 9 2 11 

2920 13120101848872117897 1 6
3 11 9 5 8 6 

2665 1565211761264590428 1 6
3 5 6 11 0 9 

7752 3999060355765967100 1 6
3 12 6 10 9 11 

2680 5038579152568166343 1 6
3 11 9 5 4 6 

2892 18408721732163813161 1 6
3 8 6 2 9 11 

2904 12333497031008088543 1 6
3 9 11 4 8 6 

2649 17962641652122492521 1 6
3 4 6 0 9 11 

7736 6628058170851106052 1 7
3 10 9 11 4 5 12 

2889 6083749275058937905 1 6
3 6 8 0 11 9 

7976 13663827711994890829 1 7
3 10 9 11 5 12 8 

4962 17544535261796202834 2 6
1 9 6 12 8 5 
9 1 6 12 8 5 

2605 6039897612183658655 2 6
3 5 11 0 2 9 
5 3 11 0 2 9 

7692 12983250061221251557 2 6
3 12 10 2 9 11 
12 3 10 2 9 11 

2872 14304638717092246959 1 6
3 11 9 5 8 4 

2890 1138086397733544738 1 6
3 6 8 1 11 9 

2603 9836550802615144376 2 6
3 5 11 1 0 9 
5 3 11 1 0 9 

7690 13583962754240626743 2 6
3 12 10 9 11 1 
12 3 10 9 11 1 

2635 206078604972446546 2 6
3 6 1 11 0 9 
6 3 1 11 0 9 

7722 17242792967033163040 1 7
3 5 12 10 9 11 1 

2617 14889356001130708758 1 6
3 5 4 11 0 9 

7704 16099191993361605766 1 6
3 4 12 10 9 11 

2860 4106430386991293123 1 6
3 5 8 11 2 9 

2618 17476417356745602932 1 6
3 5 4 11 1 9 

7705 3212277597235117602 1 7
3 4 12 10 9 11 0 

2620 14493911580219700704 1 6
3 5 4 11 9 2 

4946 13430889487821545011 2 6
1 9 6 12 8 4 
9 1 6 12 8 4 

2589 8413255683917836180 2 6
3 4 0 2 9 11 
4 3 0 2 9 11 

2858 4093526254961530946 1 6
3 5 8 11 1 9 

7945 13252992122674601459 1 7
3 12 8 10 9 11 0 

2857 1800315377453575249 1 6
3 5 8 11 0 9 

7944 5116910791061177540 1 6
3 12 8 10 9 11 

2841 8318897722374572101 1 6
3 4 8 0 9 11 

2827 11695201482546156707 2 6
3 8 11 1 9 0 
8 3 11 1 9 0 

2844 8397383395928761547 1 6
3 8 4 2 9 11 

2587 18250440505934314670 2 6
3 4 11 1 0 9 
4 3 11 1 0 9 

2758 11364086690015238561 1 6
7 6 11 1 9 2 

2757 14545625449856261348 1 6
7 6 2 0 9 11 

7844 12354490030406807615 1 7
7 5 12 10 2 9 11 

2740 15974243982063239457 1 6
7 5 4 9 2 11 

2738 13594155328975750191 1 6
7 5 4 11 1 9 

7825 6127859086473780735 1 7
7 12 4 9 10 11 0 

2980 2637264008893123301 1 6
7 5 8 9 2 11 

2992 9214529832312553461 2 6
9 11 7 5 8 4 
11 9 7 5 8 4 

2964 6727127234741270655 1 6
8 7 4 9 2 11 

2710 7157270906363764007 1 6
7 4 11 1 9 2 

2709 16855753142609301547 1 6
7 4 2 0 9 11 

2725 6348624700446611000 1 6
7 5 2 0 9 11 

7812 9661156592667534317 1 6
7 12 10 2 9 11 

2950 11364086690015238561 1 6
7 8 11 1 9 2 

2949 14545625449856261348 1 6
7 8 2 0 9 11 

5002 1150510514030705899 1 6
3 9 1 7 8 12 

2645 3835931047249894662 2 6
4 6 2 0 9 11 
6 4 2 0 9 11 

7732 1018756247635053814 2 7
5 12 4 10 2 9 11 
12 5 4 10 2 9 11 

2695 1811853810445660906 1 6
7 11 1 2 0 9 

2676 1281959348888718892 2 6
9 2 11 6 4 5 
9 2 11 4 6 5 

2886 17386709191950180303 2 6
6 8 11 1 9 2 
8 6 11 1 9 2 

2883 12697711740328699909 2 6
6 8 11 1 9 0 
8 6 11 1 9 0 

7970 14125392526029949010 1 7
5 8 12 10 9 1 11 

2854 2529204458011319907 2 6
5 8 11 1 9 2 
8 5 11 1 9 2 

2853 9892592672797335804 2 6
5 8 2 0 9 11 
8 5 2 0 9 11 

2868 11522172425667166567 1 6
8 5 4 9 2 11 

2885 28857329248655023 2 6
6 8 2 0 9 11 
8 6 2 0 9 11 

7972 13036713298642676818 1 7
5 8 12 10 2 9 11 

5222 13881715886511816413 1 6
12 6 5 10 2 1 

135 7589207381578189396 2 4
7 2 0 1 
7 0 2 1 

2865 1420921760209961564 1 6
8 5 4 11 9 0 

7952 9455705605832461231 2 6
9 10 11 8 4 12 
9 10 11 4 8 12 

2866 11627827234532509456 1 6
11 1 9 8 5 4 

7953 14922251325533765357 2 7
4 8 12 9 10 11 0 
8 4 12 9 10 11 0 

4653 12710616660458003757 1 6
3 5 12 0 2 9 

2296 13252845145791194874 2 6
3 11 7 5 6 4 
11 3 7 5 6 4 

2284 10264656379114221145 1 6
3 11 2 7 5 6 

4638 5092926895575834149 1 6
3 4 12 9 2 1 

2281 17764045219203884528 1 6
3 0 11 7 5 6 

7368 6806211447404978104 1 6
3 10 11 6 12 7 

4623 7844875437514574136 2 6
3 12 2 0 9 1 
12 3 2 0 9 1 

2266 17417729168770821831 1 6
3 1 11 6 7 4 

2268 2098125499604241431 1 6
3 11 2 7 6 4 

2536 8673175179886551156 2 6
3 11 7 5 8 6 
11 3 7 5 8 6 

2282 15987893123223865810 1 6
3 1 11 6 7 5 

7369 7032559447349780228 1 7
3 6 12 7 10 0 11 

2254 16143989683817149621 1 6
3 6 7 1 11 2 

2505 6651853397781612113 1 6
3 0 11 7 6 8 

7592 6988553408244433868 1 7
3 10 11 7 5 8 12 

2251 2677733255063232328 1 6
3 6 7 1 0 11 

7338 11078071572910716427 1 7
3 7 5 12 10 11 1 

2236 15247381694342885017 1 6
3 11 2 5 7 4 

2233 17377363659017076362 1 6
3 0 11 7 5 4 

7320 11599338097791140413 1 6
3 10 11 4 7 12 

2253 9027630467632982318 1 6
3 7 6 0 2 11 

7340 11751276316616180199 1 7
3 7 5 12 10 2 11 

2221 7231441330550798980 1 6
3 7 5 0 11 2 

7308 11882424060244157584 1 6
3 7 12 10 2 11 

2234 191124956501994116 1 6
3 11 1 5 7 4 

7321 874488701364232030 1 7
3 10 0 11 4 7 12 

2222 2738180715834343982 1 6
3 5 7 11 1 2 

7309 12755042913653662809 1 7
3 7 12 10 2 0 11 

2473 7446519067831894961 1 6
3 0 11 7 5 8 

7560 1713176735179749778 1 6
3 10 11 7 8 12 

2205 3627034352507278836 1 6
3 7 4 0 2 11 

2460 8945168924791740148 1 6
3 2 11 8 7 4 

2458 8620049628068480792 1 6
3 1 11 7 8 4 

2219 6137236054038029457 1 6
3 7 5 0 11 1 

7306 2267619188564531982 1 6
3 7 12 10 11 1 

2191 6786587518029117876 1 6
7 3 0 1 11 2 

2457 8872002544587855322 1 6
3 0 11 7 8 4 

2203 11942859210147797396 1 6
3 7 4 0 1 11 

2424 15649153219208029936 2 6
3 11 5 8 4 6 
11 3 5 8 4 6 

2170 13799979379076230277 1 6
3 1 11 6 5 4 

7257 17265591449524670985 1 7
3 12 6 4 10 11 0 

2169 4704578947720391584 1 6
3 11 0 5 4 6 

7256 12693031067569852853 1 6
3 10 11 12 6 4 

2157 3212026419423448322 1 6
3 5 6 11 0 2 

7244 12341299176962914138 1 6
3 12 6 10 2 11 

2158 1777512192226005055 1 6
3 6 5 1 11 2 

7245 10044481975623678229 1 7
3 12 6 10 2 11 0 

2443 6288263030169429574 1 6
3 7 8 0 1 11 

2172 9268086464251267681 1 6
3 11 2 5 4 6 

2155 12306910064415787744 1 6
3 6 5 1 11 0 

7242 7226445311349106084 1 6
3 6 12 1 11 10 

2409 10285578703670981043 1 6
3 11 0 5 8 6 

7496 2924554793709410670 1 6
3 11 10 12 6 8 

2396 6145868830226974938 1 6
3 2 11 8 4 6 

2412 5155729017879285428 1 6
3 11 2 5 8 6 

2410 16385006433759788192 1 6
3 1 11 6 5 8 

7497 8239173524942295731 1 7
3 12 6 8 11 10 0 

2141 1632618324257797262 1 6
3 4 6 0 2 11 

7228 13331732435751267428 1 7
3 10 2 11 4 5 12 

4750 14361936750685508822 1 6
3 7 12 9 1 2 

2393 12681534858288987330 1 6
3 0 11 4 8 6 

7480 1802742977526022721 1 7
3 10 11 4 5 12 8 

2127 7142658348939184432 2 6
3 6 1 11 0 2 
6 3 1 11 0 2 

7214 9906056319306177410 1 7
3 5 12 10 2 11 1 

2142 1138861457194977988 1 6
3 6 4 1 11 2 

2394 16290248386699409239 1 6
3 1 11 6 8 4 

2364 15899822946577150991 1 6
3 11 2 5 8 4 

2109 5403030566829421989 1 6
3 5 4 11 0 2 

7196 4747502064898603987 1 6
3 4 12 10 2 11 

2139 12202107025027241413 1 6
3 6 4 1 11 0 

7226 7555321594275350241 1 7
3 10 11 1 4 5 12 

2362 3419512913494653635 1 6
3 11 1 5 8 4 

7449 9358332172946383727 1 7
3 10 11 0 4 12 8 

2361 12658958694618490712 1 6
3 11 0 5 8 4 

7448 3283504433524100836 1 6
3 10 11 4 12 8 

2379 7076288355012814913 1 6
3 6 8 1 11 0 

7466 7152925417515080553 1 7
3 5 12 8 10 11 1 

2110 6056149240341768942 1 6
3 5 4 11 1 2 

7197 7174176976023478198 1 7
3 4 12 10 2 11 0 

2095 8116836173308105001 2 6
3 5 11 1 0 2 
5 3 11 1 0 2 

7182 9151178366398732863 2 6
3 12 10 2 11 1 
12 3 10 2 11 1 

2079 15471120556998584896 2 6
3 4 11 1 0 2 
4 3 11 1 0 2 

4691 10964764698697429812 2 6
6 12 4 9 1 0 
6 12 4 1 9 0 

2334 6916372107409834263 1 6
3 8 4 11 1 2 

4707 2680475458305330048 2 6
12 6 5 1 9 0 
12 6 5 9 1 0 

2350 4301191847621733678 1 6
3 5 8 11 1 2 

7437 4191914989959204241 1 7
3 12 8 10 2 11 0 

2107 13675737903366149816 1 6
3 5 4 11 1 0 

7194 14257527065201577035 1 6
3 4 12 10 11 1 

4647 17715894349680251738 2 6
5 12 2 0 9 1 
12 5 2 0 9 1 

2290 4748863146972945362 2 6
1 11 7 5 6 4 
11 1 7 5 6 4 

7377 6128752413948759458 1 7
11 0 10 6 12 7 4 

2331 13008247725856588468 1 6
3 4 8 11 1 0 

2347 11605124660046331868 1 6
3 5 8 11 1 0 

7434 6200342787407973990 1 6
3 12 8 11 1 10 

4635 4250225017815258684 1 6
3 4 12 0 9 1 

2278 5627532192969319191 1 6
7 5 6 11 1 2 

7365 5625543034462557154 1 7
6 12 7 2 10 0 11 

2484 8227243775995095000 2 6
2 11 7 5 8 4 
11 2 7 5 8 4 

2247 6294674671949082173 1 6
7 6 11 1 2 0 

7334 9928767865727570579 1 7
7 5 12 10 2 1 11 

2501 13681357406192413275 2 6
7 6 8 2 0 11 
7 8 6 2 0 11 

7588 7030010631222721393 1 7
2 10 11 7 5 8 12 

2229 14067796721373951642 1 6
7 5 4 2 0 11 

7316 8494699513665931193 1 6
2 10 11 7 12 4 

2470 3428984287040479100 1 6
7 5 8 11 1 2 

7557 5480054670268476480 1 7
7 8 12 2 10 0 11 

2227 3812281411010233124 1 6
7 5 4 11 1 0 

7314 1627543540823267028 1 6
1 11 10 7 12 4 

2469 3114713145820123950 1 6
7 5 8 2 0 11 

7556 3378045647141909926 1 6
2 10 11 7 8 12 

2215 6363625149400653980 1 6
7 5 11 1 2 0 

7302 6377069519015787955 1 6
7 12 10 2 1 11 

2454 6303126619975421486 1 6
8 7 4 11 1 2 

4556 18307384096830971723 2 6
2 3 6 12 7 8 
3 2 6 12 7 8 

2199 12280036954648541493 1 6
7 4 11 1 2 0 

4810 16947349997725162909 1 6
3 1 9 6 12 7 

2453 16495557931369020147 1 6
8 7 4 2 0 11 

4522 5239587169830528689 2 6
1 3 7 5 8 12 
3 1 7 5 8 12 

2165 14285571186651996639 2 6
2 0 11 6 4 5 
2 0 11 4 6 5 

7252 3930412963873465863 1 6
6 12 4 2 10 11 

2166 5074210884089478510 2 6
11 1 2 6 4 5 
11 1 2 4 6 5 

7253 12639301222115441021 1 7
6 12 4 2 10 0 11 

4762 4536047459994904669 1 6
3 9 1 7 12 4 

2405 5317865269750521619 1 6
8 5 6 2 0 11 

7492 15195836189359285328 1 6
6 12 8 2 10 11 

2439 6294674671949082173 1 6
7 8 11 1 2 0 

2406 14830042873046372939 1 6
11 1 2 8 5 6 

7493 7670141469246456486 1 7
6 12 8 2 10 0 11 

4774 9015303103185916333 1 6
7 5 12 9 2 1 

2417 4902985354685699827 2 6
0 11 8 5 4 6 
11 0 8 5 4 6 

7504 10085361710168560765 2 6
10 11 6 12 8 4 
11 10 6 12 8 4 

2163 9267964065929834339 2 6
11 1 0 6 4 5 
11 1 0 4 6 5 

7250 6582839874265546745 1 6
6 12 4 1 11 10 

4700 246241874083614009 1 6
3 9 2 12 6 4 

2343 8714142643604561961 2 6
5 8 11 1 2 0 
8 5 11 1 2 0 

1740 8707889789841570736 1 6
3 7 6 10 2 9 

4747 9260959672583967009 1 6
3 7 12 0 9 1 

2390 3596616829001399528 1 6
11 1 2 8 4 6 

2358 17808350349473828659 1 6
11 1 2 8 5 4 

7445 5942740582432185935 2 7
4 8 12 2 10 0 11 
8 4 12 2 10 0 11 

1738 17808818611926726586 1 6
3 6 7 1 10 9 

6825 13892894989868656680 1 7
3 7 5 12 0 9 11 

2375 16407535575187474009 2 6
6 8 11 1 2 0 
8 6 11 1 2 0 

7462 16670919435349748243 1 7
5 8 12 10 2 1 11 

1737 12019287887097524916 1 6
3 7 6 10 0 9 

6824 14054358924350846965 1 6
3 9 11 7 5 12 

4714 221338594523013849 1 6
3 1 9 6 12 5 

2357 14661289095240289021 1 6
8 5 4 2 0 11 

7444 12679890135790278201 2 6
2 10 11 4 8 12 
2 10 11 8 4 12 

1708 2167952152056076852 1 6
3 7 5 10 2 9 

6795 16547608329744368180 1 7
3 7 12 0 9 11 1 

1690 16901014681335127751 1 6
3 4 7 10 9 1 

1960 6422665440003264123 1 6
3 10 9 7 5 8 

1705 8958549388050515677 1 6
3 7 5 10 0 9 

6792 2752005473136897051 1 5
3 7 12 9 11 

1992 15011532439932139623 1 6
3 10 9 7 6 8 

4301 4530519975297623507 1 6
3 0 2 6 12 7 

1944 12892235070282863532 1 6
3 10 9 4 7 8 

1932 4700749668536887910 1 6
3 7 8 10 2 9 

1689 576410890981718958 1 6
3 4 7 10 0 9 

6776 7287611303196966641 1 7
3 11 9 12 6 5 4 

1930 16700732180471042242 1 6
3 7 8 10 9 1 

1692 9979032264166764158 1 6
3 4 7 10 2 9 

1677 14077127605532188847 1 6
7 3 10 2 0 9 

6764 12717610849225697321 1 7
3 12 6 5 11 9 2 

1678 18317017081866580619 1 6
7 3 10 2 9 1 

4032 3302584652880036625 2 6
7 6 8 9 10 11 
7 8 6 9 10 11 

1675 17607437911705649660 1 6
7 3 10 0 9 1 

6762 7240422609903437519 1 7
3 6 12 5 1 11 9 

1642 460434628664358278 1 6
3 6 5 1 10 9 

6729 5289691627686498022 1 6
3 12 6 11 0 9 

1656 1972455480563422146 1 6
3 10 9 4 5 6 

4253 4851488966179052013 1 6
3 0 2 7 12 4 

1896 3777286214783092984 1 6
3 10 9 5 8 6 

1614 17605919229040354568 2 6
3 6 1 10 2 9 
6 3 1 10 2 9 

6701 9196467866541256772 1 7
3 12 5 11 0 2 9 

1929 8442273197525324268 1 6
3 7 8 10 0 9 

7016 17728023167393320609 1 7
3 11 9 12 6 5 8 

3970 3513552745477414739 1 6
7 8 10 9 1 11 

1613 8849600033311152472 2 6
3 6 10 2 9 0 
6 3 10 2 9 0 

6700 17883456913884259432 1 6
3 12 5 11 9 2 

1641 2166122580740995313 1 6
3 5 6 10 9 0 

6728 3288631214574896129 1 5
3 12 6 11 9 

1868 3445080894000087675 1 6
3 6 8 10 2 9 

1625 206655373418883804 1 6
3 4 6 10 9 0 

6712 9149995469768942735 1 6
3 11 9 12 5 4 

1644 4401599875475298559 1 6
3 5 6 10 2 9 

6731 504702089394536351 1 7
3 6 12 1 11 0 9 

1628 7651057714003767745 1 6
3 4 6 10 2 9 

1865 5528008777484733393 1 6
3 6 8 10 9 0 

6952 14105480073986075624 1 6
3 11 9 12 5 8 

1596 11734333146853609792 1 6
3 4 5 10 2 9 

6683 11851596101633324461 1 7
3 12 4 11 1 0 9 

1581 7180919503128265246 2 6
3 5 10 2 9 0 
5 3 10 2 9 0 

6668 8265842815081404106 2 5
3 12 11 9 2 
12 3 11 9 2 

1866 17934839381529024424 1 6
3 6 8 1 10 9 

6953 5848469873508521609 1 7
3 11 0 9 12 5 8 

4205 8252192028692469470 1 6
3 0 2 6 12 5 

1848 3154026897958639686 1 6
3 10 9 4 5 8 

1836 3677859138901956485 1 6
3 5 8 10 2 9 

6923 9187184785960264143 1 7
3 12 8 11 1 9 0 

1834 8139307091913068080 1 6
3 5 8 10 9 1 

6921 8987370581238299616 1 6
3 12 8 11 9 0 

1593 8574305360712644944 1 6
3 4 5 10 9 0 

6680 1663757784261208106 1 5
3 11 9 12 4 

1820 732607122118665901 1 6
3 4 8 10 2 9 

3936 18182780674940823444 1 6
9 10 11 8 5 6 

1579 11537269678742379136 2 6
3 5 10 9 0 1 
5 3 10 9 0 1 

6666 6127816664639170099 2 5
3 12 11 1 9 
12 3 11 1 9 

4190 10375592601219497151 1 6
3 1 2 6 12 4 

1833 4957669007333262257 1 6
3 5 8 10 9 0 

6920 12042533987762259922 1 5
3 11 9 12 8 

1805 17365926067724037185 2 6
3 8 10 2 9 0 
8 3 10 2 9 0 

1803 10041511663891506662 2 6
3 8 10 9 1 0 
8 3 10 9 1 0 

1565 10033827837268222583 2 6
3 4 10 2 9 0 
4 3 10 2 9 0 

1806 4535191070208939797 2 6
3 8 10 2 9 1 
8 3 10 2 9 1 

2000 4363052580475398162 2 6
9 10 7 8 6 4 
10 9 7 8 6 4 

1748 2875082562595216162 1 6
10 2 9 7 6 4 

1746 18426537837345043884 1 6
7 6 4 10 9 1 

6833 3142343465166558401 1 7
11 9 0 7 5 12 4 

1986 11361942504348746394 2 6
7 6 8 10 9 1 
7 8 6 10 9 1 

7073 16341643709279737278 1 7
11 9 0 7 5 8 12 

1762 1646573596517355199 1 6
7 5 6 10 9 1 

6849 13307999804076184781 1 6
6 12 7 11 9 0 

1745 1052928845047519239 2 6
7 6 4 9 10 0 
7 6 4 10 9 0 

6832 17998081600470403548 2 6
9 11 7 5 12 4 
11 9 7 5 12 4 

1734 1623423155699356195 1 6
7 6 10 2 9 1 

6821 7815010043830276384 1 7
7 5 12 2 0 9 11 

1761 2324871457763124357 2 6
7 5 6 9 10 0 
7 5 6 10 9 0 

6848 246555856960030003 2 5
9 11 6 12 7 
11 9 6 12 7 

1733 17111249124973475599 1 6
7 6 10 2 9 0 

6820 7751629285674495735 1 6
7 5 12 9 2 11 

1985 6520082914150992361 4 6
7 6 8 9 10 0 
7 6 8 10 9 0 
7 8 6 9 10 0 
7 8 6 10 9 0 

7072 15128658340408919419 2 6
9 11 7 5 8 12 
11 9 7 5 8 12 

1731 9616711608071860177 1 6
7 6 10 9 1 0 

6818 2880058366906195520 1 6
7 5 12 11 1 9 

1988 2146212662938609289 2 6
10 2 9 7 8 6 
10 2 9 7 6 8 

4325 15460786659926977646 2 6
0 2 6 12 7 5 
2 0 6 12 7 5 

1968 7922361530774841078 2 6
9 10 7 5 8 4 
10 9 7 5 8 4 

1714 9617010881529820325 1 6
7 5 4 10 9 1 

6801 11109633371414065437 1 6
7 12 4 11 9 0 

4313 5627313698823364541 2 6
0 3 6 12 7 4 
3 0 6 12 7 4 

1956 16393455648920495909 1 6
7 5 8 10 2 9 

7043 11903193229291828535 1 7
7 8 12 11 1 9 0 

1713 4360273684529651016 2 6
7 5 4 9 10 0 
7 5 4 10 9 0 

6800 4130108182337215572 2 5
9 11 7 12 4 
11 9 7 12 4 

1716 17612685899065832484 1 6
7 5 4 10 2 9 

6803 12282323916906572208 1 7
7 12 4 11 1 9 0 

1953 6936892870044806910 2 6
7 5 8 9 10 0 
7 5 8 10 9 0 

7040 9303449197095857260 2 5
9 11 7 8 12 
11 9 7 8 12 

1699 11463301673458285740 1 6
7 5 10 9 1 0 

6786 15411630404723345893 1 5
7 12 11 1 9 

1701 3261483803344452088 1 6
7 5 10 2 9 0 

6788 7696476238624610920 1 5
7 12 9 2 11 

1702 3434170726565078269 1 6
7 5 10 2 9 1 

6789 4365481547391982583 1 6
7 12 2 0 9 11 

1685 13532360673458621204 1 6
7 4 10 2 9 0 

6772 8184516250574305224 1 7
9 2 11 12 6 5 4 

1937 593563391368468515 2 6
8 7 4 9 10 0 
8 7 4 10 9 0 

7024 14256966497907107237 2 7
9 11 6 12 8 5 4 
11 9 6 12 8 5 4 

1683 6421634301108291100 1 6
7 4 10 9 1 0 

6770 9154333911315246442 1 7
11 1 9 12 6 5 4 

1686 13265024856718633931 1 6
7 4 10 2 9 1 

4295 13646426035407535361 2 6
6 12 7 0 2 1 
6 12 7 2 0 1 

1938 5810011435311086310 1 6
8 7 4 10 9 1 

4282 15102019100655294636 2 6
1 3 7 5 12 4 
3 1 7 5 12 4 

1925 17111249124973475599 1 6
7 8 10 2 9 0 

7012 8841453104424565824 1 7
9 2 11 6 12 8 5 

1671 2292105239419784435 1 6
7 10 2 9 1 0 

6758 12265653732303593047 1 7
12 6 5 11 1 9 2 

1650 11873601161045365692 2 6
10 9 1 6 4 5 
10 9 1 4 6 5 

6737 264522603139093135 1 6
6 12 4 11 9 0 

1926 1623423155699356195 1 6
7 8 10 2 9 1 

1649 8092216417515169213 4 6
9 10 0 6 4 5 
9 10 0 4 6 5 
10 9 0 6 4 5 
10 9 0 4 6 5 

6736 12085642761926666391 2 5
9 11 6 12 4 
11 9 6 12 4 

1622 9742234291642419706 2 6
4 6 10 2 9 1 
6 4 10 2 9 1 

6709 13927955525781866009 2 7
5 12 4 2 0 9 11 
12 5 4 2 0 9 11 

1923 9616711608071860177 1 6
7 8 10 9 1 0 

7010 8085391039984412607 1 7
11 1 9 6 12 8 5 

4247 8155045231883023036 2 6
7 12 4 2 0 1 
7 12 4 0 2 1 

1890 15604564434612178046 1 6
10 9 1 8 5 6 

6977 2798269974482087580 1 6
6 12 8 11 9 0 

1652 17380668702851341734 2 6
10 2 9 6 4 5 
10 2 9 4 6 5 

6739 2425588090932954579 1 7
6 12 4 11 1 9 0 

1621 6999857670820443334 2 6
4 6 10 2 9 0 
6 4 10 2 9 0 

6708 17235163084634837314 2 6
9 2 11 5 12 4 
9 2 11 12 5 4 

1889 2383487702702970546 2 6
9 10 0 8 5 6 
10 9 0 8 5 6 

6976 13046185731413422903 2 5
9 11 6 12 8 
11 9 6 12 8 

1862 14006914737117947599 2 6
6 8 10 2 9 1 
8 6 10 2 9 1 

6949 7939885979215576206 1 7
5 8 12 2 0 9 11 

4218 2193944492548687977 2 6
1 3 6 12 5 4 
3 1 6 12 5 4 

1861 5335075495976711602 2 6
6 8 10 2 9 0 
8 6 10 2 9 0 

6948 2478228729694777325 1 6
5 8 12 9 2 11 

4187 12954231723886791564 1 6
3 1 0 6 12 4 

1830 4805525541015382067 2 6
5 8 10 2 9 1 
8 5 10 2 9 1 

1873 9983975668241673930 2 6
9 10 0 8 4 6 
10 9 0 8 4 6 

6960 7006744199145402552 2 6
9 11 8 5 4 12 
11 9 8 5 4 12 

4199 3559327349220608829 2 6
12 6 5 2 0 1 
12 6 5 0 2 1 

1842 9050824217115121223 1 6
10 9 1 8 5 4 

6929 10146441478832854921 2 6
4 8 12 11 9 0 
8 4 12 11 9 0 

3976 16203836750212610825 1 6
3 7 8 10 9 11 

1619 14472590925391478229 2 6
4 6 10 9 1 0 
6 4 10 9 1 0 

6706 5425765972343781044 2 6
11 1 9 5 12 4 
11 1 9 12 5 4 

1827 2351467864929314117 2 6
5 8 10 9 1 0 
8 5 10 9 1 0 

1859 9073487330210727565 2 6
6 8 10 9 1 0 
8 6 10 9 1 0 

6946 17981856256536923916 1 6
11 1 9 5 8 12 

1841 4484435691672963053 2 6
9 10 0 8 5 4 
10 9 0 8 5 4 

6928 14930550865134609496 4 5
9 11 4 8 12 
9 11 8 4 12 
11 9 8 4 12 
11 9 4 8 12 

1260 16651904486973467263 1 6
3 10 2 7 5 6 

6347 3803144757228992701 1 7
3 6 12 7 1 0 11 

1258 1458426117676643519 1 6
3 1 10 6 7 5 

6345 17808051588924190085 1 6
3 0 11 6 12 7 

1272 2198512303025860164 2 6
3 10 7 5 4 6 
10 3 7 5 4 6 

1244 7733172876768428180 1 6
3 10 2 4 7 6 

1811 10271802975833525205 2 6
4 8 10 9 1 0 
8 4 10 9 1 0 

1241 623945354616635602 1 6
3 10 0 4 7 6 

6328 16405071494073796855 2 6
3 11 5 7 12 4 
11 3 5 7 12 4 

1230 14751088736962186073 1 6
3 6 7 1 10 2 

6317 18284686761774003309 1 7
3 7 5 12 0 11 2 

1229 14783439180244398793 1 6
3 7 6 10 2 0 

6316 17269981687067733054 1 6
3 11 2 5 7 12 

1257 8652149547537224144 1 6
3 10 0 7 5 6 

6344 18022260514960828059 2 5
3 11 6 12 7 
11 3 6 12 7 

1242 6860711158291092631 1 6
3 1 10 6 4 7 

6329 9549245610333524174 1 7
3 0 11 7 5 12 4 

1227 17130758651381564038 1 6
3 6 7 1 10 0 

6314 3164974211696033283 1 6
3 11 1 5 7 12 

1212 9788313824054458037 1 6
3 10 2 7 5 4 

6299 9239158464105010449 1 7
3 7 12 4 0 11 1 

1484 9135710529375677502 1 6
3 10 2 7 6 8 

1210 14337977166824376719 1 6
3 10 1 7 5 4 

6297 13174088669439552908 1 6
3 0 11 7 12 4 

1198 11049595584203372309 1 6
3 7 5 10 2 1 

6285 16556493596099993050 1 6
3 7 12 0 11 2 

1452 2621571470964139976 1 6
3 10 2 7 5 8 

6539 9336556489737430673 1 7
3 7 8 12 0 11 1 

1450 18211260946570659604 1 6
3 10 1 7 5 8 

6537 15420598077092184331 1 6
3 0 11 7 8 12 

1481 13631337438922171811 1 6
3 10 0 7 6 8 

6568 9883212578502345745 2 6
3 11 7 5 8 12 
11 3 7 5 8 12 

1436 178271597877302506 1 6
3 10 2 4 7 8 

1209 13491996584098714771 1 6
3 10 0 7 5 4 

6296 2837814409849588746 2 5
3 11 12 7 4 
11 3 12 7 4 

3552 3940461917451950809 2 6
10 11 7 5 8 6 
11 10 7 5 8 6 

1195 6219899547350521105 1 6
3 7 5 10 0 1 

6282 2361063758631152410 1 5
3 11 1 12 7 

1197 16706902290292318547 1 6
3 7 5 10 2 0 

6284 15323728336245392230 1 5
3 12 7 11 2 

1181 5211140144067349575 1 6
3 4 7 10 2 0 

6268 4193645023435860002 1 7
3 11 2 12 6 5 4 

1434 848666563528406733 1 6
3 10 1 4 7 8 

3536 18439367619786984094 2 6
10 11 7 8 6 4 
11 10 7 8 6 4 

1179 12412716900465758307 1 6
3 4 7 10 0 1 

6266 8412123618310707198 1 7
3 1 11 6 12 5 4 

3778 3513552745477414739 1 6
7 6 10 9 1 11 

1421 9170442168456218024 1 6
3 7 8 10 2 0 

6508 2546660765899930908 1 7
3 11 2 12 6 5 8 

3524 13787714643829759521 2 6
2 10 11 7 6 8 
2 10 11 7 8 6 

1167 15656015433369306283 1 6
7 3 10 2 0 1 

6254 10243473107777099946 1 7
3 6 12 5 1 11 2 

1449 6081586316213816991 1 6
3 10 0 7 5 8 

6536 11513688771757366616 2 5
3 11 7 8 12 
11 3 7 8 12 

1148 4368243861398789872 1 6
3 10 2 4 5 6 

6235 11065266271188430328 1 7
3 6 12 4 1 11 0 

1433 17695330703055226952 1 6
3 10 0 4 7 8 

6520 5648961850477779032 2 7
3 11 12 6 5 8 4 
11 3 12 6 5 8 4 

1422 16187237259382936884 1 6
3 7 8 10 2 1 

3745 914424164157231520 1 6
7 5 9 10 11 0 

1388 9679433539886181221 1 6
3 10 2 5 8 6 

6475 3600468610895450493 1 7
3 6 12 8 1 11 0 

1145 790864617819811807 1 6
3 10 0 4 5 6 

6232 9999831352059101921 2 5
3 11 12 6 4 
11 3 12 6 4 

1134 6896104864205158623 1 6
3 6 5 1 10 2 

6221 16262785132412791014 1 6
3 12 6 11 0 2 

3729 6233585296835744762 1 6
7 4 9 10 11 0 

1372 463331415670968175 1 6
3 10 2 4 6 8 

1146 5837201909167023256 1 6
3 1 10 6 4 5 

6233 15037465238399528153 1 6
3 11 0 12 6 4 

1400 6179628675120710286 2 6
3 10 4 5 8 6 
10 3 4 5 8 6 

1118 1480080492823961013 1 6
3 6 4 1 10 2 

6205 5821773914292922290 1 7
3 11 0 2 12 5 4 

1385 14178286821193742102 1 6
3 10 0 5 8 6 

6472 10658758424785785985 2 5
3 11 12 6 8 
11 3 12 6 8 

3474 968545010276515572 1 6
8 7 4 1 11 10 

1117 5520947305100466497 1 6
3 4 6 10 2 0 

6204 15020332797150228461 1 6
3 11 2 12 5 4 

3490 3197294022855534016 1 6
7 5 8 1 11 10 

1133 16738704203288689631 1 6
3 5 6 10 2 0 

6220 16091878999903972322 1 5
3 12 6 11 2 

1386 17087393344765408518 1 6
3 1 10 6 5 8 

6473 13247695167610423008 1 6
3 11 0 12 6 8 

1369 6144513514742378740 1 6
3 10 0 4 6 8 

6456 16886018015632400990 2 6
3 11 12 5 8 4 
11 3 12 5 8 4 

1086 2201538473398808555 1 6
3 4 5 10 2 1 

6173 16807743770885700075 1 6
3 12 4 11 0 2 

1370 11469119317640428491 1 6
3 1 10 6 4 8 

6457 14377024208258221593 1 7
3 11 0 12 5 8 4 

1340 9419557276357878157 1 6
3 10 2 4 5 8 

6427 1667678857620270771 1 7
3 11 1 0 12 4 8 

1085 17749703135119708893 1 6
3 4 5 10 2 0 

6172 12663383412238872444 1 5
3 11 2 12 4 

3428 5947311395499597718 1 6
2 10 11 8 5 6 

1071 1269885263148102818 2 6
3 5 10 2 0 1 
5 3 10 2 0 1 

6158 14009979596174536947 2 5
3 12 11 1 2 
12 3 11 1 2 

3440 7093670782031897944 2 6
10 11 8 5 4 6 
11 10 8 5 4 6 

1083 7662550297684487203 1 6
3 4 5 10 0 1 

6170 9685631298238832238 1 5
3 11 1 12 4 

3715 4561006105428535968 1 6
7 10 9 1 11 0 

1358 7432069389680122658 1 6
3 6 8 1 10 2 

6445 14392762849829533412 1 7
3 11 0 2 12 5 8 

1326 9810006609369884637 1 6
3 5 8 10 2 1 

6413 11943438021443559870 1 6
3 12 8 11 2 0 

1338 16304727336144256907 1 6
3 10 1 4 5 8 

6425 18429624958602646469 1 6
3 11 0 12 4 8 

3412 12129874519111765638 1 6
2 10 11 8 4 6 

1055 4896454389914017714 2 6
3 4 10 2 1 0 
4 3 10 2 1 0 

1337 8679451600426930102 1 6
3 10 0 4 5 8 

6424 3268105914678985549 2 5
3 11 12 4 8 
11 3 12 4 8 

1323 7047728630987753174 1 6
3 5 8 10 0 1 

6410 8344411745267800395 1 5
3 11 1 12 8 

3666 13965251350471323951 2 6
4 6 10 9 1 11 
6 4 10 9 1 11 

1309 8610701524866176069 1 6
3 4 8 10 2 0 

3625 14995322316100345822 2 6
3 5 10 9 11 0 
5 3 10 9 11 0 

1268 12648533623705754664 2 6
2 10 7 5 6 4 
10 2 7 5 6 4 

6355 10374403456884819661 1 7
11 1 0 6 12 7 4 

1266 10244398460510400488 2 6
1 10 7 5 6 4 
10 1 7 5 6 4 

6353 160447773852558752 2 6
0 11 6 12 7 4 
11 0 6 12 7 4 

1325 7903504338710258125 1 6
3 5 8 10 2 0 

6412 8327469078989622895 1 5
3 11 2 12 8 

1295 16250980424291417036 2 6
3 8 10 2 1 0 
8 3 10 2 1 0 

1310 968674469762499070 1 6
3 4 8 10 2 1 

3610 6845925531136191634 2 6
3 4 10 9 1 11 
4 3 10 9 1 11 

1253 9261586746551257088 1 6
7 5 6 2 10 0 

6340 10428444278278517442 2 5
2 11 6 12 7 
11 2 6 12 7 

1490 12647140064229019199 2 6
1 10 7 8 6 4 
10 1 7 8 6 4 

6577 5507936945880127717 2 7
0 11 7 5 8 12 4 
11 0 7 5 8 12 4 

1508 4091704965132580902 2 6
2 10 7 5 8 6 
10 2 7 5 8 6 

6595 7914297625742327146 1 7
11 1 0 6 12 7 8 

1254 5942533019321545796 1 6
7 5 6 10 2 1 

6341 2079330468385950728 1 6
6 12 7 2 0 11 

1475 17983910192225652825 4 6
7 6 8 1 10 0 
7 6 8 10 1 0 
7 8 6 1 10 0 
7 8 6 10 1 0 

6562 16093064602118541044 2 6
1 11 7 5 8 12 
11 1 7 5 8 12 

1235 340089424196430037 2 6
7 6 4 1 10 0 
7 6 4 10 1 0 

6322 16029599157903118040 2 6
1 11 7 5 12 4 
11 1 7 5 12 4 

1478 11010522350785542110 2 6
10 2 1 7 8 6 
10 2 1 7 6 8 

6565 8432228526369396863 1 7
2 0 11 7 5 8 12 

3849 11628698807553333502 2 6
3 8 9 10 11 0 
8 3 9 10 11 0 

1492 2013615504060807518 2 6
2 10 7 8 6 4 
10 2 7 8 6 4 

1237 10157356845941266935 1 6
2 10 0 7 6 4 

6324 9171927087472331666 2 6
2 11 7 5 12 4 
11 2 7 5 12 4 

1223 2932143539481614460 1 6
7 6 10 2 1 0 

6310 9505901021527676557 1 6
7 5 12 11 1 2 

1203 13025157404237389521 2 6
7 5 4 1 10 0 
7 5 4 10 1 0 

6290 4319005074805032759 2 5
1 11 7 12 4 
11 1 7 12 4 

1477 2724543216976917929 2 6
2 10 0 7 8 6 
2 10 0 7 6 8 

6564 6139731272802143636 2 6
2 11 7 5 8 12 
11 2 7 5 8 12 

1460 4679384836103003156 2 6
2 10 7 5 8 4 
10 2 7 5 8 4 

6547 15221445400483181515 1 7
11 1 0 7 8 12 4 

1205 4521191668013755953 1 6
7 5 4 2 10 0 

6292 7280670102341276444 2 5
2 11 7 12 4 
11 2 7 12 4 

1430 17904463774275518624 1 6
10 2 1 8 7 4 

1445 2475096555443327501 1 6
7 5 8 2 10 0 

6532 5773351672808772563 2 5
2 11 7 8 12 
11 2 7 8 12 

3784 15789846585014513356 1 6
3 7 6 10 9 11 

1427 14315039829902339493 2 6
8 7 4 1 10 0 
8 7 4 10 1 0 

6514 18408111725037516374 2 7
1 11 6 12 8 5 4 
11 1 6 12 8 5 4 

1446 12603468058899149625 1 6
7 5 8 10 2 1 

6533 15053011097084403588 1 6
7 8 12 2 0 11 

1429 12387270350000981039 1 6
2 10 0 8 7 4 

6516 10171803432489328718 2 7
2 11 6 12 8 5 4 
11 2 6 12 8 5 4 

1175 15342088591035226476 1 6
7 4 10 2 1 0 

6262 6866879058344758438 1 7
11 1 2 12 6 5 4 

1191 16053973623690746142 1 6
7 5 10 2 1 0 

6278 6399563010684631184 1 5
7 12 11 1 2 

1396 15799608382848185516 2 6
2 10 8 5 4 6 
10 2 8 5 4 6 

6483 15198087558961825844 1 7
11 1 0 6 12 8 4 

1142 15209342479613095209 2 6
10 2 1 6 4 5 
10 2 1 4 6 5 

6229 8045045643928269476 1 6
6 12 4 2 0 11 

1141 10293464208417371561 2 6
2 10 0 6 4 5 
2 10 0 4 6 5 

6228 16627754222751269912 2 5
2 11 6 12 4 
11 2 6 12 4 

1415 2932143539481614460 1 6
7 8 10 2 1 0 

6502 2546330917147592926 1 7
11 1 2 6 12 8 5 

3468 631711314460220121 1 6
3 7 8 10 2 11 

1111 5221867266150095595 2 6
4 6 10 2 1 0 
6 4 10 2 1 0 

6198 13012353921367911858 2 6
11 1 2 5 12 4 
11 1 2 12 5 4 

1382 4841788567481712963 1 6
10 2 1 8 5 6 

6469 16968951205623438782 1 6
6 12 8 2 0 11 

1394 617548991011699335 2 6
1 10 8 5 4 6 
10 1 8 5 4 6 

6481 10443787165491500113 2 6
0 11 6 12 8 4 
11 0 6 12 8 4 

3736 10015542666795111350 1 6
3 4 7 10 9 11 

1379 2942638134545536596 2 6
8 5 6 1 10 0 
8 5 6 10 1 0 

6466 361472312079264573 2 5
1 11 6 12 8 
11 1 6 12 8 

1366 12995244362185100552 1 6
10 2 1 8 4 6 

6453 3555208205517270312 1 7
2 0 11 8 5 4 12 

3496 1868434856836103214 1 6
3 10 11 7 5 8 

1139 5706528799280165259 4 6
1 10 0 6 4 5 
1 10 0 4 6 5 
10 1 0 6 4 5 
10 1 0 4 6 5 

6226 8801784984548271183 2 5
1 11 6 12 4 
11 1 6 12 4 

1319 10193910110275583374 2 6
5 8 10 2 1 0 
8 5 10 2 1 0 

1334 6128722210400062154 1 6
10 2 1 8 5 4 

6421 2655831906431596142 2 6
2 0 11 8 4 12 
2 0 11 4 8 12 

5474 511057043803856989 2 6
1 10 6 12 8 5 
10 1 6 12 8 5 

3117 7894994800572894922 2 6
3 5 10 2 11 0 
5 3 10 2 11 0 

760 7002487263376412126 2 6
3 9 7 5 6 4 
9 3 7 5 6 4 

1381 17387174372307326664 1 6
2 10 0 8 5 6 

6468 11307143387869750926 2 5
2 11 6 12 8 
11 2 6 12 8 

3722 4707198218080081462 1 6
7 3 10 9 1 11 

1365 14158428785581150636 1 6
2 10 0 8 4 6 

6452 17396548335305889482 2 6
2 11 8 5 4 12 
11 2 8 5 4 12 

3660 16151151923182629158 2 6
3 6 10 2 9 11 
6 3 10 2 9 11 

1303 8861906571859851845 2 6
4 8 10 2 1 0 
8 4 10 2 1 0 

1351 3472273485745173989 2 6
6 8 10 2 1 0 
8 6 10 2 1 0 

6438 3099958086658607252 1 6
11 1 2 5 8 12 

1000 1434279110538320678 2 6
3 9 7 5 8 6 
9 3 7 5 8 6 

5460 13052128026734632751 2 6
2 10 6 12 8 4 
10 2 6 12 8 4 

373 12012262617071069031 2 6
0 2 8 5 4 6 
2 0 8 5 4 6 

746 13163139840615204047 1 6
3 1 9 6 7 5 

5833 17568153766659017782 1 7
3 6 12 7 10 0 9 

5446 1415223265030615497 1 6
6 12 8 10 2 1 

359 4350128369115763274 2 6
8 5 6 2 0 1 
8 5 6 0 2 1 

732 18338195575691022886 1 6
3 9 2 7 6 4 

3688 4967639010933255136 1 6
3 5 6 10 9 11 

1331 17204539256271453503 2 6
8 5 4 1 10 0 
8 5 4 10 1 0 

6418 5981862573010825329 4 5
1 11 8 4 12 
1 11 4 8 12 
11 1 8 4 12 
11 1 4 8 12 

3102 13213360321587815611 2 6
3 4 10 2 1 11 
4 3 10 2 1 11 

745 1101261338719570403 1 6
3 0 9 7 5 6 

5832 11227639420567158670 1 6
3 10 9 6 12 7 

1333 3977670799970177862 1 6
2 10 0 8 5 4 

6420 16093671899919895028 4 5
2 11 8 4 12 
2 11 4 8 12 
11 2 8 4 12 
11 2 4 8 12 

748 15612884504461982567 1 6
3 9 2 7 5 6 

718 12206761856737550995 1 6
3 6 7 1 9 2 

5443 10380449764312064993 2 6
6 12 8 10 1 0 
6 12 8 1 10 0 

729 17535487904225867327 1 6
3 0 9 7 6 4 

5816 4019759649554521922 1 7
3 10 9 7 5 4 12 

970 18407621074973276226 1 6
3 1 9 6 7 8 

972 7266983942995838403 1 6
3 9 2 7 8 6 

715 5532105013968268171 1 6
3 6 7 1 0 9 

5802 10392332456777612763 1 7
3 7 5 12 10 9 1 

969 13901579635071554185 1 6
3 0 9 7 6 8 

6056 13772653836900004701 1 7
3 10 9 7 5 8 12 

5414 6602010411581657158 1 6
10 2 1 5 8 12 

327 7398118333953931747 4 5
6 8 2 0 1 
6 8 0 2 1 
8 6 2 0 1 
8 6 0 2 1 

700 6478687430132177447 1 6
3 9 2 7 5 4 

717 17954157226763010413 1 6
3 7 6 0 9 2 

5804 14608192623064603243 1 7
3 7 5 12 10 2 9 

3297 7039637598773216531 1 6
7 5 6 11 0 10 

940 3740819122891905283 1 6
3 9 2 7 5 8 

5411 16467011139116224017 2 6
5 8 12 1 10 0 
5 8 12 10 1 0 

697 13777119524578620623 1 6
3 0 9 7 5 4 

5784 3101124363994177190 1 6
3 10 9 4 7 12 

685 10777037813161507719 1 6
3 7 5 0 9 2 

5772 3227621449861145651 1 6
3 7 12 10 2 9 

938 17593849919420286803 1 6
3 9 1 7 5 8 

6025 10365326517085850982 1 7
3 7 8 12 10 0 9 

937 1766412488928167095 1 6
3 0 9 7 5 8 

6024 16475550208486537065 1 6
3 10 9 7 8 12 

922 9970788896106588539 1 6
3 9 1 7 8 4 

669 17578107453119617083 1 6
3 7 4 0 9 2 

921 14171862396491747898 1 6
3 0 9 7 8 4 

5397 16345060231548879040 2 6
2 10 0 8 4 12 
2 10 0 4 8 12 

3040 13228303722373309003 2 6
9 11 7 5 8 6 
11 9 7 5 8 6 

683 701563272117810863 1 6
3 7 5 0 9 1 

5770 18322234581966091287 1 6
3 7 12 10 9 1 

3281 14653954897780760469 1 6
7 6 4 11 0 10 

924 5083492204873917306 1 6
3 9 2 7 8 4 

3267 217728592922169406 1 6
7 6 1 11 10 0 

910 1492082463995845977 1 6
3 7 8 9 1 2 

3024 15759773718205344655 2 6
9 11 7 8 6 4 
11 9 7 8 6 4 

667 17885225058739098 1 6
3 7 4 0 9 1 

888 4797440157799990822 2 6
3 9 8 5 4 6 
9 3 8 5 4 6 

5348 15347199421192255189 2 6
2 10 6 12 7 5 
10 2 6 12 7 5 

634 17831345730098609528 1 6
3 1 9 6 5 4 

5721 7208151376317320476 1 7
3 6 12 4 10 9 0 

3012 10053719502789720549 2 6
7 6 8 9 2 11 
7 8 6 9 2 11 

655 4958347993911563945 1 6
7 3 0 9 1 2 

874 4812366926135789217 1 6
3 1 9 6 5 8 

5961 3252998280335578673 1 7
3 6 12 8 10 9 0 

636 11514059081022408477 1 6
3 9 2 5 4 6 

2978 17557253341965202285 1 6
7 5 8 11 1 9 

8065 9170079079645091508 1 7
7 8 12 9 10 11 0 

621 12741733996435163812 1 6
3 5 6 0 2 9 

5708 13676470760465662003 1 6
3 6 12 10 2 9 

633 1661161366051677018 1 6
3 0 9 5 4 6 

5720 16754299762477727894 1 6
3 10 9 6 12 4 

2962 12187292018116867488 1 6
8 7 4 11 1 9 

605 7002907935925932918 1 6
3 4 6 0 2 9 

5692 3889212478480563426 1 7
3 10 2 9 4 5 12 

622 1422515140717491398 1 6
3 6 5 1 9 2 

5709 7897728177487031845 1 7
3 6 12 10 2 9 0 

5572 416526923409908206 2 6
2 10 6 12 7 8 
10 2 6 12 7 8 

485 18262832041302378928 2 6
0 2 7 5 8 6 
2 0 7 5 8 6 

858 8385283067969399836 1 6
3 1 9 6 4 8 

873 17975804601686769128 1 6
3 0 9 5 8 6 

5960 6119998405852849100 1 6
3 10 9 6 12 8 

3214 17574408876811837111 1 6
7 3 10 2 1 11 

857 14895463491672080475 1 6
3 0 9 4 8 6 

5944 2333652663591097527 1 7
3 10 9 4 5 8 12 

3185 11863415528928547743 2 6
11 0 10 6 4 5 
11 0 10 4 6 5 

828 9459458198867570939 1 6
3 9 2 8 5 4 

5540 11218733294168421167 2 6
2 10 7 5 8 12 
10 2 7 5 8 12 

453 12565722304546363468 4 5
0 2 7 6 8 
0 2 7 8 6 
2 0 7 6 8 
2 0 7 8 6 

826 7391627727967013292 1 6
3 9 1 8 5 4 

5913 4486067823961150678 1 7
3 10 9 0 4 12 8 

5285 7515466575518169125 1 6
7 5 12 2 10 0 

2928 11899049321112344546 2 6
9 11 8 5 4 6 
11 9 8 5 4 6 

571 12941504154379739645 1 6
3 5 4 0 9 1 

5658 13809660414488876685 1 6
3 4 12 10 9 1 

825 6255279446406261061 1 6
3 0 9 5 8 4 

5912 5933005273361154041 1 6
3 10 9 4 12 8 

813 5077925421773482212 1 6
3 5 8 0 2 9 

5900 6477073647583760789 1 6
3 12 8 10 2 9 

573 3773420199431201639 1 6
3 5 4 0 2 9 

5660 7046784389849191797 1 6
3 4 12 10 2 9 

811 7725750988514065424 1 6
3 5 8 0 9 1 

5898 10239947357905897787 1 6
3 12 8 10 9 1 

814 4627914493142262165 1 6
3 5 8 2 9 1 

5901 14588108861322747555 1 7
3 12 8 10 2 9 0 

754 11622466628843110003 2 6
1 9 7 5 6 4 
9 1 7 5 6 4 

5841 3886984473966464024 2 7
9 10 0 6 12 7 4 
10 9 0 6 12 7 4 

2916 14091186365429786496 1 6
8 5 6 9 2 11 

559 7881461098785050883 2 6
3 5 0 2 9 1 
5 3 0 2 9 1 

5646 7956403129218476020 2 6
3 12 10 2 9 1 
12 3 10 2 9 1 

783 17264321770917088675 2 6
3 8 2 0 9 1 
8 3 2 0 9 1 

3353 15525935116832153067 1 6
3 4 8 10 0 11 

996 12578766537444793873 2 6
2 9 7 5 8 6 
9 2 7 5 8 6 

994 11459933291106177581 2 6
1 9 7 5 8 6 
9 1 7 5 8 6 

6081 9918459045742539092 2 7
9 10 0 6 12 7 8 
10 9 0 6 12 7 8 

978 5183133194744073004 2 6
1 9 7 8 6 4 
9 1 7 8 6 4 

3099 15979119147754813408 2 6
3 4 10 1 11 0 
4 3 10 1 11 0 

742 18329173271475211590 1 6
7 5 6 9 2 1 

5829 6085894870086522412 1 7
6 12 7 10 2 9 0 

725 6345546996395015908 1 6
7 6 4 2 0 9 

5812 7595912725160807317 1 7
10 2 9 7 5 12 4 

965 12160963277360701451 2 6
7 6 8 2 0 9 
7 8 6 2 0 9 

6052 6168631302596968640 1 7
10 2 9 7 5 8 12 

726 8294099601449552039 1 6
7 6 4 9 2 1 

946 9050390408995383318 2 6
1 9 7 5 8 4 
9 1 7 5 8 4 

6033 6029586618620079276 2 7
9 10 0 7 8 12 4 
10 9 0 7 8 12 4 

948 1476282494581528473 2 6
2 9 7 5 8 4 
9 2 7 5 8 4 

723 15330324281630210613 2 6
7 6 4 1 9 0 
7 6 4 9 1 0 

5810 6892379481697124528 1 7
10 9 1 7 5 12 4 

711 7419429138695812692 1 6
7 6 2 0 9 1 

5798 12665602066687003325 1 7
7 5 12 10 2 9 1 

963 2070750018728520039 4 6
7 6 8 1 9 0 
7 6 8 9 1 0 
7 8 6 1 9 0 
7 8 6 9 1 0 

6050 927199440769400921 1 7
10 9 1 7 5 8 12 

693 9498212901429676245 1 6
7 5 4 2 0 9 

5780 14271175873255968089 1 6
10 2 9 7 12 4 

691 4157599404554981501 2 6
7 5 4 1 9 0 
7 5 4 9 1 0 

5778 11131834209227973391 1 6
10 9 1 7 12 4 

934 4645334462094186818 1 6
7 5 8 9 2 1 

6021 1814637789149907018 1 7
7 8 12 10 2 9 0 

694 14360001495206351336 1 6
7 5 4 9 2 1 

5781 2009687767867980810 1 7
7 12 4 10 2 9 0 

918 14499834810567648592 1 6
8 7 4 9 2 1 

3274 9020335582034462986 1 6
3 6 7 1 10 11 

917 6828650155921077972 1 6
8 7 4 2 0 9 

679 10737624215777193590 1 6
7 5 2 0 9 1 

5766 7228798411651494565 1 6
7 12 10 2 9 1 

3288 9009536526227802265 1 6
3 10 11 4 7 6 

931 12792798311389728156 2 6
7 5 8 1 9 0 
7 5 8 9 1 0 

6018 98490669380328615 1 6
7 8 12 10 9 1 

663 10754401182916790219 1 6
7 4 2 0 9 1 

882 1034133705213561535 2 6
1 9 8 5 4 6 
9 1 8 5 4 6 

5969 14421977106914981088 2 7
9 10 0 6 12 8 4 
10 9 0 6 12 8 4 

630 2337441455004494597 2 6
9 2 1 6 4 5 
9 2 1 4 6 5 

5717 7372808490027740373 1 7
6 12 4 10 2 9 0 

2984 11955135375752607961 1 6
3 9 11 7 5 8 

627 14344483604873887843 4 6
1 9 0 6 4 5 
1 9 0 4 6 5 
9 1 0 6 4 5 
9 1 0 4 6 5 

5714 8707156084956834961 1 6
6 12 4 10 9 1 

903 7419429138695812692 1 6
7 8 2 0 9 1 

933 12772847270789492963 1 6
7 5 8 2 0 9 

6020 5612031151899006185 1 6
10 2 9 7 8 12 

3241 11080441553553861141 1 6
3 7 5 10 0 11 

884 2150120401587635521 2 6
2 9 8 5 4 6 
9 2 8 5 4 6 

629 8645594638085311477 2 6
2 0 9 6 4 5 
2 0 9 4 6 5 

5716 136718358662927494 1 6
6 12 4 10 2 9 

839 15435418747304720254 2 6
6 8 2 0 9 1 
8 6 2 0 9 1 

5926 3045442067125050075 1 7
5 8 12 10 2 9 1 

2956 11665677530303862890 1 6
3 7 8 9 2 11 

599 14297910971081975200 2 6
4 6 2 0 9 1 
6 4 2 0 9 1 

5686 18269574737827922711 2 7
5 12 4 10 2 9 1 
12 5 4 10 2 9 1 

822 15357847063987181869 1 6
8 5 4 9 2 1 

5909 2907555320118880741 2 7
4 8 12 10 2 9 0 
8 4 12 10 2 9 0 

870 5179391807921921219 1 6
8 5 6 9 2 1 

5957 9093430702045915993 1 7
6 12 8 10 2 9 0 

3226 14891489957479702151 1 6
3 4 7 10 1 11 

869 7205240210238919119 1 6
8 5 6 2 0 9 

5956 14988914647786182803 1 6
6 12 8 10 2 9 

3211 9805376822867262241 1 6
7 3 10 0 1 11 

854 1948364099287986725 1 6
8 4 6 9 2 1 

3178 14774081368056084647 1 6
3 6 5 1 10 11 

821 11012328732353620232 1 6
8 5 4 2 0 9 

5908 9798103094153765963 2 6
10 2 9 8 4 12 
10 2 9 4 8 12 

252 15691366282848654507 2 6
2 3 7 5 6 4 
3 2 7 5 6 4 

3164 2783955006547348099 1 6
3 4 6 10 2 11 

807 889693712317448872 2 6
5 8 2 0 9 1 
8 5 2 0 9 1 

5203 15504882165026843691 2 6
6 12 4 10 1 0 
6 12 4 1 10 0 

489 12037908371609913332 2 6
0 3 7 5 8 6 
3 0 7 5 8 6 

5576 12361497987978279924 2 6
3 10 6 12 7 8 
10 3 6 12 7 8 

237 17706923768953112193 1 6
3 0 2 7 5 6 

5324 4120829700916986364 1 6
3 10 2 6 12 7 

4952 14734657814084219108 2 6
3 9 6 12 4 8 
9 3 6 12 4 8 

238 9990660521653986643 1 6
3 1 2 6 7 5 

5325 8086291799654368629 1 7
3 6 12 7 10 2 0 

4964 7451539087433047825 2 6
2 9 6 12 8 5 
9 2 6 12 8 5 

250 15675132201023734622 2 6
1 3 6 7 5 4 
3 1 6 7 5 4 

5337 4758086878243574606 1 7
3 10 0 6 12 4 7 

2606 5680911989317761141 2 6
3 5 11 1 9 2 
5 3 11 1 9 2 

7693 4086155834384375740 2 7
3 12 10 2 9 11 0 
12 3 10 2 9 11 0 

249 9543978062526540116 2 6
0 3 7 5 6 4 
3 0 7 5 6 4 

5336 4254844897809198246 2 6
3 10 6 12 4 7 
10 3 6 12 4 7 

221 11441778780354556544 1 6
3 0 2 7 6 4 

5308 12085847296325789455 1 7
3 10 2 7 5 4 12 

235 12089534381301435702 1 6
3 1 0 6 7 5 

5322 7990587327943597376 1 6
3 1 10 6 12 7 

461 5858437045251270290 1 6
3 0 2 7 8 6 

5548 16412704790492723314 1 7
3 10 2 7 5 8 12 

4933 11575890430103627004 1 6
6 12 8 2 0 9 

219 1990764937003767909 1 6
3 1 0 6 7 4 

5306 966379812275406342 1 7
3 10 1 7 5 4 12 

207 6518819216039005335 1 6
3 6 7 1 0 2 

5294 16685600500175668088 1 7
3 7 5 12 10 2 1 

5173 11313264797999001687 2 6
2 10 0 5 12 4 
2 10 0 12 5 4 

459 13189634892801360390 1 6
3 1 0 6 7 8 

5546 11097065147348122487 1 7
3 10 1 7 5 8 12 

189 9082388223786285368 1 6
3 0 2 7 5 4 

5276 14688692206765078285 1 6
3 10 2 4 7 12 

2786 16628510111884357233 1 6
7 5 6 11 1 9 

7873 3815252202953985779 1 7
6 12 7 9 10 11 0 

429 9402694939135224331 1 6
3 0 2 7 5 8 

5516 18251928326432050433 1 6
3 10 2 7 8 12 

4889 1966176646037906994 1 6
3 0 9 4 8 12 

2532 8832041002139433615 2 6
2 11 7 5 8 6 
11 2 7 5 8 6 

175 10007667455135870605 1 6
3 7 5 0 1 2 

5262 4211374278488620681 1 6
3 7 12 10 2 1 

4901 7518265548591957468 1 6
5 8 12 2 0 9 

187 1370350808600652268 1 6
3 0 1 7 5 4 

5274 10603341011651258809 1 6
3 10 1 4 7 12 

2737 3005923163605103108 1 6
7 5 4 11 9 0 

7824 2508257975442525036 1 6
9 10 11 7 12 4 

380 18126069821279858600 2 6
2 3 8 5 4 6 
3 2 8 5 4 6 

5467 13923795768631680460 1 8
3 1 10 0 6 12 4 8 

2770 5976650537797953185 1 6
7 6 4 11 1 9 

413 6001837463637323145 1 6
3 0 2 7 8 4 

4840 18148020898336187288 2 6
3 9 6 12 7 5 
9 3 6 12 7 5 

126 12799646810174193634 1 6
3 1 2 6 5 4 

5213 5804972596597888736 1 7
3 6 12 4 10 2 0 

377 7625785749494650406 2 6
0 3 5 8 4 6 
3 0 5 8 4 6 

5464 13122882318021171877 2 6
3 10 6 12 4 8 
10 3 6 12 4 8 

2482 13319149412307775789 2 6
1 11 7 5 8 4 
11 1 7 5 8 4 

7569 6900841398577500806 1 7
11 0 10 7 8 12 4 

125 18143618918844404071 1 6
3 0 2 5 4 6 

5212 8567214831270082601 1 6
3 10 2 6 12 4 

2723 10780750957524755778 1 6
7 5 11 1 9 0 

7810 7801218113687361782 1 6
7 12 10 9 1 11 

366 9171294899334699696 1 6
3 1 2 6 8 5 

5453 18000782138222275041 1 7
3 6 12 8 10 2 0 

5064 1140202790360535548 2 6
3 9 6 12 7 8 
9 3 6 12 7 8 

2707 174489613267928250 1 6
7 4 11 1 9 0 

350 5035993229619786109 1 6
3 1 2 6 8 4 

5437 3281761242327951092 1 8
3 10 2 0 4 5 8 12 

378 4610539336033343304 2 6
1 3 6 8 5 4 
3 1 6 8 5 4 

5465 8603278049901719815 1 7
3 10 0 6 12 4 8 

123 948020826755551019 1 6
3 1 0 6 5 4 

5210 2555928439827057974 1 6
3 1 10 6 12 4 

2674 12945736405130155830 2 6
11 1 9 6 4 5 
11 1 9 4 6 5 

7761 16497874983550790510 1 7
6 12 4 9 10 11 0 

317 6690714709076961408 1 6
3 0 2 5 8 4 

5404 5739414484997943489 1 6
3 10 2 4 12 8 

5032 12981559327598844164 2 6
3 9 7 5 8 12 
9 3 7 5 8 12 

318 4496994444673116027 1 6
3 2 1 8 5 4 

5405 125547507930498690 1 7
3 10 2 0 4 12 8 

2842 17393058629855136469 1 6
3 4 8 11 1 9 

303 13671735129195446839 1 6
3 5 8 0 2 1 

5390 4732444469114382849 1 6
3 12 8 10 2 1 

4777 13912365448190978822 1 6
3 0 9 7 5 12 

2420 14817331653458136547 2 6
2 11 8 5 4 6 
11 2 8 5 4 6 

63 538564256262125334 1 6
3 5 4 0 2 1 

5150 11825009195140489915 1 6
3 4 12 10 2 1 

455 825788961841909016 4 6
7 6 8 0 2 1 
7 6 8 2 0 1 
7 8 6 2 0 1 
7 8 6 0 2 1 

5542 1191048750028511470 1 7
10 2 1 7 5 8 12 

183 3388672633203257345 2 6
7 5 4 2 0 1 
7 5 4 0 2 1 

5270 7083130892430502778 1 6
10 2 1 7 12 4 

437 6845325027361506244 2 6
0 2 7 5 8 4 
2 0 7 5 8 4 

5524 8765360521100520677 2 6
2 10 7 8 12 4 
10 2 7 8 12 4 

423 17590947830519229729 2 6
7 5 8 0 2 1 
7 5 8 2 0 1 

5510 15475376181943046198 1 6
10 2 1 7 8 12 

215 17315112672844380422 2 6
7 6 4 2 0 1 
7 6 4 0 2 1 

5302 1923882469042817460 1 7
10 2 1 7 5 12 4 

2764 14996949951508374337 1 6
3 7 6 9 2 11 

407 5402395472789999207 2 6
8 7 4 2 0 1 
8 7 4 0 2 1 

5494 15906645659761590710 1 8
10 2 1 6 12 8 5 4 

2730 8317500118420419923 1 6
3 7 5 9 11 1 

7817 13000568282079004159 1 7
3 7 12 10 0 9 11 

2476 16194452137862586121 1 6
3 11 2 7 5 8 

119 14415995048625003931 4 6
0 2 1 4 6 5 
0 2 1 6 4 5 
2 0 1 4 6 5 
2 0 1 6 4 5 

5206 16888385640783160457 1 6
6 12 4 10 2 1 

2716 4022669018590106653 1 6
3 7 4 9 2 11 

2668 15263221530067521207 1 6
3 5 6 11 9 2 

311 2465502110145650434 2 6
8 5 4 2 0 1 
8 5 4 0 2 1 

5398 4133355451968787795 2 6
10 2 1 8 4 12 
10 2 1 4 8 12 

7808 18389974577463278093 1 5
7 12 9 10 11 

2721 16262374992613615991 1 5
7 5 11 9 0 

5387 13161933321193595402 1 6
3 12 8 10 1 0 

300 16043698334185197403 2 4
2 3 8 5 
3 2 8 5 

7744 9362988448977275462 2 5
6 12 9 10 11 
12 6 9 10 11 

7712 10923604609063073147 2 5
5 12 9 10 11 
12 5 9 10 11 

2646 8083216172053486865 2 6
4 6 11 1 9 2 
6 4 11 1 9 2 

7360 14967182866928192934 2 5
10 11 6 12 7 
11 10 6 12 7 

2273 14202953320518818344 2 5
0 11 7 5 6 
11 0 7 5 6 

2838 6247305665901875603 2 6
4 8 11 1 9 2 
8 4 11 1 9 2 

7552 2335189966028248575 2 5
10 11 7 8 12 
11 10 7 8 12 

2465 9848270869023729277 2 5
0 11 7 5 8 
11 0 7 5 8 

7264 11611115741390607364 2 5
10 11 12 6 5 
11 10 12 6 5 

2177 7551763503301049200 2 3
7 0 11 
7 11 0 

7328 2510137957616970712 2 5
10 11 7 5 12 
11 10 7 5 12 

2241 4644141216187964352 2 4
7 6 0 11 
7 6 11 0 

4940 12590644441583687767 1 6
3 2 9 6 12 8 

7297 8839425508845678833 1 5
7 12 11 0 10 

2210 15361079085437822723 2 4
7 5 1 11 
7 5 11 1 

7312 2236943482816469512 2 5
10 11 7 12 4 
11 10 7 12 4 

2225 9071416194120739915 2 5
0 11 7 5 4 
11 0 7 5 4 

2502 14833200424612891954 2 6
7 6 8 11 1 2 
7 8 6 11 1 2 

7216 11886086416872932397 4 5
10 11 5 12 4 
10 11 12 5 4 
11 10 5 12 4 
11 10 12 5 4 

2129 17544714880463844855 4 4
0 11 6 4 
0 11 4 6 
11 0 6 4 
11 0 4 6 

7248 3511091916530490948 2 5
10 11 6 12 4 
11 10 6 12 4 

2161 1267846623418383796 4 5
0 11 6 4 5 
0 11 4 6 5 
11 0 6 4 5 
11 0 4 6 5 

4877 3000109236643882469 1 6
3 8 12 2 0 9 

2520 7476388062673772870 2 6
3 11 7 8 6 4 
11 3 7 8 6 4 

7234 732432926612435796 2 5
6 12 1 11 10 
12 6 1 11 10 

2726 7928591814197885929 1 6
7 5 11 1 9 2 

7813 8426321424055903063 1 7
7 12 10 2 9 0 11 

7440 12049553615690616434 4 5
10 11 4 8 12 
10 11 8 4 12 
11 10 8 4 12 
11 10 4 8 12 

2353 794928381058358049 2 5
0 11 8 5 4 
11 0 8 5 4 

7456 9598944372446078119 2 5
10 11 5 8 12 
11 10 5 8 12 

2369 9413058973414886139 4 4
6 8 0 11 
6 8 11 0 
8 6 0 11 
8 6 11 0 

7201 5090253193412525807 2 5
5 12 11 0 10 
12 5 11 0 10 

2488 18195566915718696380 2 6
3 11 7 5 8 4 
11 3 7 5 8 4 

7202 9890988385785153834 2 5
5 12 1 11 10 
12 5 1 11 10 

1954 14355685558761192131 1 6
7 5 8 10 9 1 

7041 16895187995360616351 1 6
7 8 12 11 9 0 

6696 7253291072093526012 1 5
3 11 9 12 5 

1609 2572055217777826491 2 5
3 6 10 9 0 
6 3 10 9 0 

6665 12549939404574435098 2 5
3 12 11 9 0 
12 3 11 9 0 

1578 14872549249658880058 2 5
3 5 10 9 1 
5 3 10 9 1 

2206 1418593520453337707 1 6
3 7 4 1 11 2 

6816 2411239538695982808 2 5
9 11 7 5 12 
11 9 7 5 12 

1729 16080141419233434592 2 5
7 6 9 10 0 
7 6 10 9 0 

4379 14314744656373351788 1 6
3 0 1 4 8 12 

6704 7018837797645888916 4 5
9 11 5 12 4 
9 11 12 5 4 
11 9 5 12 4 
11 9 12 5 4 

1617 6032965127830285470 4 5
4 6 9 10 0 
4 6 10 9 0 
6 4 9 10 0 
6 4 10 9 0 

4395 4197330773308770096 1 6
3 0 1 5 8 12 

6752 8753525886466647298 2 5
9 11 12 6 5 
11 9 12 6 5 

1665 4870553307506726616 2 4
7 9 10 0 
7 10 9 0 

6692 4090546380886448971 2 5
5 12 9 2 11 
12 5 9 2 11 

6690 9492342298069878166 2 5
5 12 11 1 9 
12 5 11 1 9 

4367 14314744656373351788 1 6
3 8 12 2 0 1 

6724 1340777659390766732 2 5
6 12 9 2 11 
12 6 9 2 11 

4332 679900850660341401 2 6
2 3 6 12 7 5 
3 2 6 12 7 5 

6689 16365478303102996070 2 5
5 12 11 9 0 
12 5 11 9 0 

6312 3292636802371147995 2 5
3 11 5 7 12 
11 3 5 7 12 

1225 2683354555591516572 1 5
3 7 6 10 0 

2230 2314240473272284859 1 6
7 5 4 11 1 2 

7317 14921505287996232307 1 7
7 12 4 2 10 0 11 

6944 11251886932749096147 2 5
9 11 5 8 12 
11 9 5 8 12 

1857 7806958785432681340 4 5
6 8 9 10 0 
6 8 10 9 0 
8 6 9 10 0 
8 6 10 9 0 

6281 12413323862172054548 1 5
3 7 12 0 11 

1194 1764552207161099045 1 5
3 7 5 10 1 

6248 2057653625874861125 2 5
3 11 12 6 5 
11 3 12 6 5 

1161 15109903201196041869 1 4
7 3 10 0 

1506 15672063717816142702 2 6
1 10 7 5 8 6 
10 1 7 5 8 6 

6593 17510148135272612072 2 6
0 11 6 12 7 8 
11 0 6 12 7 8 

1582 9443344041428509293 2 6
3 5 10 2 9 1 
5 3 10 2 9 1 

6669 11045008205128135598 2 6
3 12 11 2 0 9 
12 3 11 2 0 9 

6218 13632277240368925662 1 5
3 6 12 1 11 

1131 13003019128793281894 1 6
3 6 5 1 10 0 

3860 9268885166166277629 2 6
4 8 10 2 9 11 
8 4 10 2 9 11 

6217 15609879139664908077 1 5
3 12 6 11 0 

1130 10865474674792514442 1 5
3 6 5 1 10 

6440 10976311985760545358 2 5
3 11 12 5 8 
11 3 12 5 8 

1353 9412937938515244493 1 5
3 6 8 10 0 

6200 12137927239493468972 2 5
3 11 12 5 4 
11 3 12 5 4 

1113 1770112116224080088 1 5
3 10 0 4 6 

6185 15921242523002775853 1 5
3 11 0 12 5 

1098 7572516081770203551 2 4
3 6 1 10 
6 3 1 10 

1458 17931547935219107482 2 6
1 10 7 5 8 4 
10 1 7 5 8 4 

6545 17344586685445868116 2 6
0 11 7 8 12 4 
11 0 7 8 12 4 

6169 11042811998675017485 1 5
3 11 0 12 4 

1082 9541128080537074927 1 5
3 10 1 4 5 

6186 5892671532110059781 1 5
3 11 1 12 5 

1099 7711396016538006304 2 5
3 6 1 10 0 
6 3 1 10 0 

6155 1558165812261584223 2 5
3 12 11 1 0 
12 3 11 1 0 

1068 281779065648677209 2 4
3 5 10 2 
5 3 10 2 

1443 13927230679821620804 2 6
7 5 8 1 10 0 
7 5 8 10 1 0 

6530 8110060340544705677 2 5
1 11 7 8 12 
11 1 7 8 12 

6157 16805031549009071062 2 5
3 12 11 2 0 
12 3 11 2 0 

1070 2914564969722999914 2 5
3 5 10 2 1 
5 3 10 2 1 

1594 15906453117250380507 1 6
3 4 5 10 9 1 

6681 4405007926115811428 1 6
3 12 4 11 0 9 

6308 6543296236617205984 2 5
2 11 7 5 12 
11 2 7 5 12 

1221 7302997094009307211 1 5
7 6 2 10 0 

6409 18265124692118472622 1 5
3 11 0 12 8 

1322 4682088175584699105 1 5
3 5 8 10 1 

6305 5840399590704194539 2 5
0 11 7 5 12 
11 0 7 5 12 

1218 7922408069134600743 2 4
7 6 1 10 
7 6 10 1 

1626 10586616968925345403 1 6
3 6 4 1 10 9 

6713 11607374692131306542 1 7
3 11 0 9 12 5 4 

6337 18041572074552148234 2 5
0 11 6 12 7 
11 0 6 12 7 

1250 4454248122285437130 2 5
1 10 7 5 6 
10 1 7 5 6 

4175 3103313279603667120 1 6
3 6 12 1 0 2 

1818 14747361289929335062 1 6
3 4 8 10 9 1 

3920 10007847685092915097 1 6
9 10 11 8 4 6 

1563 13489935879965252105 2 6
3 4 10 9 1 0 
4 3 10 9 1 0 

6277 2465604360353134792 1 5
7 12 2 0 11 

1190 14702543978675224469 1 5
7 5 10 2 1 

6289 11866378002409560542 2 5
0 11 7 12 4 
11 0 7 12 4 

1202 320584556625630754 2 5
1 10 7 5 4 
10 1 7 5 4 

6242 15582695637544651206 2 5
1 11 12 6 5 
11 1 12 6 5 

1155 4276386609688894274 2 4
7 1 10 0 
7 10 1 0 

6244 18150278449539403555 2 5
2 11 12 6 5 
11 2 12 6 5 

1157 15673968647820265854 1 4
7 2 10 0 

6241 7180465748058937526 2 5
0 11 12 6 5 
11 0 12 6 5 

1154 16162630252161704005 2 3
7 1 10 
7 10 1 

6225 4825711249005059649 2 5
0 11 6 12 4 
11 0 6 12 4 

1138 2686233621657192841 4 5
1 10 6 4 5 
1 10 4 6 5 
10 1 6 4 5 
10 1 4 6 5 

6211 11908685677026704892 2 5
6 12 11 1 0 
12 6 11 1 0 

3857 13527938349504473887 2 6
4 8 9 10 11 0 
8 4 9 10 11 0 

6214 6578066794693579133 2 5
6 12 11 1 2 
12 6 11 1 2 

1512 8038321205708625612 2 6
3 10 7 5 8 6 
10 3 7 5 8 6 

1482 2998503413585684996 1 6
3 1 10 6 7 8 

6569 740287822156112107 1 7
3 0 11 7 5 8 12 

6196 13145998153200320888 4 5
2 11 5 12 4 
2 11 12 5 4 
11 2 5 12 4 
11 2 12 5 4 

1109 2363838447627073397 2 5
4 6 2 10 0 
6 4 2 10 0 

6181 14373680660283978004 2 5
5 12 2 0 11 
12 5 2 0 11 

6193 9487098787019879057 4 5
0 11 5 12 4 
0 11 12 5 4 
11 0 5 12 4 
11 0 12 5 4 

1106 2577253392536798474 4 4
1 10 6 4 
1 10 4 6 
10 1 6 4 
10 1 4 6 

6182 12602528458522591179 2 5
5 12 11 1 2 
12 5 11 1 2 

6436 17334648783539787650 2 5
2 11 5 8 12 
11 2 5 8 12 

1349 3126586757398070148 2 5
6 8 2 10 0 
8 6 2 10 0 

6465 8065854504533583400 2 5
0 11 6 12 8 
11 0 6 12 8 

1378 5898541994725037019 2 5
1 10 8 5 6 
10 1 8 5 6 

1706 16705428712335081392 1 6
3 7 5 10 9 1 

6793 13795592421388234335 1 6
3 7 12 0 9 11 

6179 1536930732062569819 2 5
5 12 11 1 0 
12 5 11 1 0 

1720 16794768784846461890 1 6
3 10 9 7 5 4 

6434 22549038515823245 2 5
1 11 5 8 12 
11 1 5 8 12 

1347 3100319017731896526 4 5
6 8 1 10 0 
6 8 10 1 0 
8 6 1 10 0 
8 6 10 1 0 

6417 14397016957187356977 4 5
0 11 8 4 12 
0 11 4 8 12 
11 0 8 4 12 
11 0 4 8 12 

1330 18418348458796910653 2 5
1 10 8 5 4 
10 1 8 5 4 

6433 13601179107384256966 2 5
0 11 5 8 12 
11 0 5 8 12 

1346 15261728771851183043 4 4
1 10 8 6 
1 10 6 8 
10 1 8 6 
10 1 6 8 

5642 1795752943218729072 2 5
3 12 10 9 1 
12 3 10 9 1 

555 18388178597026298855 2 5
3 5 0 9 1 
5 3 0 9 1 

5656 15016495302286675511 1 5
3 10 9 4 12 

569 13716378476658335749 2 5
3 0 9 5 4 
3 5 4 0 9 

5672 3304553963415042192 1 5
3 10 9 5 12 

585 13044232229368012450 2 4
3 6 0 9 
6 3 0 9 

5792 12794572703911018182 2 5
9 10 7 5 12 
10 9 7 5 12 

3347 4435136880298541952 2 6
4 8 1 11 10 0 
8 4 1 11 10 0 

5704 12320690830265258691 1 5
3 6 12 10 9 

617 16089707788973823940 1 5
3 5 6 0 9 

3284 6460037522036177159 1 6
2 10 11 7 6 4 

5641 14363888647800534204 2 5
3 12 10 9 0 
12 3 10 9 0 

554 4555238115867428801 2 4
3 5 9 1 
5 3 9 1 

5776 14713903639265318593 2 5
9 10 7 12 4 
10 9 7 12 4 

1182 9675432492778942961 1 6
3 4 7 10 2 1 

5896 17378285526255668844 1 5
3 10 9 12 8 

809 5986315325273067635 1 5
3 5 8 0 9 

952 12034897242624772856 2 6
3 9 7 5 8 4 
9 3 7 5 8 4 

5666 16810689043426964882 2 5
5 12 10 9 1 
12 5 10 9 1 

5668 5856612051065567643 2 5
5 12 10 2 9 
12 5 10 2 9 

5712 12064620772061649010 2 5
9 10 6 12 4 
10 9 6 12 4 

5665 7505548781171488883 4 5
5 12 9 10 0 
5 12 10 9 0 
12 5 9 10 0 
12 5 10 9 0 

3404 2072670805602915651 1 6
3 6 8 10 2 11 

5761 10955742368864960882 2 5
7 12 9 10 0 
7 12 10 9 0 

674 15068594968084985903 2 4
7 5 1 9 
7 5 9 1 

3341 6719858118828323234 2 6
3 8 2 10 0 11 
8 3 2 10 0 11 

984 10497035547277223843 2 6
3 9 7 8 6 4 
9 3 7 8 6 4 

5698 5687384043914913915 2 5
6 12 10 9 1 
12 6 10 9 1 

1206 4079180533865585670 1 6
7 5 4 10 2 1 

6293 7933118341950015943 1 6
7 12 4 2 0 11 

5920 10758068215708309333 2 5
9 10 5 8 12 
10 9 5 8 12 

5728 16980720763384943059 2 5
9 10 12 6 5 
10 9 12 6 5 

1238 14600619727070314761 1 6
10 2 1 7 6 4 

6325 5564162795052859549 1 7
2 0 11 7 5 12 4 

5952 8511525117382196453 2 5
9 10 6 12 8 
10 9 6 12 8 

574 4611356206776593142 1 6
3 5 4 9 2 1 

5661 5517115285818507338 1 7
3 4 12 10 2 9 0 

5288 16088682384294147255 2 5
3 10 7 5 12 
10 3 7 5 12 

201 17740539158870603115 2 4
0 3 7 6 
3 0 7 6 

5700 16854514823601070031 2 5
6 12 10 2 9 
12 6 10 2 9 

966 17144528094380311343 2 6
7 6 8 9 2 1 
7 8 6 9 2 1 

5680 15455122460249274109 4 5
9 10 5 12 4 
9 10 12 5 4 
10 9 5 12 4 
10 9 12 5 4 

5258 2052215046957241766 1 5
3 7 12 10 1 

171 6364060050418718034 1 5
3 7 5 0 1 

5260 8096215539940558137 1 5
3 10 2 7 12 

173 10482025798964851780 1 5
3 7 5 0 2 

606 2843554160132500245 1 6
3 6 4 1 9 2 

5320 7696265293232450339 2 5
3 10 6 12 7 
10 3 6 12 7 

233 5388060034640062797 2 5
0 3 7 5 6 
3 0 7 5 6 

1332 9262835881417717933 2 5
2 10 8 5 4 
10 2 8 5 4 

6419 5539429335581281634 2 6
11 1 0 8 4 12 
11 1 0 4 8 12 

2441 14360647263151905778 1 5
3 7 8 0 11 

7528 3575209782749888174 1 7
3 10 11 12 6 5 8 

1317 12841466831631193259 2 5
5 8 2 10 0 
8 5 2 10 0 

4644 10121985604627178022 4 4
2 9 5 12 
2 9 12 5 
9 2 5 12 
9 2 12 5 

3658 3701589474460167513 2 6
3 6 1 10 9 11 
6 3 1 10 9 11 

1301 6084732207637844379 2 5
4 8 2 10 0 
8 4 2 10 0 

6388 17220847905728214862 2 7
2 11 6 12 7 5 4 
11 2 6 12 7 5 4 

6273 1588128736331505171 2 4
7 12 11 0 
7 12 0 11 

1186 12981639762833981171 2 4
7 5 1 10 
7 5 10 1 

5164 4127428905317857383 1 5
3 10 2 5 12 

77 18077850555630563755 2 4
3 6 0 2 
6 3 0 2 

968 4578755319567078799 2 5
3 9 7 6 8 
9 3 7 6 8 

2077 12274762662240234899 2 5
3 4 0 2 11 
4 3 0 2 11 

666 8936656736095790183 1 5
3 7 4 9 1 

2884 5258088754657862361 2 5
6 8 9 2 11 
8 6 9 2 11 

3010 788850166988795002 2 6
7 6 8 11 1 9 
7 8 6 11 1 9 

653 2939960475743686114 1 5
7 3 0 9 2 

5740 5085830862151516768 1 7
3 6 12 5 10 2 9 

654 15690832677936922679 1 5
7 3 9 1 2 

920 274569400401765390 2 5
3 9 7 8 4 
9 3 7 8 4 

906 10880776094752595085 1 5
3 7 8 9 1 

1876 6526802574251949026 1 6
10 2 9 8 4 6 

4233 15082538565132477699 2 4
0 3 7 12 
3 0 7 12 

4235 2500065935469455644 1 5
3 7 12 0 1 

5318 15425747564636992417 1 6
6 12 7 10 2 1 

231 12696524684539108311 2 6
7 5 6 2 0 1 
7 5 6 0 2 1 

2961 7134880606360775556 1 6
8 7 4 11 9 0 

604 5681563117800784967 1 5
3 9 2 4 6 

5315 5219288349806728856 2 6
6 12 7 10 1 0 
6 12 7 1 10 0 

601 10144314003749181524 1 5
3 4 6 0 9 

5688 4175659711934031382 1 6
3 10 9 4 5 12 

5570 8923718137826576380 2 6
1 10 6 12 7 8 
10 1 6 12 7 8 

3213 13238809224806619581 1 6
7 3 10 2 0 11 

856 4558830271681005184 2 5
3 9 4 8 6 
9 3 4 8 6 

1814 2836838332762976714 2 6
4 8 10 2 9 1 
8 4 10 2 9 1 

4171 1480819695046626038 1 5
3 6 12 1 0 

5824 10306290861590724971 2 5
9 10 6 12 7 
10 9 6 12 7 

1110 10544379125176475816 2 5
4 6 10 2 1 
6 4 10 2 1 

6197 527069719430298640 2 6
2 0 11 5 12 4 
2 0 11 12 5 4 

5283 6854759821401719569 2 6
7 5 12 10 1 0 
7 5 12 1 10 0 

5255 11494223058053663631 1 6
7 12 10 2 1 0 

2898 11579352250637774008 1 6
11 1 9 8 4 6 

541 591877761335838749 2 5
3 4 0 2 9 
4 3 0 2 9 

1764 11120443603970327617 1 6
7 5 6 10 2 9 

6851 14506523131449948294 1 7
6 12 7 11 1 9 0 

4121 15921278161905006561 2 4
0 3 4 12 
3 0 4 12 

2760 1405780787454648199 1 5
3 7 6 9 11 

782 590810984339524756 2 5
3 8 2 9 1 
8 3 2 9 1 

1752 10555456901019419439 1 6
3 10 9 4 7 6 

4109 7025238123519974264 4 4
3 12 0 2 
3 12 2 0 
12 3 2 0 
12 3 0 2 

5218 18117259593424757187 2 5
1 10 12 6 5 
10 1 12 6 5 

4123 15437653239604184760 2 5
3 0 1 4 12 
3 4 12 0 1 

964 5996372936576393976 4 5
2 9 7 8 6 
2 9 7 6 8 
9 2 7 8 6 
9 2 7 6 8 

4430 1107541501965253985 1 6
3 1 2 6 12 8 

2073 4776924389904432122 2 4
3 4 0 11 
4 3 0 11 

686 17950798218691101907 1 6
3 7 5 9 1 2 

5773 5716663692685941383 1 7
3 7 12 10 2 0 9 

5400 15987163781723917793 2 5
3 10 4 12 8 
10 3 4 12 8 

313 3327272853096119506 2 5
0 3 5 8 4 
3 0 5 8 4 

5507 8898625574105133822 2 6
7 8 12 1 10 0 
7 8 12 10 1 0 

3150 8884178283054868580 2 6
3 6 1 10 2 11 
6 3 1 10 2 11 

793 11553253505478633838 1 5
3 4 8 0 9 

781 374101721910837015 2 5
3 8 2 0 9 
8 3 2 0 9 

724 14108736833258859635 2 5
2 9 7 6 4 
9 2 7 6 4 

5160 9779632182194640088 2 4
3 10 5 12 
10 3 5 12 

73 8653824702438220459 6 3
0 3 6 
0 6 3 
3 0 6 
3 6 0 
6 3 0 
6 0 3 

707 558140511885571382 2 5
7 6 1 9 0 
7 6 9 1 0 

5794 15243669522597604690 1 6
7 5 12 10 9 1 

709 13518282164208383286 1 5
7 6 2 0 9 

5796 16643679168127768653 1 6
7 5 12 10 2 9 

2788 15291240714495923237 1 6
7 5 6 9 2 11 

5145 17302029028010187620 1 5
3 10 0 4 12 

58 15996332666061866103 2 4
1 3 5 4 
3 1 5 4 

5389 2545898946611595444 1 6
3 12 8 10 2 0 

302 10224444411079989868 1 5
3 8 5 2 1 

675 15605888187929315459 2 5
7 5 1 9 0 
7 5 9 1 0 

5762 6245987470330809335 1 5
7 12 10 9 1 

661 10152518707198179407 1 5
7 4 2 0 9 

5748 8061220178100454035 1 7
10 2 9 12 6 5 4 

3256 5657911202723904124 1 6
3 10 11 7 5 4 

899 558140511885571382 2 5
7 8 1 9 0 
7 8 9 1 0 

5986 6638054750776847560 1 7
10 9 1 6 12 8 5 

3273 3692440510267064044 1 6
3 7 6 10 0 11 

916 5539252526994850836 2 5
2 9 8 7 4 
9 2 8 7 4 

3016 6038492202724019059 1 6
3 9 11 7 6 8 

659 7070652103461103805 2 5
7 4 1 9 0 
7 4 9 1 0 

5746 1900662337939231020 1 7
10 9 1 12 6 5 4 

914 8889474170626987951 2 5
1 9 8 7 4 
9 1 8 7 4 

901 13518282164208383286 1 5
7 8 2 0 9 

5988 7342248151080700464 1 7
10 2 9 6 12 8 5 

1704 6893071463346719042 1 5
3 7 5 10 9 

6791 3952797407562745615 1 7
7 12 11 1 2 0 9 

837 4188606549539308462 2 5
6 8 2 0 9 
8 6 2 0 9 

5924 15375217105221682074 1 6
10 2 9 5 8 12 

2954 17492672620658070155 1 6
3 7 8 9 1 11 

597 16588192616924227044 2 5
4 6 2 0 9 
6 4 2 0 9 

5684 6415925962479377408 2 6
10 2 9 5 12 4 
10 2 9 12 5 4 

3192 9441193526254089649 1 6
3 10 11 4 5 6 

835 10280687470996780733 4 5
6 8 1 9 0 
6 8 9 1 0 
8 6 1 9 0 
8 6 9 1 0 

5922 15946423398432283647 1 6
10 9 1 5 8 12 

1318 5483442276463055108 2 5
5 8 10 2 1 
8 5 10 2 1 

4645 14532849689723307359 2 5
5 12 2 0 9 
12 5 2 0 9 

236 15973353480619742358 2 5
2 3 7 5 6 
3 2 7 5 6 

5323 12265667623772103086 1 7
3 6 12 7 1 10 0 

6016 1069700853301503983 2 5
9 10 7 8 12 
10 9 7 8 12 

1302 6201559835426423827 2 5
4 8 10 2 1 
8 4 10 2 1 

4934 6802952570903632737 1 6
6 12 8 9 2 1 

220 737551416775280134 2 5
2 3 7 6 4 
3 2 7 6 4 

2438 16776352068319509294 1 5
7 8 11 1 2 

3147 5280150056606487454 2 6
3 6 1 11 10 0 
6 3 1 11 10 0 

790 7597148321379994571 2 5
4 8 9 2 1 
8 4 9 2 1 

5174 13149078173480562811 2 6
10 2 1 5 12 4 
10 2 1 12 5 4 

87 6153105344868930183 4 5
4 6 2 0 1 
4 6 0 2 1 
6 4 2 0 1 
6 4 0 2 1 

460 17579604862982182584 2 5
2 3 7 8 6 
3 2 7 8 6 

4902 13474934147698798132 1 6
5 8 12 9 2 1 

188 6240990387154368234 2 5
2 3 7 5 4 
3 2 7 5 4 

5275 11631815116849127434 1 7
3 10 0 1 4 7 12 

2785 6574026129229446358 1 6
7 5 6 11 9 0 

7872 15893466020930994980 1 6
6 12 7 9 10 11 

428 687764770511799265 2 5
2 3 7 5 8 
3 2 7 5 8 

5515 17104821743466394474 1 7
3 7 8 12 10 0 1 

2265 11979981506178139636 1 6
3 0 11 7 6 4 

7352 3967604614692392078 1 7
3 10 11 7 5 4 12 

4622 9042845003316440129 2 5
3 12 9 2 1 
12 3 9 2 1 

425 7751685099372661793 2 5
0 3 7 5 8 
3 0 7 5 8 

5512 4572958912230220926 2 5
3 10 7 8 12 
10 3 7 8 12 

426 7104021388987534102 2 5
1 3 7 5 8 
3 1 7 5 8 

5513 4180032198362082335 1 6
3 10 0 7 8 12 

5001 13068679977335019012 1 6
3 0 9 7 8 12 

287 10116205318590734417 2 6
3 4 8 2 0 1 
3 8 4 0 2 1 

2644 17067523725283735944 2 5
4 6 9 2 11 
6 4 9 2 11 

409 11451138128201142826 2 5
0 3 7 8 4 
3 0 7 8 4 

5496 5915473583526144727 2 7
3 10 6 12 4 5 8 
10 3 6 12 4 5 8 

5132 11056399154006061345 2 4
3 12 10 2 
12 3 10 2 

45 10000022680059612105 2 4
3 5 0 2 
5 3 0 2 

155 10685494606384540497 1 5
3 7 4 0 1 

5242 6851253508658536803 1 7
3 1 10 6 12 4 5 

2373 7173595628469829388 2 5
6 8 2 0 11 
8 6 2 0 11 

7460 306860811280899326 1 6
2 10 11 5 8 12 

2755 9110071585019717213 1 6
7 6 11 1 9 0 

7842 15149135980746660562 1 7
7 5 12 10 9 1 11 

398 8983568189955584156 1 5
3 7 8 1 2 

2616 18330470523759148889 1 5
3 5 4 11 9 

936 2441751283476316383 2 5
3 9 7 5 8 
9 3 7 5 8 

797 4657241076918474108 1 6
3 4 8 2 0 9 

3154 17370851960391810180 2 5
4 6 1 11 10 
6 4 1 11 10 

4836 16116379460229322637 2 6
2 9 6 12 7 5 
9 2 6 12 7 5 

122 17494997624556494256 2 5
1 3 6 5 4 
3 1 6 5 4 

5209 9494963683260226304 1 6
3 10 0 6 12 4 

4697 15631688607307135587 1 6
3 0 9 6 12 4 

2340 559078502340694663 4 4
5 8 2 11 
5 8 11 2 
8 5 2 11 
8 5 11 2 

662 11692327532213704608 1 5
7 4 9 2 1 

2880 213462674141148447 4 4
6 8 9 11 
6 8 11 9 
8 6 9 11 
8 6 11 9 

7192 11150792761804819573 1 5
3 10 11 4 12 

2105 11484316115178262543 1 5
3 5 4 11 0 

121 11414971833949523745 2 5
0 3 5 4 6 
3 0 5 4 6 

5208 4962347148969118845 2 5
3 10 6 12 4 
10 3 6 12 4 

665 5077237524375070614 1 5
3 7 4 0 9 

5752 12541179054775876667 1 7
3 10 9 6 12 4 5 

1496 14363854181333210301 2 6
3 10 4 7 6 8 
10 3 4 7 6 8 

6210 2717795159836792853 4 4
6 12 11 1 
6 12 1 11 
12 6 11 1 
12 6 1 11 

2481 4434382093955694928 2 6
0 11 7 5 8 4 
11 0 7 5 8 4 

7568 16855515308959444472 2 6
10 11 7 8 12 4 
11 10 7 8 12 4 

124 13366909189077113984 2 5
2 3 6 4 5 
3 2 6 4 5 

5211 13443534556199056192 1 7
3 6 12 4 1 10 0 

2342 6305546914554667134 2 5
5 8 11 1 2 
8 5 11 1 2 

362 11847426661772080571 2 5
1 3 6 8 5 
3 1 6 8 5 

5449 9995842044592436926 1 6
3 10 0 6 12 8 

902 15814393207212628539 1 5
7 8 9 2 1 

7432 15618355489482552490 1 5
3 12 8 11 10 

2345 5136041115542259641 1 5
3 5 8 11 0 

361 6160495619449500470 2 5
0 3 5 8 6 
3 0 5 8 6 

5448 8535235703105014877 2 5
3 10 6 12 8 
10 3 6 12 8 

905 15611623773870157881 1 5
3 7 8 0 9 

5992 2144681497879201433 1 7
3 10 9 6 12 5 8 

2702 11892323277601108626 1 6
7 3 9 1 11 2 

345 13434388052431685674 2 5
0 3 4 8 6 
3 0 4 8 6 

5432 6414495509109770442 2 6
3 10 4 5 8 12 
10 3 4 5 8 12 

5346 11211558280855635523 2 6
1 10 6 12 7 5 
10 1 6 12 7 5 

632 2846046061136018264 2 5
3 9 5 4 6 
9 3 5 4 6 

6177 1769115521979733675 4 4
5 12 11 0 
5 12 0 11 
12 5 11 0 
12 5 0 11 

2850 4389324797951338474 2 5
5 8 11 1 9 
8 5 11 1 9 

4805 6615289883834873589 1 6
6 12 7 2 0 9 

91 14724885640745306854 1 5
3 6 4 1 0 

5178 11427696414391391179 1 6
3 10 1 4 5 12 

872 6578645923559618766 2 5
3 9 5 8 6 
9 3 5 8 6 

2418 16875036838274384769 2 6
1 11 8 5 4 6 
11 1 8 5 4 6 

7505 17226511847461839353 1 7
11 0 10 6 12 8 4 

61 10968087916284711383 1 5
3 0 2 5 4 

5148 6804550844204239148 1 5
3 10 2 4 12 

1170 18083669607125400031 2 4
1 10 7 4 
10 1 7 4 

6257 14889681598128374449 2 6
0 11 12 6 5 4 
11 0 12 6 5 4 

3528 5179090633847954374 1 6
3 10 11 7 6 8 

1171 676922365456111122 2 5
7 4 1 10 0 
7 4 10 1 0 

6258 6227519491422012736 2 6
1 11 12 6 5 4 
11 1 12 6 5 4 

4637 3050088296116587571 1 6
3 4 12 0 2 9 

2280 15996605991065386446 2 5
3 11 7 5 6 
11 3 7 5 6 

5016 4348637264269950164 2 6
3 9 7 8 12 4 
9 3 7 8 12 4 

2381 3735805933388049921 1 6
3 8 6 2 0 11 

7468 9382115614018571929 1 7
3 10 2 11 5 12 8 

4738 16311737960740871576 2 4
7 12 9 1 
7 12 1 9 

1411 9862553878594724024 2 5
7 8 1 10 0 
7 8 10 1 0 

6498 16338900476357254070 2 6
1 11 6 12 8 5 
11 1 6 12 8 5 

842 12059590274115713808 1 5
3 6 8 1 9 

5929 388680334403014652 1 7
3 10 9 0 5 8 12 

301 5381283801559057045 1 5
3 5 8 0 2 

5388 11327398206127129166 1 5
3 10 2 12 8 

1410 7922408069134600743 2 4
7 8 1 10 
7 8 10 1 

6497 9062816018425445074 2 6
0 11 6 12 8 5 
11 0 6 12 8 5 

213 11129827848820344613 2 5
0 2 7 6 4 
2 0 7 6 4 

5300 16558835218126278981 2 6
2 10 7 5 12 4 
10 2 7 5 12 4 

2292 426320294693356407 2 6
2 11 7 5 6 4 
11 2 7 5 6 4 

4649 6871936184585851641 1 5
3 5 12 0 9 

812 10156362967420904966 2 5
3 5 8 2 9 
3 8 5 9 2 

5899 7514146543660887419 1 7
3 12 8 10 9 1 0 

1921 16080141419233434592 2 5
7 8 9 10 0 
7 8 10 9 0 

7008 9221814708960848726 2 6
9 11 6 12 8 5 
11 9 6 12 8 5 

4139 16752972280112934348 1 5
3 5 12 0 1 

271 12791060465784877876 2 5
3 8 2 0 1 
8 3 2 0 1 

1380 3426247245578446290 2 5
2 10 8 5 6 
10 2 8 5 6 

6467 4537174006971602832 1 6
6 12 8 11 1 0 

5286 1072507383321447582 1 6
7 5 12 10 2 1 

199 6104271951521329000 2 5
7 6 2 0 1 
7 6 0 2 1 

572 14148990700860723148 1 5
3 9 2 5 4 

5659 7221271253550423114 1 7
3 4 12 10 9 1 0 

1681 11046166849123935917 2 5
7 4 9 10 0 
7 4 10 9 0 

6768 7008623311537526173 2 6
9 11 12 6 5 4 
11 9 12 6 5 4 

1140 18432756223321942973 4 5
2 10 6 4 5 
2 10 4 6 5 
10 2 6 4 5 
10 2 4 6 5 

6227 17469513767259256478 1 6
6 12 4 11 1 0 

2249 6627508909502765254 1 5
3 7 6 0 11 

7336 6678627853571790798 1 6
3 10 11 7 5 12 

5538 8049233853646522598 2 6
1 10 7 5 8 12 
10 1 7 5 8 12 

824 13441838060432756890 2 5
3 9 8 5 4 
9 3 8 5 4 

722 8515372444542247493 2 5
1 9 7 6 4 
9 1 7 6 4 

5809 10488794037831013165 2 7
9 10 0 7 5 12 4 
10 9 0 7 5 12 4 

444 8655943350777945554 2 6
2 3 7 5 8 4 
3 2 7 5 8 4 

5158 1324868636164140448 2 5
5 12 10 2 1 
12 5 10 2 1 

181 315813228974879825 2 5
0 2 7 5 4 
2 0 7 5 4 

5268 3869222800043647412 2 5
2 10 7 12 4 
10 2 7 12 4 

1290 5895114041815862487 4 4
3 8 1 10 
3 8 10 1 
8 3 1 10 
8 3 10 1 

6377 13787042794989574604 1 7
3 0 11 6 12 7 5 

692 8705765069675869130 2 5
2 9 7 5 4 
9 2 7 5 4 

5779 2659016744366247575 1 7
7 12 4 10 9 1 0 

414 6467202654764600454 1 6
3 1 2 7 8 4 

5128 10414889359953741348 6 3
3 10 12 
3 12 10 
10 3 12 
10 12 3 
12 10 3 
12 3 10 

41 11473083630852983955 6 3
0 3 5 
0 5 3 
3 0 5 
3 5 0 
5 3 0 
5 0 3 

4158 4099446347529161212 1 6
3 1 2 5 12 4 

1801 7522640170859763691 4 5
3 8 9 10 0 
3 8 10 9 0 
8 3 9 10 0 
8 3 10 9 0 

6888 13592341097124190504 1 7
3 9 11 6 12 7 5 

2508 3586554605513561166 1 6
3 2 11 7 8 6 

151 15758999850608987021 2 5
7 4 2 0 1 
7 4 0 2 1 

5238 2303510009627610705 1 7
10 2 1 12 6 5 4 

3339 16029771605504672495 2 6
3 8 1 11 10 0 
8 3 1 11 10 0 

5696 5459693322318096813 4 4
6 12 10 9 
6 12 9 10 
12 6 10 9 
12 6 9 10 

628 6946560803479054090 4 5
2 9 6 4 5 
2 9 4 6 5 
9 2 6 4 5 
9 2 4 6 5 

5715 9570420448829335952 1 7
6 12 4 10 9 1 0 

1196 8166078615848426857 1 5
3 7 5 10 2 

6283 17532709458698184492 1 6
3 7 12 0 11 1 

962 9906710511968737775 4 5
1 9 7 8 6 
1 9 7 6 8 
9 1 7 8 6 
9 1 7 6 8 

6049 10741497247938183537 2 7
9 10 0 7 5 8 12 
10 9 0 7 5 8 12 

5135 9665354197689063340 2 6
3 12 10 2 1 0 
12 3 10 2 1 0 

421 12783345438013087490 2 5
0 2 7 5 8 
2 0 7 5 8 

5508 4480599886169248087 2 5
2 10 7 8 12 
10 2 7 8 12 

3225 3085345159835504635 1 6
3 4 7 10 0 11 

868 10022088791786930617 2 5
2 9 8 5 6 
9 2 8 5 6 

5955 15327681085557391327 1 7
6 12 8 10 9 1 0 

2762 238107243799832844 1 6
3 6 7 1 9 11 

405 6890431233469279661 2 5
0 2 8 7 4 
2 0 8 7 4 

5492 14107908264890351271 2 7
2 10 6 12 8 5 4 
10 2 6 12 8 5 4 

3207 14283520977399693697 1 6
7 10 2 1 11 0 

850 9761749691573862797 2 5
1 9 8 4 6 
9 1 8 4 6 

5937 39088149172891284 2 7
9 10 0 8 5 4 12 
10 9 0 8 5 4 12 

2666 5886319817867070443 1 6
3 6 5 1 11 9 

7753 14768171918032115909 1 7
3 12 6 10 9 11 0 

309 2876561504188526132 2 5
0 2 8 5 4 
2 0 8 5 4 

5396 4286618221660178544 4 5
2 10 8 4 12 
2 10 4 8 12 
10 2 8 4 12 
10 2 4 8 12 

1418 5875325569702767853 1 5
3 7 8 10 1 

6505 11284769667524520264 1 7
3 11 0 12 6 5 8 

3177 17126682097261671455 1 6
3 5 6 10 11 0 

820 6689457128802108216 2 5
2 9 8 5 4 
9 2 8 5 4 

5907 8107549966590823569 2 7
4 8 12 10 9 1 0 
8 4 12 10 9 1 0 

542 1430755792674810780 2 5
3 4 9 2 1 
4 3 9 2 1 

5256 5094295620855416897 2 4
3 10 7 12 
10 3 7 12 

169 2765311859477452912 2 4
0 3 7 5 
3 0 7 5 

6720 6582199498245349340 4 4
6 12 11 9 
6 12 9 11 
12 6 11 9 
12 6 9 11 

3393 17196818716791915203 2 5
6 8 11 0 10 
8 6 11 0 10 

462 9558917123770586572 1 6
3 1 2 6 7 8 

5176 9408098716994943405 2 5
3 10 4 5 12 
10 3 4 5 12 

89 1992302330806950730 2 4
0 3 4 6 
3 0 4 6 

3665 12301620642093330753 2 6
4 6 9 10 11 0 
6 4 9 10 11 0 

1308 10675723259348067742 1 5
3 10 2 4 8 

4875 4985876050005884813 1 6
3 12 8 9 1 0 

7232 11382301023138044517 4 4
6 12 11 10 
6 12 10 11 
12 6 11 10 
12 6 10 11 

2456 7031751839107199521 2 5
3 11 8 7 4 
11 3 8 7 4 

806 13818143324710519429 2 5
5 8 9 2 1 
8 5 9 2 1 

1776 2797986313718675845 2 6
9 10 7 5 6 4 
10 9 7 5 6 4 

4133 4936392683588431056 4 4
0 2 5 12 
0 2 12 5 
2 0 5 12 
2 0 12 5 

6216 7920993814795323352 2 4
3 11 12 6 
11 3 12 6 

1129 13223957809243844898 2 5
3 5 6 10 0 
3 10 0 5 6 

6688 17571031926086494482 4 4
9 11 5 12 
9 11 12 5 
11 9 5 12 
11 9 12 5 

2252 10900688756760911075 1 5
3 7 6 11 2 

3361 1306223537058127823 2 5
5 8 11 0 10 
8 5 11 0 10 

5458 12924919510730972465 2 6
1 10 6 12 8 4 
10 1 6 12 8 4 

3101 1941493561934477769 2 6
3 4 10 2 0 11 
4 3 10 2 0 11 

744 7220178860521568740 2 5
3 9 7 5 6 
9 3 7 5 6 

203 5368592377079821399 1 5
3 6 7 1 0 

5290 10563523996822450091 1 6
3 10 1 7 5 12 

6154 16328843597162051540 2 4
3 12 11 1 
12 3 11 1 

1067 8500928806169310726 2 5
3 5 10 0 1 
5 3 10 0 1 

5171 10316485901485040719 4 6
1 10 0 5 12 4 
1 10 0 12 5 4 
10 1 0 5 12 4 
10 1 0 12 5 4 

457 13056811808986044136 2 5
0 3 7 6 8 
3 0 7 6 8 

5544 4754489543012347355 2 6
3 10 7 5 8 12 
10 3 7 5 8 12 

6408 6490114630545558609 2 4
3 11 12 8 
11 3 12 8 

1321 2078047464440288023 1 5
3 5 8 10 0 

6180 5787001882291962606 4 4
2 11 5 12 
2 11 12 5 
11 2 5 12 
11 2 12 5 

1744 15305826382664628077 2 5
9 10 7 6 4 
10 9 7 6 4 

2408 16928565958390077931 2 5
3 11 5 8 6 
11 3 5 8 6 

4931 7787977378511926489 2 6
6 12 8 9 1 0 
6 12 8 1 9 0 

217 17460899160188681523 2 5
0 3 7 6 4 
3 0 7 6 4 

5304 16109464881763649070 2 6
3 10 7 5 4 12 
10 3 7 5 4 12 

6168 2259452027131507986 2 4
3 11 12 4 
11 3 12 4 

1081 5529071710289616878 1 5
3 10 0 4 5 

1732 3019671887187622694 1 5
7 6 10 2 9 

6819 6306885976426433105 1 7
7 5 12 11 1 9 0 

3852 3386157741774377853 2 6
3 8 10 2 9 11 
8 3 10 2 9 11 

6209 16713809634515535702 4 4
6 12 11 0 
6 12 0 11 
12 6 11 0 
12 6 0 11 

664 16286879089424662472 2 4
3 9 7 4 
9 3 7 4 

2882 4871175359828342891 2 5
6 8 11 1 9 
8 6 11 1 9 

7969 2755534463445395167 1 7
5 8 12 9 10 11 0 

5640 3408405871570375314 2 4
3 12 10 9 
12 3 10 9 

553 12655958873660233898 2 4
3 5 0 9 
5 3 0 9 

2313 12579679565820620157 2 4
3 8 11 0 
8 3 11 0 

7400 7606252552615130703 1 7
3 10 11 6 12 7 5 

1204 390831981483475902 2 5
2 10 7 5 4 
10 2 7 5 4 

6291 16932091142970668072 1 6
11 1 0 7 12 4 

1464 17722416443075587208 2 6
3 10 7 5 4 8 
10 3 7 5 4 8 

6178 15441158240007389517 4 4
1 11 5 12 
1 11 12 5 
11 1 5 12 
11 1 12 5 

5664 15162439970180988065 4 4
9 10 5 12 
9 10 12 5 
10 9 5 12 
10 9 12 5 

4694 581127221571984294 1 6
6 12 4 9 2 1 

2337 1282740506665193051 4 4
5 8 0 11 
5 8 11 0 
8 5 0 11 
8 5 11 0 

1228 9114398276342965413 1 5
3 10 2 7 6 

6315 9622070609546997035 1 7
3 7 5 12 0 11 1 

2835 1001090666225371024 2 6
4 8 11 1 9 0 
8 4 11 1 9 0 

5192 5818653216146682401 2 4
3 10 6 12 
10 3 6 12 

105 6155788013670521262 2 4
0 3 5 6 
3 0 5 6 

430 12806938605796707829 1 6
3 1 2 7 5 8 

5517 3472228615458256312 1 7
3 10 2 0 7 8 12 

5144 17530254288962386199 2 4
3 10 4 12 
10 3 4 12 

57 12655958873660233898 2 4
0 3 5 4 
3 0 5 4 

708 1599136733096749796 2 4
7 6 2 9 
7 6 9 2 

5795 12036724343821924491 1 7
7 5 12 10 9 1 0 

2504 3489248838440258704 2 5
3 11 7 6 8 
11 3 7 6 8 

2772 16964672055765596656 1 6
7 6 4 9 2 11 

5129 8943750251791357438 2 4
3 12 10 0 
12 3 10 0 

42 12772781651143259001 6 3
1 3 5 
1 5 3 
3 1 5 
3 5 1 
5 3 1 
5 1 3 

1802 11973664999406046814 2 5
3 8 10 9 1 
8 3 10 9 1 

474 4035379285938818721 2 6
1 3 6 7 8 4 
3 1 6 7 8 4 

5188 8903995435314405334 4 4
6 12 10 2 
6 12 2 10 
12 6 10 2 
12 6 2 10 

2829 16152883654750600898 2 6
3 8 2 0 9 11 
8 3 2 0 9 11 

5186 6719598342343721561 4 4
6 12 10 1 
6 12 1 10 
12 6 10 1 
12 6 1 10 

670 9424030054182197985 1 6
3 7 4 9 1 2 

5384 8943750251791357438 2 4
3 10 12 8 
10 3 12 8 

297 5282225985659897090 2 4
0 3 5 8 
3 0 5 8 

4141 13770241510776669972 1 5
3 0 2 5 12 

442 5820337762613078945 2 6
1 3 7 5 8 4 
3 1 7 5 8 4 

5529 16839889184030872076 1 7
3 10 0 4 7 8 12 

5156 6792407040373755187 4 4
2 10 5 12 
2 10 12 5 
10 2 5 12 
10 2 12 5 

4648 9871088694333504948 2 4
3 9 5 12 
9 3 5 12 

2387 2960969315791537790 1 6
11 1 0 8 4 6 

7474 4564569743291642362 1 7
1 11 10 8 5 4 12 

4744 15020845254582902237 2 4
3 9 7 12 
9 3 7 12 

1417 11202758045263444494 1 5
3 7 8 10 0 

6504 17968721083076361479 2 6
3 11 12 6 5 8 
11 3 12 6 5 8 

5154 12461463632765983175 4 4
1 10 5 12 
1 10 12 5 
10 1 5 12 
10 1 12 5 

2275 487310490625487022 1 6
7 5 6 11 1 0 

7362 11619412412024765131 1 6
6 12 7 1 11 10 

4632 15063977356288108120 2 4
3 9 4 12 
9 3 4 12 

1305 6459298060295730642 1 5
3 4 8 10 0 

6392 1529259502490219528 2 7
3 11 6 12 7 5 4 
11 3 6 12 7 5 4 

4427 17564113230539342346 1 6
3 1 0 6 12 8 

6784 1835665701688778087 2 4
7 12 11 9 
7 12 9 11 

1697 15081017793605594084 2 5
7 5 9 10 0 
7 5 10 9 0 

2348 1521655140091717531 1 5
3 5 8 11 2 

7435 14718198201621305499 1 7
3 12 8 11 1 10 0 

4620 7563124850266252619 2 4
3 12 9 2 
12 3 9 2 

1293 15448012319556564137 2 5
3 8 2 10 0 
8 3 2 10 0 

6380 12856866998711739493 1 7
3 11 2 6 12 7 5 

2769 2975019672704305296 1 6
7 6 4 11 9 0 

7856 81777399018367180 1 7
9 10 11 7 5 12 4 

412 2448177180960893691 2 5
2 3 8 7 4 
3 2 8 7 4 

4740 1116567062154180760 2 4
7 12 9 2 
7 12 2 9 

1413 7302997094009307211 1 5
7 8 2 10 0 

6500 375189533333105543 2 6
2 11 6 12 8 5 
11 2 6 12 8 5 

2319 7261515674551100942 2 6
3 8 11 1 2 0 
8 3 11 1 2 0 

4676 17296161973131961069 4 4
6 12 9 2 
6 12 2 9 
12 6 9 2 
12 6 2 9 

410 7316484361433742528 2 5
1 3 7 8 4 
3 1 7 8 4 

2261 14635699505345579105 1 6
7 6 4 2 0 11 

7348 18001730409970831567 1 7
2 10 11 7 5 12 4 

4618 13581492923916727637 2 4
3 12 9 1 
12 3 9 1 

1291 11991849353964409677 4 5
3 8 1 10 0 
3 8 10 1 0 
8 3 1 10 0 
8 3 10 1 0 

6378 101575438410010577 1 7
3 1 11 6 12 7 5 

5028 17760246304895986272 2 6
2 9 7 5 8 12 
9 2 7 5 8 12 

4642 13626744067648105555 4 4
5 12 9 1 
5 12 1 9 
12 5 9 1 
12 5 1 9 

3672 2122395916417938310 1 6
3 4 6 10 9 11 

1315 6115380538927014503 4 5
5 8 1 10 0 
5 8 10 1 0 
8 5 1 10 0 
8 5 10 1 0 

4920 16432625335637608516 2 6
3 9 8 5 4 12 
9 3 8 5 4 12 

206 1143211401593660676 1 5
3 6 7 1 2 

5293 3626100147450780285 1 7
3 7 5 12 10 2 0 

2673 10797823464910650008 2 6
11 9 0 6 4 5 
11 9 0 4 6 5 

7760 18338952597618246121 1 6
6 12 4 9 10 11 

316 13253620399063864665 2 5
2 3 8 5 4 
3 2 8 5 4 

5403 6646743652339903362 1 7
3 10 1 0 4 12 8 

6529 1182151089247470932 2 5
0 11 7 8 12 
11 0 7 8 12 

1442 9568359730483250053 2 5
1 10 7 5 8 
10 1 7 5 8 

4172 17581704465450167858 2 4
2 3 6 12 
3 2 6 12 

4140 7321114971042148480 4 4
2 3 5 12 
2 3 12 5 
3 2 5 12 
3 2 12 5 

1922 3815415314319715476 1 5
7 8 10 9 1 

7009 17202667618637231508 1 7
11 9 0 6 12 8 5 

1813 9308581772030028496 2 6
4 8 10 2 9 0 
8 4 10 2 9 0 

4170 14978430150938198612 2 4
1 3 6 12 
3 1 6 12 

4309 9059630981066992280 2 6
0 2 6 12 7 4 
2 0 6 12 7 4 

1952 7030970577582468330 2 5
9 10 7 5 8 
10 9 7 5 8 

4138 6118943485193283041 2 4
1 3 5 12 
3 1 5 12 

4277 7959056030633615981 2 6
0 2 7 5 12 4 
2 0 7 5 12 4 

1920 2036652390883395331 2 4
7 8 9 10 
7 8 10 9 

3112 13848868959822582224 2 4
3 5 10 11 
5 3 10 11 

838 7235263115699332649 2 5
6 8 9 2 1 
8 6 9 2 1 

5925 3650354482741928992 1 7
5 8 12 10 2 9 0 

5060 814227868213552634 2 6
2 9 6 12 7 8 
9 2 6 12 7 8 

346 2422334989680200094 2 5
1 3 6 8 4 
3 1 6 8 4 

5433 36816493204200459 1 7
3 10 0 4 5 8 12 

787 1368410328309693913 4 5
4 8 1 9 0 
4 8 9 1 0 
8 4 1 9 0 
8 4 9 1 0 

3144 18381012045241542638 2 4
3 6 10 11 
6 3 10 11 

5760 2755913472339793177 2 4
9 10 7 12 
10 9 7 12 

1324 16664854473700789396 1 5
3 10 2 5 8 

6411 1111385163198853737 1 6
3 12 8 11 1 0 

4137 13724912938991160571 2 4
0 3 5 12 
3 0 5 12 

810 12381316818795040425 1 5
3 5 8 9 1 

5897 15775539912155482669 1 6
3 12 8 10 9 0 

851 14118862697811473410 2 6
8 4 6 1 9 0 
8 4 6 9 1 0 

5938 17390601937116765286 1 7
10 9 1 8 5 4 12 

3208 6604662538144941728 1 4
7 3 10 11 

932 5716770526282877296 2 5
2 9 7 5 8 
9 2 7 5 8 

6019 11602752814496707167 1 7
7 8 12 10 9 1 0 

391 6104271951521329000 2 5
7 8 2 0 1 
7 8 0 2 1 

5478 10433412256775530870 1 7
10 2 1 6 12 8 5 

739 13354795614949168967 2 6
7 5 6 1 9 0 
7 5 6 9 1 0 

5826 16861204207872497355 1 6
6 12 7 10 9 1 

3096 18043834194689148665 2 4
3 4 10 11 
4 3 10 11 

2632 14849548588006331662 2 4
3 6 11 9 
6 3 11 9 

4234 3601198126186202568 2 4
1 3 7 12 
3 1 7 12 

5509 5964611942711684848 1 6
2 10 0 7 8 12 

795 3668759845623667801 1 6
3 4 8 0 9 1 

3152 15206679876069032210 4 4
10 11 4 6 
10 11 6 4 
11 10 6 4 
11 10 4 6 

1904 8759380577839723326 2 6
9 10 8 5 4 6 
10 9 8 5 4 6 

4261 11245501622216529786 2 5
0 2 7 5 12 
2 0 7 5 12 

2696 14873213004488818321 1 4
7 3 9 11 

844 1140014102598723940 1 5
3 2 9 8 6 

3201 9691279023353452437 1 4
7 11 0 10 

2092 9408153010230732170 2 4
3 5 11 2 
5 3 11 2 

7179 14597108185182535264 2 6
3 12 11 1 10 0 
12 3 11 1 10 0 

3392 10607566257858675804 4 4
6 8 10 11 
6 8 11 10 
8 6 10 11 
8 6 11 10 

1174 11140679624198614697 1 5
7 4 10 2 1 

6261 15153717452588704948 1 7
2 0 11 12 6 5 4 

3344 14825237871083478995 4 4
4 8 10 11 
4 8 11 10 
8 4 10 11 
8 4 11 10 

786 1318211384996828018 4 4
4 8 1 9 
4 8 9 1 
8 4 1 9 
8 4 9 1 

3657 7992542229473352867 2 6
3 6 10 9 0 11 
6 3 10 9 0 11 

1300 14049895070815470534 4 4
2 10 8 4 
2 10 4 8 
10 2 8 4 
10 2 4 8 

4685 7259136312607229485 1 6
3 6 12 2 0 9 

2328 2209941770455723101 2 4
3 11 4 8 
11 3 4 8 

4824 2234515415422227689 2 6
3 9 6 12 7 4 
9 3 6 12 7 4 

2467 9756211837778869904 1 6
7 5 8 11 1 0 

7554 2294889975762809742 1 6
7 8 12 1 11 10 

110 9257878237576903127 1 5
3 1 2 6 5 

5197 137523218956523575 1 6
3 6 12 10 2 0 

1219 9862553878594724024 2 5
7 6 1 10 0 
7 6 10 1 0 

6306 9140397059805577191 2 5
1 11 7 5 12 
11 1 7 5 12 

594 7148936549626789550 4 4
1 9 6 4 
1 9 4 6 
9 1 6 4 
9 1 4 6 

5681 509193444291118813 4 6
9 10 0 5 12 4 
9 10 0 12 5 4 
10 9 0 5 12 4 
10 9 0 12 5 4 

3465 14683276430345159695 1 6
3 7 8 10 0 11 

1108 1652577157158021898 4 4
2 10 6 4 
2 10 4 6 
10 2 6 4 
10 2 4 6 

6195 4894139212631490323 2 6
11 1 0 5 12 4 
11 1 0 12 5 4 

2217 7587747172575297361 1 5
3 7 5 0 11 

7304 1654336371963206789 1 5
3 7 12 10 11 

4493 13527926045452067709 1 6
3 0 2 7 8 12 

2136 17535114513680024400 2 4
3 11 4 6 
11 3 4 6 

1348 14117248127743361218 4 4
2 10 8 6 
2 10 6 8 
10 2 8 6 
10 2 6 8 

6435 14112612231828260766 1 6
11 1 0 5 8 12 

2376 1461105244160949813 2 4
3 11 6 8 
11 3 6 8 

4872 5716132595228554805 2 4
3 9 12 8 
9 3 12 8 

158 7173351855877534347 1 5
3 7 4 1 2 

4773 3055917370554073781 1 6
7 5 12 2 0 9 

59 7450117184301605782 1 5
3 0 1 5 4 

5146 6256507529158304316 1 5
3 10 1 4 12 

5314 12177295530183281894 2 5
1 10 6 12 7 
10 1 6 12 7 

600 13244719047416567394 2 4
3 9 4 6 
9 3 4 6 

393 9113998808969921848 2 4
0 3 7 8 
3 0 7 8 

5480 5026082867088540204 2 6
3 10 6 12 5 8 
10 3 6 12 5 8 

1363 13847089941810683417 2 6
1 10 0 8 4 6 
10 1 0 8 4 6 

6450 17712234235423367865 2 6
1 11 8 5 4 12 
11 1 8 5 4 12 

3720 6110709989140830841 1 5
7 3 10 9 11 

650 2204608231276742904 1 4
7 3 9 1 

5737 9430329009216713646 1 7
3 6 12 5 10 9 0 

3521 15456404996933969415 2 6
7 6 8 11 0 10 
7 8 6 11 0 10 

1164 8594156494609609817 1 4
7 3 10 2 

6251 6194131350007290522 1 7
3 6 12 5 1 11 0 

204 218051426516173234 2 4
2 3 7 6 
3 2 7 6 

5291 5128272538125537422 1 7
3 7 5 12 10 0 1 

2590 4106342537189692329 2 6
3 4 11 1 9 2 
4 3 11 1 9 2 

6184 530328107049273597 2 4
3 11 12 5 
11 3 12 5 

1097 6155788013670521262 2 4
3 6 10 0 
6 3 10 0 

4213 40256197877996202 2 6
0 2 12 6 5 4 
2 0 12 6 5 4 

1856 11448405313653419317 4 4
9 10 6 8 
9 10 8 6 
10 9 8 6 
10 9 6 8 

2370 6179384943626481256 4 4
1 11 8 6 
1 11 6 8 
11 1 8 6 
11 1 6 8 

7457 15167860390464628021 1 6
5 8 12 11 0 10 

299 3645003005444604942 1 5
3 5 8 0 1 

5386 6437446742357186895 1 5
3 10 1 12 8 

840 540536166097268271 2 4
3 9 6 8 
9 3 6 8 

6153 17754853967792251353 2 4
3 12 11 0 
12 3 11 0 

1066 16907480452562293586 2 4
3 5 10 1 
5 3 10 1 

469 9652519735844839119 2 6
0 2 7 8 6 4 
2 0 7 8 6 4 

5556 4419609376834022051 2 7
2 10 7 5 8 12 4 
10 2 7 5 8 12 4 

2826 18408981168959180986 2 5
3 8 11 1 9 
8 3 11 1 9 

4916 18086392093003954044 2 6
2 9 8 5 4 12 
9 2 8 5 4 12 

202 14518410503498051762 2 4
1 3 6 7 
3 1 6 7 

5289 6104287837306582596 1 6
3 10 0 7 5 12 

1566 1422617750107039547 2 6
3 4 10 2 9 1 
4 3 10 2 9 1 

6280 8785277259849352423 2 4
3 11 12 7 
11 3 12 7 

1193 11944634595100961943 1 5
3 7 5 10 0 

329 6416674840168567039 2 4
0 3 6 8 
3 0 6 8 

5416 5456410536725135734 2 5
3 10 5 8 12 
10 3 5 8 12 

1299 10467977771305973348 4 5
4 8 1 10 0 
4 8 10 1 0 
8 4 1 10 0 
8 4 10 1 0 

6386 10705163145147281673 2 7
1 11 6 12 7 5 4 
11 1 6 12 7 5 4 

3656 9703273462364134218 2 5
3 6 10 9 11 
6 3 10 9 11 

4803 15286777088520301987 2 6
6 12 7 9 1 0 
6 12 7 1 9 0 

2446 7253877714112243814 1 6
3 7 8 1 11 2 

4899 12056973897120476559 2 6
5 8 12 1 9 0 
5 8 12 9 1 0 

185 11639744598070522678 2 5
0 3 7 5 4 
3 0 7 5 4 

5272 5185589614248630109 2 5
3 10 4 7 12 
10 3 4 7 12 

1294 11646389277601571089 2 5
3 8 10 2 1 
8 3 10 2 1 

4165 2167417215910698007 4 4
6 12 0 2 
6 12 2 0 
12 6 2 0 
12 6 0 2 

1808 15168540102035176454 4 4
9 10 4 8 
9 10 8 4 
10 9 8 4 
10 9 4 8 

4679 16627380092031813737 2 6
6 12 2 0 9 1 
12 6 2 0 9 1 

2322 5629124340416167437 4 4
1 11 8 4 
1 11 4 8 
11 1 8 4 
11 1 4 8 

5644 4710654513797900244 2 5
3 12 10 2 9 
12 3 10 2 9 

557 4720263195239059709 2 5
3 5 0 2 9 
5 3 0 2 9 

930 13055083716791031652 2 5
1 9 7 5 8 
9 1 7 5 8 

6017 7087655970107243501 2 6
7 8 12 9 10 0 
7 8 12 10 9 0 

791 13013713585650717920 2 6
4 8 2 0 9 1 
8 4 2 0 9 1 

3148 10236585793280848167 2 5
3 6 10 2 11 
6 3 10 2 11 

3716 7870233074107369713 1 5
7 10 2 9 11 

2188 5252227452911333509 1 4
7 3 11 2 

335 6933162696205632527 1 6
3 6 8 1 2 0 

5422 5443838685317175112 1 7
3 10 2 1 5 8 12 

2692 3219003927355369114 1 4
7 9 2 11 

2714 8179635093928347802 1 6
3 7 4 9 1 11 

357 11695737540006250587 2 5
0 2 8 5 6 
2 0 8 5 6 

5444 10044842705630859537 2 5
2 10 6 12 8 
10 2 6 12 8 

898 8809356602373970088 2 4
7 8 1 9 
7 8 9 1 

5985 18424992153930803898 2 7
9 10 0 6 12 8 5 
10 9 0 6 12 8 5 

3116 5479274513651473714 2 5
3 5 10 2 11 
5 3 10 2 11 

2440 9823964319183901490 2 4
3 11 7 8 
11 3 7 8 

4658 4279126180859812985 4 5
1 9 5 12 4 
1 9 12 5 4 
9 1 5 12 4 
9 1 12 5 4 

644 7978913526673269158 2 3
7 2 9 
7 9 2 

5731 8218000193664157081 1 7
12 6 5 10 9 1 0 

2947 9110071585019717213 1 6
7 8 11 1 9 0 

590 10035464691781236316 2 5
3 6 1 9 2 
6 3 1 9 2 

5677 9953273266319175645 1 7
3 5 12 10 2 9 0 

1672 4451495511759916630 1 4
7 3 10 9 

2186 563076984607027071 1 4
7 3 1 11 

7273 4006381854238534402 1 7
3 12 6 5 10 11 0 

1064 17982405219925519216 6 3
3 5 10 
3 10 5 
5 3 10 
5 10 3 
10 5 3 
10 3 5 

834 6060953300343719242 4 4
6 8 1 9 
6 8 9 1 
8 6 1 9 
8 6 9 1 

5921 17548351548364820535 2 6
9 10 0 5 8 12 
10 9 0 5 8 12 

2650 17378507554004497243 1 6
3 6 4 1 11 9 

293 1218186350776952560 4 4
5 8 0 2 
5 8 2 0 
8 5 2 0 
8 5 0 2 

1616 3058763983060461834 4 4
9 10 4 6 
9 10 6 4 
10 9 6 4 
10 9 4 6 

1664 8617697012606929538 2 3
7 9 10 
7 10 9 

2178 11779783825701804278 2 3
7 1 11 
7 11 1 

7265 14682744848925353180 1 6
12 6 5 11 0 10 

3426 10616513684358009456 1 6
1 11 10 8 5 6 

1069 12201583379052852225 2 5
3 5 10 2 0 
5 3 10 2 0 

6156 1884374864401920087 2 4
3 12 11 2 
12 3 11 2 

4396 17081076401289000229 2 5
2 3 8 5 12 
3 2 8 5 12 

1096 11473083630852983955 6 3
3 6 10 
3 10 6 
6 3 10 
6 10 3 
10 6 3 
10 3 6 

6183 12439275076528313977 2 6
5 12 11 1 2 0 
12 5 11 1 2 0 

866 1959852295287714085 2 5
1 9 8 5 6 
9 1 8 5 6 

5953 5690605388716767598 2 6
6 12 8 9 10 0 
6 12 8 10 9 0 

325 5656144803166985945 4 4
0 2 6 8 
0 2 8 6 
2 0 6 8 
2 0 8 6 

5412 7605502451548796858 2 5
2 10 5 8 12 
10 2 5 8 12 

2124 8180291404631522204 2 4
3 6 11 2 
6 3 11 2 

7211 9876216037880512559 1 7
3 5 12 10 11 1 0 

876 11107228551712500261 1 6
3 9 2 8 5 6 

3233 4749213951064744311 1 5
7 5 11 0 10 

778 9783176176344108360 4 4
3 8 1 9 
3 8 9 1 
8 3 1 9 
8 3 9 1 

1292 6126907693482008209 2 4
3 8 2 10 
8 3 2 10 

4758 6792395791664636266 1 6
7 12 4 9 2 1 

2401 7307766687018792052 2 5
0 11 8 5 6 
11 0 8 5 6 

7488 12305035784528740670 2 5
10 11 6 12 8 
11 10 6 12 8 

2262 15574102935744102755 1 6
7 6 4 11 1 2 

4619 10851633086372564401 2 5
3 12 9 1 0 
12 3 9 1 0 

1298 11944014335137703665 4 4
1 10 8 4 
1 10 4 8 
10 1 8 4 
10 1 4 8 

6385 4408679657307453124 2 7
0 11 6 12 7 5 4 
11 0 6 12 7 5 4 

904 15015673793452889056 2 4
3 9 7 8 
9 3 7 8 

1874 17054593680492169410 1 6
10 9 1 8 4 6 

6961 7500949016227850650 1 7
11 9 0 8 5 4 12 

4231 16850475827640404735 2 5
7 12 2 0 1 
7 12 0 2 1 

2977 394385680499078849 1 6
7 5 8 11 9 0 

8064 17845291569728089999 1 6
7 8 12 9 10 11 

620 12741295454211508176 1 5
3 9 2 5 6 

5707 14235539009713441798 1 7
3 6 12 1 10 9 0 

2436 5185426099263978780 2 4
7 8 2 11 
7 8 11 2 

79 14598803893935848969 2 5
3 6 1 0 2 
6 3 1 0 2 

5166 242110301770067428 1 6
3 5 12 10 2 1 

1188 18230715189588284548 2 4
7 5 2 10 
7 5 10 2 

6275 4445006057165581718 1 5
7 12 11 1 0 

4770 11754112904021476954 2 5
1 9 7 5 12 
9 1 7 5 12 

1416 10708209392821818556 2 4
3 10 7 8 
10 3 7 8 

678 6044443356498230324 1 5
7 5 9 2 1 

5765 11617058449475073825 1 6
7 12 10 2 9 0 

7208 13352015438610131552 1 5
3 5 12 10 11 

2121 11901309790040736546 2 4
3 6 0 11 
6 3 0 11 

137 4633584435518308652 2 3
7 3 0 
7 0 3 

5224 471809183696813480 2 5
3 10 6 12 5 
10 3 6 12 5 

394 9048529822762713125 2 4
1 3 7 8 
3 1 7 8 

5481 6741434979006674941 1 7
3 10 0 6 12 5 8 

2652 16580616411335326309 1 6
3 4 6 9 2 11 

295 9670024497391313927 4 5
5 8 2 0 1 
5 8 0 2 1 
8 5 2 0 1 
8 5 0 2 1 

836 2785151612152105630 4 4
2 9 8 6 
2 9 6 8 
9 2 8 6 
9 2 6 8 

5923 8043496046090486182 1 7
5 8 12 10 9 1 0 

4683 10667033148627744432 1 6
3 6 12 1 0 9 

2326 18076547958390534761 2 5
4 8 11 1 2 
8 4 11 1 2 

649 3024894540800511571 1 4
7 3 0 9 

5736 13550805877243354522 1 6
3 10 9 6 12 5 

268 15872179058582409548 6 3
2 3 8 
2 8 3 
3 2 8 
3 8 2 
8 3 2 
8 2 3 

4820 7291212369685669297 2 6
2 9 6 12 7 4 
9 2 6 12 7 4 

7177 5467866590309836854 2 5
3 12 11 10 0 
12 3 11 10 0 

2090 13133390017340700917 2 4
3 5 11 1 
5 3 11 1 

106 2163506275398920502 2 4
1 3 6 5 
3 1 6 5 

5193 9952889420552989691 1 5
3 6 12 10 0 

900 1599136733096749796 2 4
7 8 2 9 
7 8 9 2 

643 14016626052443880635 2 4
7 1 9 0 
7 9 1 0 

5730 9156090860734492804 1 6
12 6 5 10 9 1 

5330 11968334098624978582 2 6
1 10 6 12 7 4 
10 1 6 12 7 4 

616 6396922636279807571 2 4
3 9 5 6 
9 3 5 6 

5703 7651707465751261729 2 7
6 12 10 2 9 1 0 
12 6 10 2 9 1 0 

5191 15714079297403662560 2 6
6 12 10 2 1 0 
12 6 10 2 1 0 

2834 3988472455523872142 2 5
4 8 11 1 9 
8 4 11 1 9 

75 16877007353227243504 2 4
3 6 1 0 
6 3 1 0 

5162 11581819338305706744 1 5
3 10 1 5 12 

2185 10239434487203702820 1 4
7 3 0 11 

7272 5857955949234831680 1 6
3 10 11 12 6 5 

3155 13127534341960161698 2 6
4 6 1 11 10 0 
6 4 1 11 10 0 

798 9297951251789377466 1 6
3 8 4 2 9 1 

2402 7516011386272653663 2 5
1 11 8 5 6 
11 1 8 5 6 

7489 2772200060488652288 1 6
6 12 8 11 0 10 

907 3741409055007458391 1 6
3 7 8 0 9 1 

3264 11077641932995923674 2 4
7 6 10 11 
7 6 11 10 

2016 17624841558697393205 2 6
9 10 7 5 8 6 
10 9 7 5 8 6 

4373 5524406021914003508 4 5
0 2 4 8 12 
0 2 8 4 12 
2 0 4 8 12 
2 0 8 4 12 

3457 5742941555936666818 1 5
7 8 11 0 10 

1100 797387620977452107 2 4
3 6 10 2 
6 3 10 2 

6187 12235467076378758249 1 6
3 12 5 11 1 0 

2209 1489702681731014932 2 4
7 5 0 11 
7 5 11 0 

7296 974346977018071481 2 4
7 12 11 10 
7 12 10 11 

2182 4789229242850663353 1 4
7 11 1 2 

7269 13599006590020607130 1 7
12 6 5 2 10 0 11 

3009 15417698744741089464 2 6
7 6 8 11 9 0 
7 8 6 11 9 0 

8096 10341877543247226664 1 7
9 10 11 7 5 8 12 

652 3016649047411604933 1 4
7 3 9 2 

598 472554572994463415 2 5
4 6 9 2 1 
6 4 9 2 1 

5685 5114330072238673838 2 7
5 12 4 10 2 9 0 
12 5 4 10 2 9 0 

4771 3756646800458353264 2 6
7 5 12 9 1 0 
7 5 12 1 9 0 

1166 11462505311474001112 1 5
7 3 10 2 1 

6253 10224308024425729105 1 7
3 12 6 5 11 0 2 

1680 12193740305630387838 2 4
9 10 7 4 
10 9 7 4 

738 12614890859576486406 2 5
1 9 7 5 6 
9 1 7 5 6 

5825 14282031659144013104 2 6
6 12 7 9 10 0 
6 12 7 10 9 0 

197 7838404018650899994 2 4
7 6 2 0 
7 6 0 2 

5284 6913242060347871345 2 5
2 10 7 5 12 
10 2 7 5 12 

1306 8040540108649224522 1 5
3 10 1 4 8 

2276 17538645395932670083 2 5
2 11 7 5 6 
11 2 7 5 6 

7363 11159685559387222446 1 7
6 12 7 1 11 10 0 

4633 8524700518792549031 1 5
3 4 12 0 9 

167 13617808520005537521 2 5
7 5 2 0 1 
7 5 0 2 1 

5254 77024817062961927 1 5
7 12 10 2 1 

7200 5308405418297858867 4 4
5 12 11 10 
5 12 10 11 
12 5 11 10 
12 5 10 11 

1412 15246382447369002815 2 4
2 10 7 8 
10 2 7 8 

6499 4062234160012215833 1 7
11 1 0 6 12 8 5 

3425 14095648298152594214 1 6
8 5 6 11 0 10 

3624 733710579824240330 2 5
3 5 10 9 11 
5 3 10 9 11 

3232 12526681058556022992 2 4
7 5 10 11 
7 5 11 10 

2123 5304440263972182758 2 5
3 6 1 11 0 
6 3 1 11 0 

7210 13783045186517526756 1 6
3 5 12 10 11 1 

5522 5569058858910562644 2 6
1 10 7 8 12 4 
10 1 7 8 12 4 

808 16043698334185197403 2 4
3 9 5 8 
9 3 5 8 

4135 16885601451023327882 4 5
5 12 2 0 1 
5 12 0 2 1 
12 5 2 0 1 
12 5 0 2 1 

841 3210162012418699852 1 5
3 6 8 0 9 

5928 14092467266291765533 1 6
3 10 9 5 8 12 

6212 11094122363157242247 4 4
6 12 11 2 
6 12 2 11 
12 6 11 2 
12 6 2 11 

5130 14615215089956868784 2 4
3 12 10 1 
12 3 10 1 

43 11574408005651216057 2 4
3 5 0 1 
5 3 0 1 

5269 12745983935197515114 1 6
2 10 0 7 12 4 

2912 17259494116208910396 2 5
9 11 8 5 6 
11 9 8 5 6 

802 11982080349434708440 4 4
5 8 1 9 
5 8 9 1 
8 5 1 9 
8 5 9 1 

4948 4382667092069771755 2 6
2 9 6 12 8 4 
9 2 6 12 8 4 

234 12016757347223913821 2 5
1 3 6 7 5 
3 1 6 7 5 

5321 14937159410858795974 1 6
3 10 0 6 12 7 

4809 7146242306702621076 1 6
3 0 9 6 12 7 

95 12502050759900029271 1 6
3 6 4 1 0 2 

5182 11140851141643938520 1 7
3 10 2 1 4 5 12 

2452 129116687342379573 2 5
2 11 8 7 4 
11 2 8 7 4 

1316 14718934506740004502 4 4
2 10 8 5 
2 10 5 8 
10 2 8 5 
10 2 5 8 

4643 8348069257800967545 4 5
5 12 9 1 0 
5 12 1 9 0 
12 5 1 9 0 
12 5 9 1 0 

2344 6231132554653613628 2 4
3 11 5 8 
11 3 5 8 

4236 13520264016828652648 2 4
2 3 7 12 
3 2 7 12 

4429 18247511275728218858 1 6
3 2 0 6 12 8 

2072 15169667630063119186 6 3
3 4 11 
3 11 4 
4 3 11 
4 11 3 
11 4 3 
11 3 4 

642 6939302525858410684 2 3
7 1 9 
7 9 1 

5729 11419490325046480435 2 6
12 6 5 9 10 0 
12 6 5 10 9 0 

3161 2273760402862211339 1 6
3 4 6 10 0 11 

804 5873630753086561275 4 4
5 8 2 9 
5 8 9 2 
8 5 2 9 
8 5 9 2 

1355 15561668442511937871 1 6
3 6 8 1 10 0 

6442 10984224496869518414 1 6
3 11 1 12 5 8 

3712 11945298464886410541 1 4
7 9 10 11 

2089 11520063270469085550 2 4
3 5 11 0 
5 3 11 0 

7176 8389747341058677403 2 4
3 12 11 10 
12 3 11 10 

710 15814393207212628539 1 5
7 6 9 2 1 

5797 12097612938559212407 1 7
7 5 12 10 2 9 0 

4883 268239569127695373 4 6
4 8 12 1 9 0 
4 8 12 9 1 0 
8 4 12 9 1 0 
8 4 12 1 9 0 

7240 16312913650858049443 1 5
3 12 6 11 10 

2153 3365884838533178050 1 5
3 5 6 11 0 

2184 5915568666704454585 2 3
7 3 11 
7 11 3 

4788 16777775528346190829 2 6
2 9 7 5 12 4 
9 2 7 5 12 4 

74 13212346880296711290 6 3
1 3 6 
1 6 3 
3 1 6 
3 6 1 
6 3 1 
6 1 3 

5161 1277945638840151066 1 5
3 5 12 10 0 

1156 13282815846936256210 2 3
7 2 10 
7 10 2 

6243 14888506553724269053 1 6
12 6 5 11 1 0 

4761 12304095559165273272 1 6
3 0 9 7 12 4 

2404 10450881509931497952 2 5
2 11 8 5 6 
11 2 8 5 6 

7491 8837305238202864379 1 7
6 12 8 1 11 10 0 

47 3000829746551817414 2 5
3 5 0 2 1 
5 3 0 2 1 

5134 313845688897268335 2 5
3 12 10 2 1 
12 3 10 2 1 

843 5531817422572884145 1 6
3 6 8 1 0 9 

5930 6452770174924957291 1 7
3 10 9 1 5 8 12 

3200 6514982577924799092 2 3
7 10 11 
7 11 10 

2091 426119154738105725 2 5
3 5 11 1 0 
5 3 11 1 0 

7178 10423721486157686624 2 5
3 12 11 1 10 
12 3 11 1 10 

2382 12713388716612645351 1 6
3 6 8 1 11 2 

4739 5258478967399389391 2 5
7 12 9 1 0 
7 12 1 9 0 

25 15872179058582409548 6 3
0 3 4 
0 4 3 
3 0 4 
3 4 0 
4 3 0 
4 0 3 

5112 1952886405906394066 2 8
3 9 6 12 7 5 8 4 
9 3 6 12 7 5 8 4 

2243 7287603979808319840 1 5
7 6 11 1 0 

7330 4127782548509313047 1 6
7 5 12 1 11 10 

3352 16357107207755799479 1 5
3 4 8 10 11 

4749 6991057107831195422 1 6
3 7 12 0 9 2 

2392 15361888377974949282 2 5
3 11 8 4 6 
11 3 8 4 6 

2338 14359881096155866353 4 4
1 11 8 5 
1 11 5 8 
11 1 8 5 
11 1 5 8 

107 8363858518813005811 1 5
3 6 5 1 0 

5194 6008440661006805536 1 5
3 6 12 1 10 

648 13300550198748978734 2 3
7 3 9 
7 9 3 

5395 159389019867546553 4 6
1 10 0 8 4 12 
1 10 0 4 8 12 
10 1 0 8 4 12 
10 1 0 4 8 12 

681 5892388905195228876 1 5
3 7 5 0 9 

5768 6613367897260399099 1 5
3 10 9 7 12 

2497 2885138666910966321 4 5
0 11 7 8 6 
0 11 7 6 8 
11 0 7 8 6 
11 0 7 6 8 

7584 5552480752151901768 2 6
10 11 7 5 8 12 
11 10 7 5 8 12 

140 738301203332686713 2 3
7 3 2 
7 2 3 

5227 13516936965288045181 1 7
3 6 12 5 1 10 0 

4553 12872917282853037040 2 6
0 3 6 12 7 8 
3 0 6 12 7 8 

2196 12946221643637179746 2 4
2 11 7 4 
11 2 7 4 

4710 11331193992204890651 1 6
12 6 5 9 2 1 

676 16995548805099109368 2 4
7 5 2 9 
7 5 9 2 

5763 517077100907577713 1 6
7 12 10 9 1 0 

4755 7165642695863105379 2 6
7 12 4 9 1 0 
7 12 4 1 9 0 

3368 12231083667935633594 1 5
3 5 8 10 11 

5012 7731183308609232220 2 6
2 9 7 8 12 4 
9 2 7 8 12 4 

298 2848823819789856391 2 4
1 3 5 8 
3 1 5 8 

5385 15155465673124156913 2 5
3 10 0 12 8 
3 12 8 10 0 

2474 9050107786802785873 1 6
3 11 1 7 5 8 

7561 6172616778180180902 1 7
3 7 8 12 10 0 11 

117 17111164078659220535 4 5
0 2 4 6 5 
0 2 6 4 5 
2 0 4 6 5 
2 0 6 4 5 

5204 5748299578146959351 2 5
2 10 6 12 4 
10 2 6 12 4 

1226 7887996805055987487 1 5
3 6 7 1 10 

6313 8393355849551788261 1 6
3 0 11 7 5 12 

658 12811298701822802215 2 4
7 4 1 9 
7 4 9 1 

5745 8817058946321371564 2 7
9 10 0 12 6 5 4 
10 9 0 12 6 5 4 

3336 6195895781987358643 2 4
3 8 11 10 
8 3 11 10 

1172 17559544766778386891 2 4
2 10 7 4 
10 2 7 4 

6259 17507419663033410424 1 7
11 1 0 12 6 5 4 

6721 3236849020262046705 2 5
6 12 11 9 0 
12 6 11 9 0 

4364 15921278161905006561 2 4
2 3 8 12 
3 2 8 12 

2200 3683439710731799043 2 4
3 11 4 7 
11 3 4 7 

818 16214893399801617535 2 5
1 9 8 5 4 
9 1 8 5 4 

5905 10269775458760425252 4 6
9 10 0 8 4 12 
9 10 0 4 8 12 
10 9 0 4 8 12 
10 9 0 8 4 12 

4487 15451581990843610022 2 6
7 8 12 0 2 1 
7 8 12 2 0 1 

2130 1338671630987860974 4 4
1 11 6 4 
1 11 4 6 
11 1 6 4 
11 1 4 6 

7217 16678975873602322935 2 6
5 12 4 11 0 10 
12 5 4 11 0 10 

1048 16890459116996566059 6 3
3 4 10 
3 10 4 
4 3 10 
4 10 3 
10 4 3 
10 3 4 

909 11642870327427971267 1 6
3 7 8 0 9 2 

3266 8521400572708731078 1 5
7 6 1 11 10 

6276 15362112914857548479 2 4
7 12 11 2 
7 12 2 11 

1189 4551360856958149646 1 5
7 5 2 10 0 

1562 13944496851530502792 2 5
3 4 10 9 1 
4 3 10 9 1 

2076 16233170633430083219 2 4
3 4 11 2 
4 3 11 2 

347 5544660486251650779 1 6
3 1 0 6 4 8 

5434 17785927341594418422 1 7
3 10 1 4 5 8 12 

2704 7269995637766026177 2 4
9 11 7 4 
11 9 7 4 

2897 16838399457391656017 1 6
8 4 6 11 9 0 

7984 881752480238913704 1 7
9 10 11 8 5 4 12 

540 1955148917843247937 2 4
3 4 9 2 
4 3 9 2 

139 3518130679139923254 1 4
7 3 0 1 

5226 9393282734755926743 1 6
3 1 10 6 12 5 

5267 9926739738855769845 2 6
7 12 4 10 1 0 
7 12 4 1 10 0 

713 8234859044746783957 1 5
3 7 6 0 9 

5800 577236020529591540 1 6
3 10 9 7 5 12 

6664 4925735542663173016 2 4
3 12 11 9 
12 3 11 9 

1577 3029036037681788441 2 5
3 5 10 9 0 
5 3 10 9 0 

2228 18111399317785094015 2 5
2 11 7 5 4 
11 2 7 5 4 

7315 10301041740428539385 1 7
7 12 4 1 11 10 0 

980 15734496366935562933 2 6
2 9 7 8 6 4 
9 2 7 8 6 4 

3337 7763193103868980052 2 5
3 8 11 0 10 
8 3 11 0 10 

4886 10437043665853807032 2 6
4 8 12 9 2 1 
8 4 12 9 2 1 

2529 16845522391041902003 2 6
0 11 7 5 8 6 
11 0 7 5 8 6 

7616 10434428591806992948 2 6
10 11 6 12 7 8 
11 10 6 12 7 8 

172 8563683853978777303 2 4
2 3 7 5 
3 2 7 5 

5259 12257658672458513095 1 6
3 7 12 10 0 1 

4997 12093294789396787586 1 6
7 8 12 2 0 9 

283 11980933998515745426 1 5
3 4 8 0 1 

2640 10304459701564701030 4 4
9 11 4 6 
9 11 6 4 
11 9 6 4 
11 9 4 6 

7688 6236571255371535341 2 5
3 12 10 9 11 
12 3 10 9 11 

2601 7021298802831986282 2 5
3 5 11 0 9 
5 3 11 0 9 

1158 14789300831829805136 1 4
7 10 2 1 

6245 9287732376797525571 1 6
12 6 5 2 0 11 

3376 5094061570482638538 2 5
10 11 8 5 4 
11 10 8 5 4 

4485 15542331849220253265 2 5
0 2 7 8 12 
2 0 7 8 12 

2433 4644141216187964352 2 4
7 8 0 11 
7 8 11 0 

7520 676309771776349958 2 6
10 11 6 12 8 5 
11 10 6 12 8 5 

76 13564141306185094470 6 3
2 3 6 
2 6 3 
3 2 6 
3 6 2 
6 3 2 
6 2 3 

5163 10752299795332507509 1 6
3 5 12 10 0 1 

2953 10377476697258614953 1 6
3 7 8 0 9 11 

596 8450206202173200723 4 4
2 9 6 4 
2 9 4 6 
9 2 6 4 
9 2 4 6 

5683 4541471124959974380 2 7
5 12 4 10 9 1 0 
12 5 4 10 9 1 0 

845 3333880617317668553 1 6
3 8 6 2 0 9 

5932 9225424483179982913 1 7
3 10 2 9 5 8 12 

3202 7384528122669154118 1 4
7 1 11 10 

2093 2581039551265276814 2 5
3 5 11 0 2 
5 3 11 0 2 

7180 14949715042089033576 2 5
3 12 10 2 11 
12 3 10 2 11 

2120 551060847374047995 6 3
3 6 11 
3 11 6 
6 3 11 
6 11 3 
11 6 3 
11 3 6 

7207 16468637501383388381 2 7
5 12 10 2 1 11 0 
12 5 10 2 1 11 0 

2088 7604897531792447388 6 3
3 5 11 
3 11 5 
5 3 11 
5 11 3 
11 5 3 
11 3 5 

6152 12754884160191739185 6 3
3 11 12 
3 12 11 
11 3 12 
11 12 3 
12 11 3 
12 3 11 

1065 6803992802477040646 2 4
3 5 10 0 
5 3 10 0 

2825 15922510698369456598 2 5
3 8 11 9 0 
8 3 11 9 0 

153 7530677594634266517 2 4
0 3 7 4 
3 0 7 4 

5240 5286579836459636240 2 6
3 10 6 12 4 5 
10 3 6 12 4 5 

4728 14707638804060348205 2 6
3 9 12 6 5 4 
9 3 12 6 5 4 

2371 1738989563372248261 2 5
6 8 11 1 0 
8 6 11 1 0 

7458 13232844337412522693 1 6
1 11 10 5 8 12 

586 261046608964677155 2 4
3 6 1 9 
6 3 1 9 

5673 6843309806909232611 1 6
3 5 12 10 9 0 

1668 5455437324878573369 1 4
7 10 2 9 

6755 16583889038035377995 1 7
12 6 5 11 1 9 0 

2312 9497633746292651234 6 3
3 8 11 
3 11 8 
8 3 11 
8 11 3 
11 8 3 
11 3 8 

331 2013050419469576576 1 5
3 6 8 1 0 

5418 13525131525655499069 1 6
3 10 1 5 8 12 

2688 18121907118053348417 2 3
7 9 11 
7 11 9 

2914 1006041047278063773 1 6
11 1 9 8 5 6 

8001 7359241785576386336 1 7
6 12 8 9 10 11 0 

1666 10518351408509732516 1 4
7 10 9 1 

6753 10955342436083850458 1 6
12 6 5 11 9 0 

4425 4876636485917732314 2 5
0 3 6 12 8 
3 0 6 12 8 

2180 3992297097941907472 2 3
7 2 11 
7 11 2 

7267 17219994901197543873 1 7
12 6 5 1 11 10 0 

4757 2270500805232327867 1 6
7 12 4 2 0 9 

5298 6816358437985127128 2 6
1 10 7 5 12 4 
10 1 7 5 12 4 

584 18018816022952908569 6 3
3 6 9 
3 9 6 
6 3 9 
6 9 3 
9 6 3 
9 3 6 

5671 11041561851071850500 2 7
5 12 10 2 9 1 0 
12 5 10 2 9 1 0 

138 826265768673871215 2 3
7 3 1 
7 1 3 

5225 12234926590321499879 1 6
3 10 0 6 12 5 

4713 18315127224934699050 1 6
3 0 9 6 12 5 

2356 981855312837968749 2 5
2 11 8 5 4 
11 2 8 5 4 

7443 1583420365073574347 2 7
4 8 12 1 11 10 0 
8 4 12 1 11 10 0 

1220 15246382447369002815 2 4
2 10 7 6 
10 2 7 6 

6307 839452408311198866 1 6
7 5 12 11 1 0 

4686 5107671763668316720 1 6
3 6 12 1 9 2 

2329 13863005475620710072 1 5
3 4 8 0 11 

2248 15606323549618816317 2 4
3 11 7 6 
11 3 7 6 

626 7904952056109989597 4 5
1 9 6 4 5 
1 9 4 6 5 
9 1 6 4 5 
9 1 4 6 5 

5713 10044624087312559420 2 6
6 12 4 9 10 0 
6 12 4 10 9 0 

706 8809356602373970088 2 4
7 6 1 9 
7 6 9 1 

5793 4938054467919781457 2 6
7 5 12 9 10 0 
7 5 12 10 9 0 

7236 8296411556316782463 2 5
6 12 2 10 11 
12 6 2 10 11 

165 442584931215832777 2 4
7 5 2 0 
7 5 0 2 

5252 14232546830512085364 2 4
2 10 7 12 
10 2 7 12 

7204 6772535042014459795 2 5
5 12 2 10 11 
12 5 2 10 11 

133 16532204078911483802 2 3
7 2 0 
7 0 2 

5220 17321796782211715497 2 5
2 10 12 6 5 
10 2 12 6 5 

1103 13552626501826474488 2 6
3 6 1 10 2 0 
6 3 1 10 2 0 

6190 18036890239101418189 1 6
3 12 5 11 1 2 

3460 1801563152270404756 1 5
7 8 2 10 11 

647 8371896277872732450 1 5
7 2 0 9 1 

5734 14900687698474692507 1 7
12 6 5 10 2 9 1 

2216 6681450863500197640 2 4
3 11 5 7 
11 3 5 7 

7303 5474717814826055485 1 7
7 12 10 2 1 11 0 

3464 6429567848325460632 1 5
3 7 8 10 11 

1107 4406532188960605714 4 5
4 6 1 10 0 
4 6 10 1 0 
6 4 1 10 0 
6 4 10 1 0 

6194 4239385657505973492 4 5
1 11 5 12 4 
1 11 12 5 4 
11 1 5 12 4 
11 1 12 5 4 

2513 11014249466862976359 2 6
0 11 7 8 6 4 
11 0 7 8 6 4 

7600 9020405469363967483 2 7
10 11 7 5 8 12 4 
11 10 7 5 8 12 4 

156 18408618783536684721 2 4
2 3 7 4 
3 2 7 4 

5243 2555947279965262080 1 8
3 1 10 0 6 12 4 5 

2374 5536090808177081907 2 5
6 8 11 1 2 
8 6 11 1 2 

7461 7962160234045106240 1 7
5 8 12 2 10 0 11 

2946 15838506522062710579 1 5
7 8 11 1 9 

589 1306782000117209330 2 5
3 6 2 0 9 
6 3 2 0 9 

5676 17787566553454764889 1 6
3 5 12 10 2 9 

1698 7198902728533744546 1 5
7 5 10 9 1 

6785 11561658903135783101 1 5
7 12 11 9 0 

2212 7417527674409494666 2 4
7 5 2 11 
7 5 11 2 

7299 1407739804958592359 1 6
7 12 1 11 10 0 

2193 12102670006441732222 2 4
7 4 0 11 
7 4 11 0 

7280 16367888801991941596 2 6
10 11 12 6 5 4 
11 10 12 6 5 4 

1084 16190684844808737339 1 5
3 10 2 4 5 

6171 9906396263507702786 1 6
3 12 4 11 1 0 

1314 1437878822982394511 4 4
5 8 1 10 
5 8 10 1 
8 5 1 10 
8 5 10 1 

205 1117326532807767334 1 5
3 7 6 0 2 

5292 3935842590909338407 1 6
3 10 2 7 5 12 

2259 4928208976852531558 1 6
7 6 4 11 1 0 

7346 11787899617970706048 1 7
1 11 10 7 5 12 4 

4616 17422878759914970470 6 3
3 9 12 
3 12 9 
9 3 12 
9 12 3 
12 9 3 
12 3 9 

5250 14947714494846631953 2 4
7 12 10 1 
7 12 1 10 

536 2486905984809513259 6 3
3 4 9 
3 9 4 
4 3 9 
4 9 3 
9 4 3 
9 3 4 

397 1730745791845934383 1 5
3 7 8 0 2 

5484 10761199168129077450 1 7
3 10 2 6 12 5 8 

2754 15838506522062710579 1 5
7 6 11 1 9 

7841 14122129974375427184 1 7
7 5 12 9 10 11 0 

5764 2293586635884415102 1 5
7 12 10 2 9 

677 16730240686163521044 1 5
7 5 2 0 9 

1050 4834557177211649742 2 4
3 4 10 1 
4 3 10 1 

3268 1801563152270404756 1 5
7 6 2 10 11 

4377 12791060465784877876 2 5
0 3 4 8 12 
3 0 4 8 12 

154 9489934513079564026 2 4
1 3 7 4 
3 1 7 4 

5241 12730139411590375865 1 7
3 10 0 6 12 4 5 

2372 10713307395544153252 4 4
6 8 2 11 
6 8 11 2 
8 6 2 11 
8 6 11 2 

7459 10783640089620574466 1 7
5 8 12 1 11 10 0 

4621 3909541334254104520 2 5
3 12 2 0 9 
12 3 2 0 9 

2264 8512865539979814916 2 5
3 11 7 6 4 
11 3 7 6 4 

3400 4044064200065345185 1 5
3 6 8 10 11 

1696 17843105667423852738 2 4
7 5 9 10 
7 5 10 9 

4995 3291617777946736776 2 6
7 8 12 1 9 0 
7 8 12 9 1 0 

2638 5727689115674082226 2 6
3 6 1 11 9 2 
6 3 1 11 9 2 

281 8583824903979149363 2 4
0 3 4 8 
3 0 4 8 

5368 4350578726227159257 2 7
3 10 6 12 7 5 4 
10 3 6 12 7 5 4 

1251 6846717053219023726 2 6
7 5 6 1 10 0 
7 5 6 10 1 0 

6338 10403064637745611754 2 5
1 11 6 12 7 
11 1 6 12 7 

3608 7970556264366496965 2 5
3 4 10 9 11 
4 3 10 9 11 

538 1621634226596084362 2 4
3 4 9 1 
4 3 9 1 

399 10744604937969385358 1 6
3 7 8 0 1 2 

2756 8435584122957395047 1 5
7 6 9 2 11 

3216 12804993466720244685 2 4
7 4 10 11 
7 4 11 10 

3409 15376267709514108591 1 6
8 4 6 11 0 10 

1052 11933901502177963949 2 4
3 4 10 2 
4 3 10 2 

5428 9067331384697374666 2 6
2 10 8 5 4 12 
10 2 8 5 4 12 

341 10085174251630920345 2 5
0 2 8 4 6 
2 0 8 4 6 

714 5723901579340128705 1 5
3 6 7 1 9 

5801 16080413147506986788 1 7
3 7 5 12 10 0 9 

2530 16202487861878710534 2 6
1 11 7 5 8 6 
11 1 7 5 8 6 

7617 18215283112286030420 1 7
11 0 10 6 12 7 8 

2245 13630763229106330303 1 5
7 6 2 0 11 

7332 11554685440427988033 1 6
7 5 12 2 10 11 

1049 6910321412057791875 2 4
3 4 10 0 
4 3 10 0 

684 5744832096515166004 1 5
3 7 5 9 2 

5771 8014461882859929665 1 7
3 7 12 10 0 9 1 

2500 7573475861371408542 4 5
2 11 7 8 6 
2 11 7 6 8 
11 2 7 8 6 
11 2 7 6 8 

143 15787970306327217102 1 5
7 3 0 1 2 

5230 17996219792131717206 1 7
3 6 12 5 1 10 2 

3609 8488273262494470390 2 6
3 4 10 9 0 11 
4 3 10 9 0 11 

1252 13441640882875645511 2 5
2 10 7 5 6 
10 2 7 5 6 

6339 9985095863372195534 1 6
6 12 7 11 1 0 

5205 13880069602636920016 1 6
6 12 4 2 10 0 

2848 8256398622522343234 4 4
5 8 9 11 
5 8 11 9 
8 5 9 11 
8 5 11 9 

31 12791060465784877876 2 5
3 4 0 2 1 
4 3 0 2 1 

4745 10723456335252258855 1 5
3 7 12 0 9 

2388 5084355808703774370 2 5
2 11 8 4 6 
11 2 8 4 6 

4885 12160374859187308876 2 6
2 0 9 8 4 12 
2 0 9 4 8 12 

5426 16912072810130382352 2 6
1 10 8 5 4 12 
10 1 8 5 4 12 

712 13705717403471425302 2 4
3 9 7 6 
9 3 7 6 

3162 16141916747070373353 1 6
3 6 4 1 10 11 

805 3204555336197482613 2 5
5 8 2 0 9 
8 5 2 0 9 

558 16702118604976185649 2 5
3 5 9 2 1 
5 3 9 2 1 

5645 9632046114597157029 2 6
3 12 10 2 9 0 
12 3 10 2 9 0 

1667 17078557143760655819 1 5
7 10 9 1 0 

6754 12336206212241506362 1 6
12 6 5 11 1 9 

2637 2285908703406977673 2 6
3 6 2 0 9 11 
6 3 2 0 9 11 

7724 8541892814219389627 1 7
3 5 12 10 2 9 11 

4994 3932030989321104905 2 5
1 9 7 8 12 
9 1 7 8 12 

2181 9839857822902217737 1 4
7 2 0 11 

7268 9166594385635576521 1 6
12 6 5 2 10 11 

794 10075919387560861437 1 5
3 4 8 9 1 

1304 17225949355269880720 2 4
3 10 4 8 
10 3 4 8 

3360 1504541828737792472 4 4
5 8 10 11 
5 8 11 10 
8 5 10 11 
8 5 11 10 

645 6999755672952075811 1 4
7 2 0 9 

5732 5962705353037408653 1 6
12 6 5 10 2 9 

668 13267296008378478260 1 5
3 9 2 7 4 

779 1750621472096607194 4 5
3 8 1 9 0 
3 8 9 1 0 
8 3 1 9 0 
8 3 9 1 0 

1320 7139133118636731039 2 4
3 10 5 8 
10 3 5 8 

2194 8638646317004573811 2 4
1 11 7 4 
11 1 7 4 

7281 389538448509075060 1 7
11 0 10 12 6 5 4 

1112 11809336580798865382 2 4
3 10 4 6 
10 3 4 6 

6199 6586079601317826235 2 7
5 12 4 11 1 2 0 
12 5 4 11 1 2 0 

2434 11460118956684932285 2 4
7 8 1 11 
7 8 11 1 

7521 9150630841150608747 1 7
11 0 10 6 12 8 5 

4652 5818149417979731394 1 5
3 9 2 5 12 

270 15921278161905006561 2 4
3 8 2 1 
8 3 2 1 

2349 5142060852342014874 1 6
3 5 8 11 0 2 

7436 15045880580927995935 1 6
3 12 8 10 2 11 

4706 4530932576023183385 2 5
1 9 12 6 5 
9 1 12 6 5 

1352 17496689998914079911 2 4
3 10 6 8 
10 3 6 8 

6439 7539969418639158721 1 7
5 8 12 11 1 2 0 

1648 17023548619281023224 4 5
9 10 6 4 5 
9 10 4 6 5 
10 9 6 4 5 
10 9 4 6 5 

1080 839580449333590801 2 4
3 10 4 5 
10 3 4 5 

2189 3013346568422438609 1 5
7 3 0 2 11 

7276 6196003709236912073 1 7
3 12 6 5 10 2 11 

4428 1203691690262640929 2 5
2 3 6 12 8 
3 2 6 12 8 

1128 6803992802477040646 2 4
3 10 5 6 
10 3 5 6 

6215 3931557604657574306 2 6
6 12 11 1 2 0 
12 6 11 1 2 0 

3346 8848082054452836055 2 5
4 8 1 11 10 
8 4 1 11 10 

3008 4234297694697092857 4 5
9 11 7 6 8 
9 11 7 8 6 
11 9 7 8 6 
11 9 7 6 8 

651 3945044447389122857 1 5
7 3 0 9 1 

5738 12800361517703377977 1 7
3 6 12 5 1 10 9 

1760 13429995284240605605 2 5
9 10 7 5 6 
10 9 7 5 6 

1192 4966401588170715461 2 4
3 10 7 5 
10 3 7 5 

6279 1328602263900160727 1 6
7 12 11 1 2 0 

1176 13101793892341280370 2 4
3 10 4 7 
10 3 4 7 

3394 9580571862750753172 2 5
6 8 1 11 10 
8 6 1 11 10 

4617 5716132595228554805 2 4
3 12 9 0 
12 3 9 0 

2260 972100783150747413 2 5
2 11 7 6 4 
11 2 7 6 4 

2913 500270521969501963 1 6
8 5 6 11 9 0 

8000 14940962878903312091 1 6
6 12 8 9 10 11 

556 13219364179103277971 2 4
3 5 9 2 
5 3 9 2 

5643 16046704088459661075 2 6
3 12 10 9 1 0 
12 3 10 9 1 0 

363 1607283517573298682 1 6
3 1 0 6 5 8 

5450 13525342731420616126 1 6
3 1 10 6 12 8 

2720 15771195279123027076 2 4
7 5 9 11 
7 5 11 9 

2179 14030353788891943321 1 4
7 11 1 0 

7266 8984889820193954434 1 6
12 6 5 1 11 10 

3149 14993903278577666092 2 6
3 6 10 2 0 11 
6 3 10 2 0 11 

792 18351195545203323495 2 4
3 9 4 8 
9 3 4 8 

5506 9142710348801821367 2 5
1 10 7 8 12 
10 1 7 8 12 

2499 9937929758038634178 2 6
7 6 8 11 1 0 
7 8 6 11 1 0 

7586 10160485679561911763 1 7
1 11 10 7 5 8 12 

142 8592868462828898049 1 4
7 3 1 2 

5229 17041919218895047297 1 7
3 6 12 5 10 2 0 

2360 8541139036804077801 2 5
3 11 5 8 4 
11 3 5 8 4 

1224 3493461078864531151 2 4
3 10 7 6 
10 3 7 6 

6311 11058204659136740025 1 7
7 5 12 11 1 2 0 

4680 11437843585875867864 2 4
3 9 12 6 
9 3 12 6 

2323 18227166075164115996 2 5
4 8 11 1 0 
8 4 11 1 0 

646 4997954197934824 1 4
7 9 2 1 

5733 8206226804504602001 1 7
12 6 5 10 2 9 0 

5221 2099678486045082286 1 6
12 6 5 2 10 0 

2864 7639234852809531748 2 5
9 11 8 5 4 
11 9 8 5 4 

1728 2036652390883395331 2 4
7 6 9 10 
7 6 10 9 

4792 14616423812846667236 2 6
3 9 7 5 12 4 
9 3 7 5 12 4 

2435 7287603979808319840 1 5
7 8 11 1 0 

7522 14148903061896915576 1 7
1 11 10 6 12 8 5 

78 14563961866884081177 2 4
3 6 1 2 
6 3 1 2 

5165 7451335649003203288 1 6
3 5 12 10 2 0 

1187 15779268072139089764 2 5
7 5 1 10 0 
7 5 10 1 0 

6274 1739266047409536342 2 4
1 11 7 12 
11 1 7 12 

1160 17104888474503650304 2 3
7 3 10 
7 10 3 

6247 1252981567164832557 1 7
12 6 5 11 1 2 0 

2242 11460118956684932285 2 4
7 6 1 11 
7 6 11 1 

7329 12312947349730434345 1 6
7 5 12 11 0 10 

3204 2810516306518433864 1 4
7 2 10 11 

2122 15960657355644184189 2 4
3 6 1 11 
6 3 1 11 

7209 9635536055895725262 1 6
3 5 12 10 11 0 

4157 18003265766924723199 1 6
3 0 2 5 4 12 

1800 15807973476148531810 4 4
3 8 9 10 
3 8 10 9 
8 3 9 10 
8 3 10 9 

2314 3947966544450527925 2 4
3 8 11 1 
8 3 11 1 

1576 9551486380314262468 2 4
3 5 10 9 
5 3 10 9 

2514 15035604730701182828 2 6
1 11 7 8 6 4 
11 1 7 8 6 4 

157 8762189861789468133 1 5
3 0 2 7 4 

5244 13226492888469617259 1 7
3 10 2 6 12 4 5 

1560 12151596901973845385 2 4
3 4 10 9 
4 3 10 9 

2074 17183495115676209078 2 4
3 4 11 1 
4 3 11 1 

269 8583824903979149363 2 4
3 8 2 0 
8 3 2 0 

5356 1675697959298720477 1 7
3 10 2 6 12 7 5 

1608 16034458661394746406 2 4
3 6 10 9 
6 3 10 9 

6695 8072304054888234420 2 7
5 12 11 1 2 0 9 
12 5 11 1 2 0 9 

333 89449902871826684 1 5
3 2 0 8 6 

5420 2772378507601260640 1 6
3 10 2 5 8 12 

2690 17265959710432103022 1 4
7 11 1 9 

7777 6672741909019378583 1 7
12 6 5 9 10 11 0 

5332 11335416555452227814 2 6
2 10 6 12 7 4 
10 2 6 12 7 4 

245 4027058662864127971 2 6
0 2 7 5 6 4 
2 0 7 5 6 4 

618 14692039761367609645 1 5
3 1 9 6 5 

5705 17074603175517332854 1 6
3 6 12 10 9 0 

3489 17076495821820793183 1 6
7 5 8 11 0 10 

1132 3483632111332139458 1 5
3 10 2 5 6 

6219 1853919033943017259 1 6
3 6 12 1 11 0 

1162 11295721952297501142 1 4
7 3 10 1 

6249 8496594671017588594 1 6
3 11 0 12 6 5 

2132 7949706237262970900 4 4
2 11 6 4 
2 11 4 6 
11 2 6 4 
11 2 4 6 

7219 5105820203317187882 2 7
5 12 4 1 11 10 0 
12 5 4 1 11 10 0 

4489 12348392679842212935 2 5
0 3 7 8 12 
3 0 7 8 12 

2244 5185426099263978780 2 4
7 6 2 11 
7 6 11 2 

7331 12233166806945956684 1 7
7 5 12 1 11 10 0 

690 6060495046858815653 2 5
1 9 7 5 4 
9 1 7 5 4 

5777 5467978437982338608 2 6
9 10 0 7 12 4 
10 9 0 7 12 4 

2506 18132853282543972978 1 6
3 1 11 6 7 8 

2316 10316823056872507081 2 4
3 8 2 11 
8 3 2 11 

2104 3297667970219013099 2 4
3 11 5 4 
11 3 5 4 

2152 14746736320874657649 2 4
3 11 5 6 
11 3 5 6 

7239 12789315227245193387 2 7
6 12 10 2 1 11 0 
12 6 10 2 1 11 0 

4393 8577078937673786291 2 5
0 3 5 8 12 
3 0 5 8 12 

332 11071492455830043588 2 4
2 3 8 6 
3 2 8 6 

5419 323825636913554677 1 7
3 5 8 12 10 0 1 

2689 9583678647235655758 1 4
7 11 9 0 

7776 15284023094171446799 1 6
12 6 5 9 10 11 

1580 2927214436741445583 2 5
3 5 10 2 9 
5 3 10 2 9 

6667 4280448289296834323 2 6
3 12 11 1 9 0 
12 3 11 1 9 0 

395 11119820032716846880 1 5
3 7 8 0 1 

5482 4907823160039915598 1 7
3 1 10 6 12 5 8 

2752 10843338703173415459 2 4
7 6 9 11 
7 6 11 9 

716 3617926238991680646 1 5
3 7 6 9 2 

1825 16491526609395276009 4 5
5 8 9 10 0 
5 8 10 9 0 
8 5 9 10 0 
8 5 10 9 0 

660 1048595302953780247 2 4
2 9 7 4 
9 2 7 4 

2824 8317213666698529737 2 4
3 8 11 9 
8 3 11 9 

7298 15582307148547877800 1 5
7 12 1 11 10 

2211 16540460727778365000 1 5
7 5 11 1 0 

2584 13381107583310554549 2 4
3 4 9 11 
4 3 9 11 

2445 2542416285602303289 1 6
3 7 8 0 2 11 

4802 12031526718566741965 2 5
1 9 6 12 7 
9 1 6 12 7 

780 13219364179103277971 2 4
3 8 2 9 
8 3 2 9 

587 6698788543729148118 2 5
3 6 1 0 9 
6 3 1 0 9 

5674 14622110622640481200 1 6
3 5 12 10 9 1 

2944 10843338703173415459 2 4
7 8 9 11 
7 8 11 9 

2600 14278722879735585441 2 4
3 5 11 9 
5 3 11 9 

1350 2919582050831012561 2 5
6 8 10 2 1 
8 6 10 2 1 

6437 11603694637765990653 1 6
5 8 12 2 0 11 

4677 13711064736373805127 2 5
6 12 2 0 9 
12 6 2 0 9 

1159 7694733487636006649 1 5
7 10 2 1 0 

6246 8747008187448892075 1 6
12 6 5 11 1 2 

1362 6378270335469757644 2 5
1 10 8 4 6 
10 1 8 4 6 

6449 10782183979370013410 2 6
0 11 8 5 4 12 
11 0 8 5 4 12 

1414 1506098912140465316 1 5
7 8 10 2 1 

6501 16981504213272747103 1 7
2 0 11 6 12 8 5 

27 15921278161905006561 2 4
3 4 0 1 
4 3 0 1 

4741 8229832863557436955 1 5
7 12 2 0 9 

1426 15317671699772147814 2 5
1 10 8 7 4 
10 1 8 7 4 

6513 8716862185045800911 2 7
0 11 6 12 8 5 4 
11 0 6 12 8 5 4 

3721 10805777409045293141 1 6
7 3 10 0 9 11 

1364 8049656338921957954 2 5
2 10 8 4 6 
10 2 8 4 6 

6451 15836984290560315202 1 7
11 1 0 8 5 4 12 

1173 5710552845710457861 1 5
7 4 2 10 0 

6260 4674963561498062520 2 6
2 11 12 6 5 4 
11 2 12 6 5 4 

3466 8145502927619221217 1 6
3 7 8 10 1 11 

2218 17970598340094759891 1 5
3 5 7 11 1 

7305 13228044350511753421 1 6
3 7 12 10 0 11 

1428 14575274434539941864 2 5
2 10 8 7 4 
10 2 8 7 4 

2330 7956742508803553030 1 5
3 11 1 4 8 

1444 4976349086399729760 2 5
2 10 7 5 8 
10 2 7 5 8 

6531 14139582877667909446 1 6
7 8 12 11 1 0 

1234 11301739465248359027 2 5
1 10 7 6 4 
10 1 7 6 4 

6321 4334247037612398169 2 6
0 11 7 5 12 4 
11 0 7 5 12 4 

1222 1506098912140465316 1 5
7 6 10 2 1 

6309 4019046799453304487 1 6
7 5 12 2 0 11 

1236 13790868538157813133 2 5
2 10 7 6 4 
10 2 7 6 4 

6323 5931596524813133869 1 7
11 1 0 7 5 12 4 

1476 2980762416283507273 4 5
2 10 7 8 6 
2 10 7 6 8 
10 2 7 8 6 
10 2 7 6 8 

6563 1222274691352800119 1 7
11 1 0 7 5 8 12 

2585 4911966921461698081 2 5
3 4 0 9 11 
4 3 0 9 11 

6188 11526903657819027235 1 5
3 11 2 12 5 

1101 16488315400087467266 2 5
3 6 10 2 0 
6 3 10 2 0 

1474 561247063420395963 4 5
1 10 7 8 6 
1 10 7 6 8 
10 1 7 8 6 
10 1 7 6 8 

6561 17016470870958421616 2 6
0 11 7 5 8 12 
11 0 7 5 8 12 

3410 789999298350219868 1 6
1 11 10 8 4 6 

1053 4649571328821606397 2 5
3 4 10 2 0 
4 3 10 2 0 

2162 517121804881310260 4 5
1 11 6 4 5 
1 11 4 6 5 
11 1 6 4 5 
11 1 4 6 5 

7249 13105597038320117571 1 6
6 12 4 11 0 10 

4380 12791060465784877876 2 5
2 3 8 4 12 
3 2 8 4 12 

3408 5622115920585780703 2 5
10 11 8 4 6 
11 10 8 4 6 

1051 6658191328756215724 2 5
3 4 10 1 0 
4 3 10 1 0 

4378 4371450033458042159 4 5
1 3 4 8 12 
1 3 8 4 12 
3 1 4 8 12 
3 1 8 4 12 

1054 11222744611667487819 2 5
3 4 10 2 1 
4 3 10 2 1 

915 10120496360088406017 2 6
8 7 4 1 9 0 
8 7 4 9 1 0 

3272 3217612034820969992 1 5
3 7 6 10 11 

1336 8020499818479806013 2 5
3 10 4 5 8 
10 3 4 5 8 

6423 7513974568227969415 2 7
4 8 12 11 1 2 0 
8 4 12 11 1 2 0 

2190 17211161512120402955 1 5
7 3 1 11 2 

4394 4573105714965711506 2 5
1 3 5 8 12 
3 1 5 8 12 

1354 12565418061316454014 1 5
3 6 8 1 10 

6441 11835405694044153435 1 6
3 11 0 12 5 8 

2324 8628016081222969563 4 4
4 8 2 11 
4 8 11 2 
8 4 2 11 
8 4 11 2 

4681 9928514815344642463 1 5
3 6 12 0 9 

3459 217728592922169406 1 6
7 8 1 11 10 0 

1102 13126219945831831794 2 5
3 6 1 10 2 
6 3 1 10 2 

6189 3216542475577962724 1 6
3 12 5 11 0 2 

3456 11077641932995923674 2 4
7 8 10 11 
7 8 11 10 

4426 5113120642302185257 2 5
1 3 6 12 8 
3 1 6 12 8 

108 14150251726512343786 2 4
2 3 6 5 
3 2 6 5 

5195 11030664490596519298 1 6
3 6 12 1 10 0 

1384 9942407749717598143 2 5
3 10 5 8 6 
10 3 5 8 6 

6471 721336478982228056 1 7
6 12 8 11 1 2 0 

1368 11403380697178103113 2 5
3 10 4 6 8 
10 3 4 6 8 

1114 4971690211915589840 1 5
3 6 4 1 10 

6201 1432850899604917618 1 6
3 11 0 12 5 4 

3348 15918074564036363665 2 5
4 8 2 10 11 
8 4 2 10 11 

3473 2512561893696776186 1 6
8 7 4 11 0 10 

1116 18252770918677829290 1 5
3 10 2 4 6 

6203 15327546006246392711 1 7
3 11 1 0 12 5 4 

3520 13871801787554219423 4 5
10 11 7 6 8 
10 11 7 8 6 
11 10 7 8 6 
11 10 7 6 8 

1163 5812728936842637094 1 5
7 3 10 0 1 

6250 7129530509387040987 1 6
3 1 11 6 12 5 

1144 4099673859196718868 2 5
3 10 4 5 6 
10 3 4 5 6 

6231 1187276128126875084 1 7
6 12 4 11 1 2 0 

3362 7838831653733286728 2 5
5 8 1 11 10 
8 5 1 11 10 

1177 11529297954559173255 1 5
3 10 0 4 7 

6264 5273090079092543064 2 6
3 11 12 6 5 4 
11 3 12 6 5 4 

1180 275486056444836927 1 5
3 10 2 4 7 

3522 17363807322080001300 2 6
7 6 8 1 11 10 
7 8 6 1 11 10 

1165 5583537802949047341 1 5
7 3 10 2 0 

6252 1960083944559284845 1 6
3 11 2 12 6 5 

2274 12133870631466945857 2 5
1 11 7 5 6 
11 1 7 5 6 

7361 13097364766231042320 1 6
6 12 7 11 0 10 

2135 8486736941864597019 2 6
4 6 11 1 2 0 
6 4 11 1 2 0 

7222 8790414878006220155 2 7
5 12 4 10 2 1 11 
12 5 4 10 2 1 11 

4492 16591881236023881285 2 5
2 3 7 8 12 
3 2 7 8 12 

1208 1684628839171101933 2 5
3 10 7 5 4 
10 3 7 5 4 

6295 17376820449525288546 1 7
7 12 4 11 1 2 0 

4674 7312867279836475686 4 4
6 12 9 1 
6 12 1 9 
12 6 9 1 
12 6 1 9 

2317 429003810552084522 2 5
3 8 2 0 11 
8 3 2 0 11 

3777 15748836911968179065 1 6
7 6 9 10 11 0 

1420 9083119493776236061 1 5
3 10 2 7 8 

1178 12790936067678900804 1 5
3 10 1 4 7 

6265 8035540604045086827 1 7
3 11 0 12 6 5 4 

3396 14853374948038113429 2 5
6 8 2 10 11 
8 6 2 10 11 

1432 10233625896339967517 2 5
3 10 4 7 8 
10 3 4 7 8 

1448 14759053978505961866 2 5
3 10 7 5 8 
10 3 7 5 8 

6535 7737729363983687079 1 7
7 8 12 11 1 2 0 

1480 14552774528696290329 2 5
3 10 7 6 8 
10 3 7 6 8 

1256 13099291878141283436 2 5
3 10 7 5 6 
10 3 7 5 6 

6343 6732867980070182067 1 7
6 12 7 11 1 2 0 

441 11280453276925171225 2 6
0 3 7 5 8 4 
3 0 7 5 8 4 

5528 8901715431756698559 2 6
3 10 4 7 8 12 
10 3 4 7 8 12 

5155 1244029385075572148 4 5
5 12 10 1 0 
5 12 1 10 0 
12 5 1 10 0 
12 5 10 1 0 

4167 18226509673042812632 4 5
6 12 2 0 1 
6 12 0 2 1 
12 6 2 0 1 
12 6 0 2 1 

1810 11439458611897293160 2 5
4 8 10 9 1 
8 4 10 9 1 

1240 11326329904569611917 2 5
3 10 4 7 6 
10 3 4 7 6 

3458 8521400572708731078 1 5
7 8 1 11 10 

1809 4218742724457833676 4 5
4 8 9 10 0 
4 8 10 9 0 
8 4 9 10 0 
8 4 10 9 0 

6896 4841842581160625989 2 7
9 11 6 12 7 5 4 
11 9 6 12 7 5 4 

4169 1181487506653313837 2 4
0 3 6 12 
3 0 6 12 

1812 17048900850570638701 2 5
4 8 10 2 9 
8 4 10 2 9 

4183 14485932422854440762 2 6
6 12 4 2 0 1 
6 12 4 0 2 1 

1826 17057245396157985223 2 5
5 8 10 9 1 
8 5 10 9 1 

4217 11173243471097140012 2 6
0 3 6 12 5 4 
3 0 6 12 5 4 

1860 15128105721818294799 2 5
6 8 10 2 9 
8 6 10 2 9 

6947 4640792639932427512 1 7
5 8 12 11 1 9 0 

2830 1968435168315508939 2 6
3 8 11 1 2 9 
8 3 11 1 2 9 

473 6732057809015007921 2 6
0 3 7 8 6 4 
3 0 7 8 6 4 

5560 3522737083923707891 2 7
3 10 7 5 4 8 12 
10 3 7 5 4 8 12 

5187 15536188433482629348 4 5
6 12 10 1 0 
6 12 1 10 0 
12 6 1 10 0 
12 6 10 1 0 

1858 1873243611697511925 2 5
6 8 10 9 1 
8 6 10 9 1 

6945 13208465437917548066 1 6
5 8 12 11 9 0 

4229 18116880560846877811 2 4
7 12 0 2 
7 12 2 0 

1872 9503930514116683239 2 5
9 10 8 4 6 
10 9 8 4 6 

1620 16112557355813044941 2 5
4 6 10 2 9 
6 4 10 2 9 

6707 14098793333172582504 2 7
5 12 4 11 1 9 0 
12 5 4 11 1 9 0 

1618 14810119464587607866 2 5
4 6 10 9 1 
6 4 10 9 1 

6705 5486183271036041128 2 6
11 9 0 5 12 4 
11 9 0 12 5 4 

4281 11359665886860419443 2 6
0 3 7 5 12 4 
3 0 7 5 12 4 

1924 3019671887187622694 1 5
7 8 10 2 9 

4142 1403628433909280828 1 5
3 5 12 1 2 

537 13381518964787154482 2 4
3 4 0 9 
4 3 0 9 

5251 8806681490992511994 2 5
7 12 10 1 0 
7 12 1 10 0 

1669 13041190992518440321 1 5
7 10 2 9 0 

6756 14980352813368963338 1 6
12 6 5 9 2 11 

282 7025238123519974264 4 4
1 3 4 8 
1 3 8 4 
3 1 4 8 
3 1 8 4 

4996 16241851850686761426 2 5
2 9 7 8 12 
9 2 7 8 12 

4154 865177920009318197 2 5
1 3 5 12 4 
3 1 5 12 4 

1670 7972111921509163274 1 5
7 10 2 9 1 

6757 5933824522314020146 1 7
12 6 5 2 0 9 11 

1682 7523999980927681592 1 5
7 4 10 9 1 

6769 5985898576217594896 1 7
11 9 0 12 6 5 4 

1684 10515504992378323387 1 5
7 4 10 2 9 

1700 8971663666125371579 1 5
7 5 10 2 9 

6787 4748898733241812363 1 6
7 12 11 1 9 0 

1712 5638183316595301788 2 5
9 10 7 5 4 
10 9 7 5 4 

1730 3815415314319715476 1 5
7 6 10 9 1 

6817 12970720673981278438 1 6
7 5 12 11 9 0 

1561 10131560296075494553 2 5
3 4 10 9 0 
4 3 10 9 0 

174 12535280406863887953 1 5
3 7 5 1 2 

5261 5807281956678121859 1 6
3 7 12 10 2 0 

4888 7779082340027591648 2 5
3 9 4 8 12 
9 3 4 8 12 

1984 2297449346495788749 4 5
9 10 7 6 8 
9 10 7 8 6 
10 9 7 8 6 
10 9 7 6 8 

4202 5631356676678340311 2 5
1 3 6 12 5 
3 1 6 12 5 

1564 9769942775386819813 2 5
3 4 10 2 9 
4 3 10 2 9 

4189 7533090276839628334 1 6
3 0 2 6 12 4 

1832 5532548166517627778 1 5
3 10 9 5 8 

1804 13237667653623755439 2 5
3 8 10 2 9 
8 3 10 2 9 

5131 15633317537321849775 2 5
3 12 10 1 0 
12 3 10 1 0 

190 3374203143292025504 1 6
3 1 2 7 5 4 

5277 12326561243789508526 1 7
3 10 2 0 4 7 12 

4904 10826762000706300202 2 5
3 9 5 8 12 
9 3 5 8 12 

1864 1514492043386293653 1 5
3 10 9 6 8 

3969 15748836911968179065 1 6
7 8 9 10 11 0 

1612 8455606750230751346 2 5
3 6 10 2 9 
6 3 10 2 9 

6699 16517828594006223888 1 7
3 12 5 11 1 0 9 

364 17121971620508376656 2 5
2 3 8 5 6 
3 2 8 5 6 

5451 10044294258838104736 1 7
3 6 12 8 1 10 0 

1592 6666690295464115110 1 5
3 10 9 4 5 

222 3721529594583094068 1 6
3 1 2 6 7 4 

4936 13350616387141937390 2 5
3 9 6 12 8 
9 3 6 12 8 

1640 13144291916537126318 1 5
3 10 9 5 6 

6727 9005206547663700140 2 7
6 12 11 1 2 0 9 
12 6 11 1 2 0 9 

1674 13378915888818974473 1 5
7 3 10 9 1 

6761 3893672805483734985 1 7
3 12 6 5 11 0 9 

1928 2922551707631307183 1 5
3 7 8 10 9 

1624 509002652610345910 1 5
3 10 9 4 6 

1673 9823069623498147857 1 5
7 3 10 0 9 

6760 18066282282337142842 1 6
3 11 9 12 6 5 

2643 11483999974843190728 2 6
4 6 11 1 9 0 
6 4 11 1 9 0 

7730 7792874053848960427 2 7
5 12 4 10 9 1 11 
12 5 4 10 9 1 11 

286 11980933998515745426 1 5
3 8 4 2 1 

5000 7544005363255416565 2 5
3 9 7 8 12 
9 3 7 8 12 

1610 4500193638756846400 2 5
3 6 1 10 9 
6 3 1 10 9 

6697 4519360396540802746 1 6
3 12 5 11 0 9 

1676 11021670339342464533 1 5
7 3 10 2 9 

4698 6271398368370196065 1 6
3 1 9 6 12 4 

2341 4823327798210868679 2 5
5 8 2 0 11 
8 5 2 0 11 

1688 11689054987299161653 1 5
3 10 9 4 7 

2354 17917079203197151670 2 5
1 11 8 5 4 
11 1 8 5 4 

7441 1217482474457884224 2 6
4 8 12 11 0 10 
8 4 12 11 0 10 

1736 4644088895193602518 1 5
3 7 6 10 9 

4491 16340246530098561079 1 6
3 0 1 7 8 12 

2134 16775447029081517556 2 5
4 6 11 1 2 
6 4 11 1 2 

7221 14024966986694795176 2 7
5 12 4 2 10 0 11 
12 5 4 2 10 0 11 

2131 16643204356189125639 2 5
4 6 11 1 0 
6 4 11 1 0 

7218 5982256906376482624 2 6
1 11 10 5 12 4 
1 11 10 12 5 4 

3240 13523533871145962179 1 5
3 7 5 10 11 

4743 11599787507988535969 1 6
7 12 2 0 9 1 

29 8583824903979149363 2 4
3 4 0 2 
4 3 0 2 

2386 17864078365954977798 2 5
1 11 8 4 6 
11 1 8 4 6 

7473 14319389920365423388 1 7
11 0 10 8 5 4 12 

4490 13042620173123979118 2 5
1 3 7 8 12 
3 1 7 8 12 

2133 15040231784897132569 2 5
4 6 2 0 11 
6 4 2 0 11 

7220 7742689075577738664 2 6
2 10 11 5 12 4 
2 10 11 12 5 4 

2183 1291380210197861583 1 5
7 11 1 2 0 

7270 182466680677386889 1 7
12 6 5 10 2 1 11 

2195 6884727368363600687 1 5
7 4 11 1 0 

7282 10156331010973214373 1 7
1 11 10 12 6 5 4 

4521 10518684997966269051 2 6
0 3 7 5 8 12 
3 0 7 5 8 12 

2164 4597642696558943234 4 5
2 11 6 4 5 
2 11 4 6 5 
11 2 6 4 5 
11 2 4 6 5 

7251 1750329729917213511 1 7
6 12 4 1 11 10 0 

4554 10930146859956405228 2 6
1 3 6 12 7 8 
3 1 6 12 7 8 

2197 557830835294366061 1 5
7 4 2 0 11 

7284 12967054452019133741 1 7
2 10 11 12 6 5 4 

2437 13630763229106330303 1 5
7 8 2 0 11 

7524 12999440835644077787 1 7
2 10 11 6 12 8 5 

4806 10733634469439790589 1 6
6 12 7 9 2 1 

92 15013899232603226306 2 4
2 3 6 4 
3 2 6 4 

5179 11761201256296684176 1 7
3 10 0 1 4 5 12 

2449 3033229383059942426 2 5
0 11 8 7 4 
11 0 8 7 4 

7536 818328557511889608 2 7
10 11 6 12 8 5 4 
11 10 6 12 8 5 4 

2198 7474942352260082927 1 5
7 4 11 1 2 

109 18249625969902418781 1 5
3 0 2 5 6 

5196 1405164566432299696 1 5
3 6 12 10 2 

2466 8341981241466615348 2 5
1 11 7 5 8 
11 1 7 5 8 

7553 2224439367854339134 1 6
7 8 12 11 0 10 

2327 4242409406761234588 2 6
4 8 11 1 2 0 
8 4 11 1 2 0 

4684 15798065975679303718 1 5
3 12 6 9 2 

93 7971047888029476104 1 5
3 0 2 4 6 

5180 14643676151403182449 1 6
3 10 2 4 5 12 

2450 262143775210418649 2 5
1 11 8 7 4 
11 1 8 7 4 

2214 17701230357440286515 1 5
7 5 11 1 2 

7301 16949467665152047420 1 6
7 12 2 10 0 11 

2213 2771473723594421285 1 5
7 5 2 0 11 

7300 11356757825331060519 1 5
7 12 2 10 11 

2246 16776352068319509294 1 5
7 6 11 1 2 

7333 5750923630253607341 1 7
7 5 12 2 10 0 11 

2226 2784396803366194739 2 5
1 11 7 5 4 
11 1 7 5 4 

7313 6531988596061932218 1 6
7 12 4 11 0 10 

111 891119863447448738 1 6
3 6 5 1 0 2 

5198 10126096772588363109 1 6
3 6 12 1 10 2 

2468 3144146144279393561 2 5
2 11 7 5 8 
11 2 7 5 8 

7555 835270636078178412 1 7
7 8 12 1 11 10 0 

141 12769226717104008266 1 4
7 3 0 2 

5228 2663681868787788956 1 6
3 10 2 6 12 5 

2498 8915304585432404983 4 5
1 11 7 8 6 
1 11 7 6 8 
11 1 7 8 6 
11 1 7 6 8 

7585 7586810399142760428 1 7
11 0 10 7 5 8 12 

2257 8194859856805856731 2 5
0 11 7 6 4 
11 0 7 6 4 

7344 9446417840159292316 2 6
10 11 7 5 12 4 
11 10 7 5 12 4 

2258 11291319131481639574 2 5
1 11 7 6 4 
11 1 7 6 4 

7345 473945395998351481 1 7
11 0 10 7 5 12 4 

2075 7962168711303359796 2 5
3 4 11 1 0 
4 3 11 1 0 

3184 13762035280200332737 4 5
10 11 6 4 5 
10 11 4 6 5 
11 10 6 4 5 
11 10 4 6 5 

1936 15707346707684192077 2 5
9 10 8 7 4 
10 9 8 7 4 

4293 16839060777794529097 2 5
0 2 6 12 7 
2 0 6 12 7 

2315 503685505571190808 2 5
3 8 11 1 0 
8 3 11 1 0 

3424 3741979734354815338 2 5
10 11 8 5 6 
11 10 8 5 6 

4675 1795521548894530557 4 5
6 12 9 1 0 
6 12 1 9 0 
12 6 1 9 0 
12 6 9 1 0 

2318 3675824794935385590 2 5
3 8 11 1 2 
8 3 11 1 2 

2078 2592885535921575703 2 5
3 4 11 1 2 
4 3 11 1 2 

2332 14664461675832021734 1 5
3 8 4 2 11 

2106 13829134948672607012 1 5
3 11 1 5 4 

7193 5695456313771378090 1 6
3 4 12 10 11 0 

2346 14793410221409915431 1 5
3 11 1 5 8 

7433 18412573782698608431 1 6
3 12 8 11 10 0 

2094 10758166499843546503 2 5
3 5 11 1 2 
5 3 11 1 2 

7181 8771141438826736618 2 6
3 12 10 2 11 0 
12 3 10 2 11 0 

846 11671914243071275859 1 6
3 6 8 1 2 9 

3203 1837882846454861452 1 5
7 1 11 10 0 

2377 2187869759187598002 1 5
3 6 8 0 11 

7464 1134572869758516135 1 6
3 10 11 5 12 8 

2108 657459964168838090 1 5
3 11 2 5 4 

7195 14696283451516735662 1 7
3 4 12 10 11 1 0 

860 1532823992312645100 1 6
3 2 9 8 4 6 

3217 17495945208531883638 1 5
7 4 11 0 10 

2140 14728186580687531770 1 5
3 11 2 4 6 

2138 8049150784319011003 1 5
3 1 11 6 4 

7225 10836591056658770967 1 7
3 10 11 0 4 5 12 

2378 7463883417251909312 1 5
3 1 11 6 8 

7465 9377375242770014478 1 7
3 5 12 8 10 11 0 

2380 18287256284485510936 1 5
3 8 6 2 11 

4494 15314605664041202243 1 6
3 1 2 7 8 12 

2137 6918095259907510275 1 5
3 0 11 4 6 

7224 17749892745213044094 1 6
3 10 11 4 5 12 

2154 5999519560086364814 1 5
3 1 11 6 5 

7241 3445159982604267061 1 6
3 12 6 11 10 0 

2126 16064960061937399000 2 5
3 6 1 11 2 
6 3 1 11 2 

7213 14954579412242419847 1 7
3 5 12 10 2 11 0 

2156 18385881927892935488 1 5
3 11 2 5 6 

7243 10139774061640410516 1 7
3 6 12 1 11 10 0 

908 8258504305309383693 1 5
3 7 8 9 2 

3265 5742941555936666818 1 5
7 6 11 0 10 

2125 5440626700583391478 2 5
3 6 0 2 11 
6 3 0 2 11 

7212 15559066092320926077 1 6
3 5 12 10 2 11 

3234 6343433167954873730 1 5
7 5 1 11 10 

2168 5783382399258388247 2 5
3 11 5 4 6 
11 3 5 4 6 

85 16980738700342661898 4 4
0 2 4 6 
0 2 6 4 
2 0 4 6 
2 0 6 4 

5172 13741361711774202424 4 5
2 10 5 12 4 
2 10 12 5 4 
10 2 5 12 4 
10 2 12 5 4 

2442 9106352575755487307 1 5
3 7 8 1 11 

4660 10240404789147063446 4 5
2 9 5 12 4 
2 9 12 5 4 
9 2 5 12 4 
9 2 12 5 4 

2201 15273625550311409556 1 5
3 0 11 7 4 

7288 17350504135143975649 1 7
3 10 11 12 6 4 5 

2187 1297909003369920097 1 5
7 3 0 1 11 

7274 1472799180372241803 1 7
3 6 12 5 1 10 11 

3296 16616335305349032472 2 5
10 11 7 5 6 
11 10 7 5 6 

2444 6584390175215453238 1 5
3 8 7 2 11 

2202 18408556487490599702 1 5
3 1 11 7 4 

2204 2539239004992521667 1 5
3 11 2 4 7 

2220 14595919493286441055 1 5
3 5 7 11 2 

7307 18150515187713993181 1 7
3 7 12 10 0 11 1 

2472 11722375255968477644 2 5
3 11 7 5 8 
11 3 7 5 8 

2333 8565559330919127011 1 6
3 4 8 2 0 11 

4690 11174321899917401107 2 5
1 9 6 12 4 
9 1 6 12 4 

2250 5232856674778541670 1 5
3 6 7 1 11 

7337 16800065537584598872 1 7
3 7 5 12 10 0 11 

2232 5429361111227589207 2 5
3 11 5 7 4 
11 3 5 7 4 

2852 10107671208967052560 2 5
5 8 9 2 11 
8 5 9 2 11 

492 5290584247632762741 2 6
2 3 7 5 8 6 
3 2 7 5 8 6 

2849 2210178647473153430 2 5
5 8 11 9 0 
8 5 11 9 0 

2881 10429604106678872543 2 5
6 8 11 9 0 
8 6 11 9 0 

7968 3680882919527609498 1 6
9 10 11 5 8 12 

588 10462194923341779571 2 4
3 6 9 2 
6 3 9 2 

5675 13073397017251947002 1 7
3 5 12 10 9 0 1 

2945 5885165536495196500 1 5
7 8 11 9 0 

8032 366770890159236471 1 7
9 10 11 6 12 8 5 

334 6647892572235080001 1 5
3 6 8 1 2 

5421 519609821350492944 1 7
3 10 2 0 5 8 12 

2691 18027198602057754623 1 5
7 11 1 9 0 

7778 10873403831505761812 1 7
12 6 5 10 9 1 11 

4998 14424473227858368481 1 6
7 8 12 9 2 1 

284 8583824903979149363 2 4
2 3 8 4 
3 2 8 4 

2641 14314866420798471632 2 5
4 6 11 9 0 
6 4 11 9 0 

7728 6258969111836898019 2 6
9 10 11 5 12 4 
9 10 11 12 5 4 

348 880929670442941134 2 5
2 3 8 4 6 
3 2 8 4 6 

5435 2012818630165737445 1 8
3 10 0 1 4 5 8 12 

2705 13836619068952344645 1 5
7 4 11 9 0 

7792 5611759476169860208 1 7
9 10 11 12 6 5 4 

591 16594450629385076624 2 6
3 6 1 2 0 9 
6 3 1 2 0 9 

5678 4837172340642644377 1 7
3 5 12 10 2 9 1 

2948 8435584122957395047 1 5
7 8 9 2 11 

285 2273536444565248587 4 5
3 2 0 4 8 
3 0 2 8 4 
3 4 8 2 0 
3 8 4 0 2 

2642 14905031807440925298 2 5
4 6 11 1 9 
6 4 11 1 9 

7729 15692386232071963511 2 7
5 12 4 9 10 11 0 
12 5 4 9 10 11 0 

2672 8141577403701953956 4 5
9 11 6 4 5 
9 11 4 6 5 
11 9 6 4 5 
11 9 4 6 5 

2708 1093955843799579964 1 5
7 4 9 2 11 

2694 13353690527904838496 1 5
7 11 1 9 2 

2693 13916173122980350213 1 5
7 2 0 9 11 

7780 6197199332238095957 1 7
12 6 5 10 2 9 11 

396 2682631003245748951 2 4
2 3 8 7 
3 2 8 7 

5483 13078394602383533787 1 8
3 1 10 0 6 12 5 8 

2753 5885165536495196500 1 5
7 6 11 9 0 

7840 9388760913314969686 1 6
7 5 12 9 10 11 

5317 11318537940104116453 1 6
6 12 7 2 10 0 

603 14021088209233645246 1 6
3 6 4 1 0 9 

5690 10852176732600935191 1 7
3 10 9 1 4 5 12 

2960 12898742326427312765 2 5
9 11 8 7 4 
11 9 8 7 4 

349 15515749596196428164 1 6
3 0 2 8 4 6 

5436 9662745923367487902 1 7
3 10 2 4 5 8 12 

2706 11177433987821937678 1 5
7 4 11 1 9 

365 11396913748180914860 1 6
3 0 2 5 8 6 

5452 17900274850396902615 1 6
3 10 2 6 12 8 

2722 11765361216476335922 1 5
7 5 11 1 9 

7809 2095563052689447341 1 6
7 12 9 10 11 0 

2724 3340348019160847089 1 5
7 5 9 2 11 

7811 14323978368804055059 1 7
7 12 10 9 1 11 0 

411 2643011922246083798 1 6
3 0 1 7 8 4 

2768 5424603407345553780 2 5
9 11 7 6 4 
11 9 7 6 4 

619 17644257041470236642 1 6
3 6 5 1 0 9 

5706 10615156050567011965 1 6
3 6 12 1 10 9 

2976 15704498983541697943 2 5
9 11 7 5 8 
11 9 7 5 8 

2837 3088270911690289008 2 6
4 8 2 0 9 11 
8 4 2 0 9 11 

2736 4040374715748258958 2 5
9 11 7 5 4 
11 9 7 5 4 

2840 1398229707802834646 1 5
3 4 8 9 11 

427 9280096799632665253 1 6
3 0 1 7 5 8 

5514 13255418941716507147 1 6
3 10 1 7 8 12 

2784 14526592922875483918 2 5
9 11 7 5 6 
11 9 7 5 6 

2856 7404495738932187284 1 5
3 5 8 11 9 

2828 12895942041078606371 2 5
3 8 2 9 11 
8 3 2 9 11 

2888 8139725635294727030 1 5
3 6 8 11 9 

2588 6827763297999043871 2 5
3 4 9 2 11 
4 3 9 2 11 

229 9885272276635968462 2 5
0 2 7 5 6 
2 0 7 5 6 

5316 1404122346694822247 2 5
2 10 6 12 7 
10 2 6 12 7 

2586 15730802519809579212 2 5
3 4 11 1 9 
4 3 11 1 9 

90 9806453279716282870 2 4
1 3 6 4 
3 1 6 4 

5177 10140576200646504329 1 6
3 10 0 4 5 12 

4804 10614816908559777836 2 5
2 9 6 12 7 
9 2 6 12 7 

2664 9201521399609859237 1 5
3 5 6 11 9 

4882 9367964917403802763 4 5
1 9 8 4 12 
1 9 4 8 12 
9 1 8 4 12 
9 1 4 8 12 

2604 3453716177372394063 2 5
3 5 11 9 2 
5 3 11 9 2 

7691 17299386568721896489 2 7
3 12 10 9 11 1 0 
12 3 10 9 11 1 0 

1356 15019030227669659841 1 5
3 10 2 6 8 

6443 9866927137410832149 1 7
3 11 1 0 12 5 8 

3713 12353190210981613316 1 5
7 9 10 11 0 

277 12953307859053565004 8 4
0 2 4 8 
0 2 8 4 
2 0 4 8 
2 0 8 4 
4 8 0 2 
4 8 2 0 
8 4 2 0 
8 4 0 2 

5364 5144636604621622376 2 7
2 10 6 12 7 5 4 
10 2 6 12 7 5 4 

2634 5008213271228059076 2 5
3 6 1 11 9 
6 3 1 11 9 

7721 2044344041183005107 1 7
3 5 12 10 9 11 0 

2602 442514676452298982 2 5
3 5 11 1 9 
5 3 11 1 9 

7689 13110840919848645938 2 6
3 12 10 9 11 0 
12 3 10 9 11 0 

2633 3004190809962680830 2 5
3 6 0 11 9 
6 3 0 11 9 

7720 15842951818132091866 1 6
3 5 12 10 9 11 

343 10728281349549911630 2 6
8 4 6 2 0 1 
8 4 6 0 2 1 

5430 653679671269389630 1 7
10 2 1 8 5 4 12 

2700 13388125604042282867 1 5
7 3 9 2 11 

279 5524406021914003508 4 5
4 8 2 0 1 
4 8 0 2 1 
8 4 2 0 1 
8 4 0 2 1 

5366 13437608335701910997 1 8
10 2 1 6 12 7 5 4 

2636 16583788076375651847 2 5
3 6 9 2 11 
6 3 9 2 11 

2648 2805834512460820491 1 5
3 9 11 4 6 

2712 5374040797649015830 1 5
3 9 11 7 4 

4930 6282007733788026729 2 5
1 9 6 12 8 
9 1 6 12 8 

595 14811352773259580069 4 5
4 6 1 9 0 
4 6 9 1 0 
6 4 1 9 0 
6 4 9 1 0 

5682 12502585880321020585 2 6
10 9 1 5 12 4 
10 9 1 12 5 4 

2952 8444767321106524532 1 5
3 7 8 9 11 

5170 3016756313342644609 4 5
1 10 5 12 4 
1 10 12 5 4 
10 1 5 12 4 
10 1 12 5 4 

2697 1874205557782074545 1 5
7 3 0 9 11 

7784 1579900868191157996 1 7
3 12 6 5 10 9 11 

2698 10407928497417169691 1 5
7 3 9 1 11 

2728 8953699060695095638 1 5
3 7 5 9 11 

3345 12005218869400744263 2 5
4 8 11 0 10 
8 4 11 0 10 

3364 2635732595743931429 2 5
5 8 2 10 11 
8 5 2 10 11 

3156 4020852870164538935 2 5
4 6 2 10 11 
6 4 2 10 11 

4265 417826930921142863 2 5
0 3 7 5 12 
3 0 7 5 12 

796 11021723972615461547 1 5
3 8 4 2 9 

3153 7162489131888305623 2 5
4 6 11 0 10 
6 4 11 0 10 

3218 868844246131575891 1 5
7 4 1 11 10 

3205 17392997820342792048 1 5
7 2 10 0 11 

3206 16291738913634696295 1 5
7 10 2 1 11 

3236 15423394014246885845 1 5
7 5 2 10 11 

3488 2149267863365164167 2 5
10 11 7 5 8 
11 10 7 5 8 

3220 3803711200562336819 1 5
7 4 2 10 11 

1115 17480559531878593082 1 6
3 6 4 1 10 0 

6202 9869396824686863783 1 6
3 11 1 12 5 4 

3472 10499822997146597919 2 5
10 11 8 7 4 
11 10 8 7 4 

3248 1849125078751342996 2 5
10 11 7 5 4 
11 10 7 5 4 

3280 89933079167173608 2 5
10 11 7 6 4 
11 10 7 6 4 

4389 13201661076533646865 2 5
0 2 5 8 12 
2 0 5 8 12 

756 9615586278389501018 2 6
2 9 7 5 6 4 
9 2 7 5 6 4 

3113 7564568960424597048 2 5
3 5 10 11 0 
5 3 10 11 0 

3100 666860010862751172 2 5
3 4 10 2 11 
4 3 10 2 11 

3338 9547699081744692935 2 5
3 8 1 11 10 
8 3 1 11 10 

740 2135008139604387373 2 5
2 9 7 5 6 
9 2 7 5 6 

5827 5946452160072275838 1 7
6 12 7 10 9 1 0 

3097 13591072531975982521 2 5
3 4 10 0 11 
4 3 10 0 11 

5697 18268785447534426500 4 5
6 12 9 10 0 
6 12 10 9 0 
12 6 9 10 0 
12 6 10 9 0 

3340 1949426464999103193 2 5
3 8 2 10 11 
8 3 2 10 11 

741 11940015132695184930 1 6
7 5 6 2 0 9 

5828 16986985794810443631 1 6
6 12 7 10 2 9 

3098 10925419013696020598 2 5
3 4 10 1 11 
4 3 10 1 11 

602 713739664760781983 1 5
3 1 9 6 4 

5689 14711367330785340651 1 7
3 10 9 0 4 5 12 

3128 43033705838845918 1 5
3 10 11 4 5 

1880 9308773106256800061 1 6
3 10 9 4 6 8 

4237 12856851342421807810 1 5
3 7 12 0 2 

852 10291116232906709378 2 5
2 9 8 4 6 
9 2 8 4 6 

3209 1883234667561678834 1 5
7 3 10 0 11 

788 12213317713205725061 4 4
4 8 2 9 
4 8 9 2 
8 4 2 9 
8 4 9 2 

3145 6468789606618124968 2 5
3 6 10 0 11 
6 3 10 0 11 

853 11196412503014804097 1 6
2 0 9 8 4 6 

5940 8827822288162905503 1 7
10 2 9 8 5 4 12 

3210 15831631208106089284 1 5
7 3 10 1 11 

819 16465127560844952959 2 6
8 5 4 1 9 0 
8 5 4 9 1 0 

5906 4730255264940352203 2 6
10 9 1 4 8 12 
10 9 1 8 4 12 

3176 5939297065853357895 1 5
3 5 6 10 11 

680 1206646184976932190 2 4
3 9 7 5 
9 3 7 5 

5767 2115456750136474417 1 7
7 12 10 2 9 1 0 

5394 14181244982947020247 4 5
1 10 8 4 12 
1 10 4 8 12 
10 1 8 4 12 
10 1 4 8 12 

3114 4430303991571124502 2 5
3 5 10 11 1 
5 3 10 11 1 

789 13446764224850500631 2 5
4 8 2 0 9 
8 4 2 0 9 

3146 8119714981739834841 2 5
3 6 1 11 10 
6 3 1 11 10 

867 17453184131246673712 2 6
8 5 6 1 9 0 
8 5 6 9 1 0 

5954 15715939700578454425 1 6
6 12 8 10 9 1 

3224 17922666849796686635 1 5
3 10 11 4 7 

728 6134005639189163283 2 5
3 9 7 6 4 
9 3 7 6 4 

5442 18272347711680779192 2 5
1 10 6 12 8 
10 1 6 12 8 

803 15218445511168859145 4 5
5 8 1 9 0 
5 8 9 1 0 
8 5 1 9 0 
8 5 9 1 0 

3160 16230145960437898541 1 5
3 10 11 4 6 

3212 541528351349022184 1 5
7 3 10 2 11 

1307 7262494375734053712 1 6
3 4 8 10 1 0 

3664 4436476506405895866 2 5
4 6 9 10 11 
6 4 9 10 11 

6213 13273235777578255017 2 5
6 12 2 0 11 
12 6 2 0 11 

3856 4686160512325471253 2 5
4 8 9 10 11 
8 4 9 10 11 

3744 17841371947419871071 1 5
7 5 9 10 11 

1611 11747300890135766720 2 6
3 6 1 10 9 0 
6 3 1 10 9 0 

6698 17929093601703460760 1 6
3 12 5 11 1 9 

3968 6592689557610075079 1 5
7 8 9 10 11 

1357 8051445188102518065 1 6
3 6 8 10 2 0 

6444 16977738480166867902 1 6
3 11 2 12 5 8 

3714 15961581610099595648 1 5
7 10 9 1 11 

3904 12529423711107677164 2 5
6 8 9 10 11 
8 6 9 10 11 

3872 6924530558044690809 2 5
5 8 9 10 11 
8 5 9 10 11 

3728 2230450480299237038 1 5
7 4 9 10 11 

1419 13695834346049139843 1 6
3 7 8 10 0 1 

6506 13513210461416869247 1 7
3 1 11 6 12 5 8 

3776 6592689557610075079 1 5
7 6 9 10 11 

3848 14404547095560205996 2 5
3 8 9 10 11 
8 3 9 10 11 

4421 3031124151416696317 2 5
0 2 6 12 8 
2 0 6 12 8 

4149 17961755254943887030 4 5
0 2 5 12 4 
0 2 12 5 4 
2 0 5 12 4 
2 0 12 5 4 

1824 12984854375665734735 4 4
9 10 5 8 
9 10 8 5 
10 9 8 5 
10 9 5 8 

4181 15553462247070628129 2 5
0 2 6 12 4 
2 0 6 12 4 

1888 17141590994124537046 2 5
9 10 8 5 6 
10 9 8 5 6 

4245 5811249100162274376 2 5
0 2 7 12 4 
2 0 7 12 4 

1840 2154845260114539266 2 5
9 10 8 5 4 
10 9 8 5 4 

4197 12500746780644930415 2 5
0 2 12 6 5 
2 0 12 6 5 

4111 4371450033458042159 4 5
3 12 2 0 1 
3 12 0 2 1 
12 3 2 0 1 
12 3 0 2 1 

6722 13515836139761618232 2 5
6 12 11 1 9 
12 6 11 1 9 

4365 11980933998515745426 1 5
3 2 0 8 12 

4366 15437653239604184760 2 5
3 2 1 8 12 
3 8 12 2 1 

1768 8495551862746914703 1 6
3 10 9 7 5 6 

4125 11980933998515745426 1 5
3 0 2 4 12 

1816 1399894706495401598 1 5
3 10 9 4 8 

4173 12180853780541734735 1 5
3 6 12 0 2 

568 13381518964787154482 2 4
3 9 5 4 
9 3 5 4 

5282 3799466191557145774 2 5
1 10 7 5 12 
10 1 7 5 12 

4153 9023093106670945119 2 5
0 3 5 4 12 
3 0 5 4 12 

1829 11862634297726498426 2 6
5 8 10 2 9 0 
8 5 10 2 9 0 

4186 8588758899509282044 2 5
1 3 6 12 4 
3 1 6 12 4 

4156 6201349316960918259 4 5
2 3 5 12 4 
2 3 12 5 4 
3 2 5 12 4 
3 2 12 5 4 

4188 17408540395611985 2 5
2 3 6 12 4 
3 2 6 12 4 

1817 3034229685574997178 1 6
3 4 8 10 9 0 

4174 6179438325249504904 1 5
3 6 12 1 2 

1828 17081018911238202570 2 5
5 8 10 2 9 
8 5 10 2 9 

4185 12128947299674137791 2 5
0 3 6 12 4 
3 0 6 12 4 

1844 10182494488865473338 1 6
10 2 9 8 5 4 

6931 533490923667868831 2 7
4 8 12 11 1 9 0 
8 4 12 11 1 9 0 

4201 16449594909140796304 2 5
0 3 6 12 5 
3 0 6 12 5 

1892 14533886408607838693 1 6
10 2 9 8 5 6 

6979 2767581893040282764 1 7
6 12 8 11 1 9 0 

4249 5286762463757252407 2 5
0 3 7 12 4 
3 0 7 12 4 

4204 14887931496044810259 2 5
2 3 12 6 5 
3 2 12 6 5 

4238 1767223039940272482 1 5
3 7 12 1 2 

4252 10804301383889149171 2 5
2 3 7 12 4 
3 2 7 12 4 

4266 3748899011805191681 2 5
1 3 7 5 12 
3 1 7 5 12 

4250 10253838037566677736 2 5
1 3 7 12 4 
3 1 7 12 4 

4898 10937798992357364257 2 5
1 9 5 8 12 
9 1 5 8 12 

170 2676394849473546141 2 4
1 3 7 5 
3 1 7 5 

5257 3214536828296151040 1 5
3 7 12 10 0 

4884 11835938551000153010 4 5
2 9 8 4 12 
2 9 4 8 12 
9 2 8 4 12 
9 2 4 8 12 

4268 15602389346660020769 2 5
2 3 7 5 12 
3 2 7 5 12 

1940 12461576520473275757 1 6
10 2 9 8 7 4 

4297 13205852488088732429 2 5
0 3 6 12 7 
3 0 6 12 7 

4298 6973421695336671184 2 5
1 3 6 12 7 
3 1 6 12 7 

186 2033819267743423579 2 5
1 3 7 5 4 
3 1 7 5 4 

5273 15805518468852804174 1 6
3 10 0 4 7 12 

4900 9234563168871583938 2 5
2 9 5 8 12 
9 2 5 8 12 

4300 8252744872259020909 2 5
2 3 6 12 7 
3 2 6 12 7 

2289 9777664400785560617 2 6
0 11 7 5 6 4 
11 0 7 5 6 4 

7376 13533789174982835326 2 6
10 11 6 12 7 4 
11 10 6 12 7 4 

4646 3796882662482355998 2 5
5 12 9 2 1 
12 5 9 2 1 

218 3912450654161828617 2 5
1 3 6 7 4 
3 1 6 7 4 

5305 6097984376374281796 1 7
3 10 0 7 5 4 12 

4932 8194312862588429222 2 5
2 9 6 12 8 
9 2 6 12 8 

4692 17402735060262811503 2 5
2 9 6 12 4 
9 2 6 12 4 

4708 6001374345109700994 2 5
2 9 12 6 5 
9 2 12 6 5 

2321 6298321832437133097 4 4
4 8 0 11 
4 8 11 0 
8 4 0 11 
8 4 11 0 

7408 13744410233612781839 2 7
10 11 6 12 7 5 4 
11 10 6 12 7 5 4 

4678 2893037011804128878 2 5
6 12 9 2 1 
12 6 9 2 1 

4754 14954461778756450194 2 5
1 9 7 12 4 
9 1 7 12 4 

2385 11312527782212870930 2 5
0 11 8 4 6 
11 0 8 4 6 

7472 2436493850278806378 2 6
10 11 8 5 4 12 
11 10 8 5 4 12 

4742 17895655896087362306 1 5
7 12 9 2 1 

2516 6025480550849146639 2 6
2 11 7 8 6 4 
11 2 7 8 6 4 

159 17439670502812670053 1 6
3 7 4 0 1 2 

4873 16938315565394232072 2 5
3 9 0 12 8 
3 12 8 9 0 

4756 12290923678663276653 2 5
2 9 7 12 4 
9 2 7 12 4 

4874 3496921872094249150 1 5
3 9 1 12 8 

4772 15170195002664079907 2 5
2 9 7 5 12 
9 2 7 5 12 

7233 4974074567154578436 2 5
6 12 11 0 10 
12 6 11 0 10 

4876 15541570976544492489 1 5
3 2 9 8 12 

4636 17676939058582346918 1 5
3 9 2 4 12 

2277 10755530970774517719 1 6
7 5 6 2 0 11 

7364 6702722655922049648 1 6
6 12 7 2 10 11 

4634 17435873102064226597 1 5
3 9 1 4 12 

4650 14596462173064978212 1 5
3 5 12 9 1 

2325 11496677316164543490 2 5
4 8 2 0 11 
8 4 2 0 11 

4682 15962877970582485211 1 5
3 6 12 1 9 

4664 15035425672524748393 2 5
3 9 5 4 12 
9 3 5 4 12 

2339 10712921050292183865 2 5
5 8 11 1 0 
8 5 11 1 0 

4696 255798097051939148 2 5
3 9 12 6 4 
9 3 12 6 4 

2389 727961538614422530 1 6
8 4 6 2 0 11 

7476 2223098137693522739 1 7
2 10 11 8 5 4 12 

4746 12297126624494655893 1 5
3 7 12 9 1 

2355 6633562288280759076 1 6
11 1 0 8 5 4 

7442 6575940819009421096 2 6
1 11 10 8 4 12 
1 11 10 4 8 12 

4712 2891316358623135481 2 5
3 9 12 6 5 
9 3 12 6 5 

2451 3887686477874499059 1 6
8 7 4 11 1 0 

94 10809908524098610797 1 5
3 6 4 1 2 

5181 18242001456509169335 1 7
3 10 2 0 4 5 12 

4808 9241302068489429912 2 5
3 9 6 12 7 
9 3 6 12 7 

696 7862669805531797462 2 5
3 9 7 5 4 
9 3 7 5 4 

5410 11223626568849908116 2 5
1 10 5 8 12 
10 1 5 8 12 

4748 17437538716578285133 1 5
3 7 12 9 2 

2403 6101671839601510954 1 6
11 1 0 8 5 6 

7490 16968032857020757866 1 6
6 12 8 1 11 10 

46 15996332666061866103 2 4
3 5 1 2 
5 3 1 2 

5133 11452386057823198373 2 5
3 12 10 2 0 
12 3 10 2 0 

4760 15280434757815897139 2 5
3 9 7 12 4 
9 3 7 12 4 

62 11204329234924722586 2 5
3 1 2 5 4 
3 5 4 1 2 

5149 5754925078270900897 1 6
3 4 12 10 2 0 

4776 1407028408461311510 2 5
3 9 7 5 12 
9 3 7 5 12 

682 4266288034918367507 1 5
3 7 5 9 1 

5769 15398923284245005516 1 6
3 7 12 10 0 9 

698 11336847562244772815 1 6
3 9 1 7 5 4 

5785 14074772603850488051 1 7
3 10 0 9 4 7 12 

2800 11904341786996639547 2 6
9 11 7 5 6 4 
11 9 7 5 6 4 

5157 8669057073664547700 2 5
5 12 2 10 0 
12 5 2 10 0 

5202 3623979818738427137 2 5
1 10 6 12 4 
10 1 6 12 4 

490 17726331459250267318 2 6
1 3 6 7 5 8 
3 1 6 7 5 8 

5577 7369940818153544686 1 7
3 10 0 6 12 7 8 

458 14415293873111656187 2 5
1 3 6 7 8 
3 1 6 7 8 

5545 211386604692481547 1 7
3 10 0 7 5 8 12 

2832 9450133827655039890 4 4
4 8 9 11 
4 8 11 9 
8 4 9 11 
8 4 11 9 

5189 14954917515918756700 2 5
6 12 2 10 0 
12 6 2 10 0 

730 13996701632807271171 1 6
3 1 9 6 7 4 

476 13656434328325985274 2 6
2 3 7 8 6 4 
3 2 7 8 6 4 

2833 3794787563071881317 2 5
4 8 11 9 0 
8 4 11 9 0 

5190 10393146778880275675 2 5
6 12 10 2 1 
12 6 10 2 1 

2896 8694238709977757632 2 5
9 11 8 4 6 
11 9 8 4 6 

539 6232580809685382971 2 5
3 4 0 9 1 
4 3 0 9 1 

5253 1301312908792860026 1 5
7 12 2 10 0 

552 15872179058582409548 6 3
3 5 9 
3 9 5 
5 3 9 
5 9 3 
9 5 3 
9 3 5 

5266 14182060829578891293 2 5
1 10 7 12 4 
10 1 7 12 4 

570 7578563201275577622 1 5
3 9 1 5 4 

5657 2157068437681016272 1 6
3 4 12 10 9 0 

2776 7385581021461383105 1 6
3 9 11 7 6 4 

2836 34656668269659879 2 5
4 8 9 2 11 
8 4 9 2 11 

2900 9183265264099934322 1 6
8 4 6 9 2 11 

543 6223289405301428635 2 6
3 4 0 2 9 1 
4 3 0 2 9 1 

2851 15420947476043169555 2 6
5 8 11 1 9 0 
8 5 11 1 9 0 

5904 7209071738879557612 4 5
9 10 4 8 12 
9 10 8 4 12 
10 9 8 4 12 
10 9 4 8 12 

5667 842165346438366999 2 6
5 12 10 9 1 0 
12 5 10 9 1 0 

5352 8803141020691481762 2 6
3 10 6 12 7 5 
10 3 6 12 7 5 

5670 708875545728299651 2 6
5 12 10 2 9 1 
12 5 10 2 9 1 

5669 5313880253109706697 2 6
5 12 10 2 9 0 
12 5 10 2 9 0 

5701 15226960014321191574 2 6
6 12 10 2 9 0 
12 6 10 2 9 0 

5936 13977053160232535715 2 6
9 10 8 5 4 12 
10 9 8 5 4 12 

5699 11037703051055908843 2 6
6 12 10 9 1 0 
12 6 10 9 1 0 

5968 11946516113566693928 2 6
9 10 6 12 8 4 
10 9 6 12 8 4 

5702 9642448225158225772 2 6
6 12 10 2 9 1 
12 6 10 2 9 1 

5984 2353015754917777258 2 6
9 10 6 12 8 5 
10 9 6 12 8 5 

5744 4667134422158888201 2 6
9 10 12 6 5 4 
10 9 12 6 5 4 

6048 15647053022585745069 2 6
9 10 7 5 8 12 
10 9 7 5 8 12 

5808 13606744069791270712 2 6
9 10 7 5 12 4 
10 9 7 5 12 4 

6032 4934331876503371698 2 6
9 10 7 8 12 4 
10 9 7 8 12 4 

5840 1069322298858928663 2 6
9 10 6 12 7 4 
10 9 6 12 7 4 

6080 14383378750349287194 2 6
9 10 6 12 7 8 
10 9 6 12 7 8 

5856 3225049541694832001 2 6
9 10 6 12 7 5 
10 9 6 12 7 5 

6422 14136457185462106051 2 6
11 1 2 8 4 12 
11 1 2 4 8 12 

1335 10802649150286437894 1 7
8 5 4 10 2 1 0 

6484 1643605939905074230 2 6
2 11 6 12 8 4 
11 2 6 12 8 4 

1397 15914925293139090400 1 7
2 10 0 8 5 4 6 

6470 2108571093603980417 1 6
6 12 8 11 1 2 

1383 7738632463620887891 1 7
8 5 6 10 2 1 0 

6482 9738255950746643807 2 6
1 11 6 12 8 4 
11 1 6 12 8 4 

1395 10815233387894918025 2 7
1 10 0 8 5 4 6 
10 1 0 8 5 4 6 

6230 1137356385478521439 1 6
6 12 4 11 1 2 

1143 14314041095610445090 2 7
4 6 5 10 2 1 0 
6 4 5 10 2 1 0 

6546 9831922472853799141 2 6
1 11 7 8 12 4 
11 1 7 8 12 4 

1459 4885604806177759712 2 7
1 10 0 7 5 8 4 
10 1 0 7 5 8 4 

6534 6266901074481442712 1 6
7 8 12 11 1 2 

1447 16378384851837378526 1 7
7 5 8 10 2 1 0 

6548 14456886398950145765 2 6
2 11 7 8 12 4 
11 2 7 8 12 4 

1461 12787730910022278704 1 7
2 10 0 7 5 8 4 

6294 17557550378091565932 1 6
11 1 2 7 12 4 

1207 17629344637421580576 1 7
7 5 4 10 2 1 0 

6596 8087317507643205668 2 6
2 11 6 12 7 8 
11 2 6 12 7 8 

1509 8695488594120294031 1 7
2 10 0 7 5 8 6 

6594 15214823165089080166 2 6
1 11 6 12 7 8 
11 1 6 12 7 8 

1507 15118202684153734311 2 7
1 10 0 7 5 8 6 
10 1 0 7 5 8 6 

6342 2212557261139370972 1 6
6 12 7 11 1 2 

1255 11162294305641492883 1 7
7 5 6 10 2 1 0 

6370 15453807708917205961 2 6
1 11 6 12 7 5 
11 1 6 12 7 5 

6372 3329208713311155767 2 6
2 11 6 12 7 5 
11 2 6 12 7 5 

6354 6585479370644101246 2 6
1 11 6 12 7 4 
11 1 6 12 7 4 

1267 5646416029600787701 2 7
1 10 0 7 5 6 4 
10 1 0 7 5 6 4 

6426 11561476985260319001 1 6
3 11 1 12 4 8 

1339 6972406035730909279 1 7
3 10 0 1 4 5 8 

6369 9146620264821263504 2 6
0 11 6 12 7 5 
11 0 6 12 7 5 

6356 4351171785630606307 2 6
2 11 6 12 7 4 
11 2 6 12 7 4 

1269 7524499698691903167 1 7
2 10 0 7 5 6 4 

6414 2405156599186585461 1 6
3 12 8 11 1 2 

1327 18371201732942545982 1 7
3 5 8 10 2 0 1 

6174 16200089086890303278 1 6
3 12 4 11 1 2 

1087 1235925631674776914 1 7
3 4 5 10 2 0 1 

6159 10592008934287050104 2 6
3 12 11 1 2 0 
12 3 11 1 2 0 

6428 13634867777469357693 1 6
3 11 2 12 8 4 

1341 11526851876799005925 1 7
3 10 2 0 4 5 8 

6476 16583584860800804577 1 6
3 11 2 12 6 8 

1389 2841626598509821179 1 7
3 10 2 0 5 8 6 

6474 15381724673020085301 1 6
3 1 11 6 12 8 

1387 1524896794853698293 1 7
3 1 10 0 6 5 8 

6222 8229761203155999836 1 6
3 6 12 1 11 2 

1135 8340100298452337809 1 7
3 6 5 1 10 2 0 

6236 5119414392294438471 1 6
3 11 2 12 6 4 

1149 5689961098593815775 1 7
3 10 2 0 4 5 6 

6234 14275666434263335162 1 6
3 1 11 6 12 4 

1147 10203899525861926472 1 7
3 6 4 5 1 10 0 

6488 1547285775797190248 2 6
3 11 12 6 8 4 
11 3 12 6 8 4 

1401 3908416690977862773 1 7
3 10 0 4 5 8 6 

6538 8454800270863110908 1 6
3 11 1 7 8 12 

1451 17821473671457506464 1 7
3 7 5 8 10 0 1 

6540 13637547231596396755 1 6
3 11 2 7 8 12 

1453 5449319328188680727 1 7
3 7 5 8 10 2 0 

6286 11253816404197439298 1 6
3 12 7 11 1 2 

1199 13461767834679985794 1 7
3 7 5 10 2 0 1 

6298 13473024930999849265 1 6
3 11 1 12 7 4 

1211 2046764584534055529 1 7
3 7 5 4 10 0 1 

6300 15219986823004522592 1 6
3 11 2 12 7 4 

1213 11068986898236131806 1 7
3 7 5 4 10 2 0 

6552 9042047350474964376 2 6
3 11 7 8 12 4 
11 3 7 8 12 4 

1465 13548121382050208144 1 7
3 10 0 7 5 4 8 

6376 13651347063775363302 2 6
3 11 6 12 7 5 
11 3 6 12 7 5 

6930 686006694989114469 2 6
11 1 9 8 4 12 
11 1 9 4 8 12 

1843 13294689716890361384 1 7
8 5 4 10 9 1 0 

6348 9643743186222635314 1 6
3 11 2 6 12 7 

1261 957833709384171475 1 7
3 7 5 6 10 2 0 

6346 2329446787449736334 1 6
3 1 11 6 12 7 

1259 4637393805317906086 1 7
3 1 10 0 6 7 5 

6600 5433243117957331147 2 6
3 11 6 12 7 8 
11 3 6 12 7 8 

1513 14730253867199607703 1 7
3 10 0 7 5 8 6 

6691 17155713776008616687 2 6
5 12 11 1 9 0 
12 5 11 1 9 0 

6360 11752576449026452296 2 6
3 11 6 12 7 4 
11 3 6 12 7 4 

1273 4235857091871987029 1 7
3 10 0 7 5 4 6 

6932 15015074916225373585 2 6
4 8 12 9 2 11 
8 4 12 9 2 11 

1845 1137098782919670085 1 7
8 5 4 10 2 9 0 

6693 13691672878892185595 2 6
5 12 2 0 9 11 
12 5 2 0 9 11 

6978 14056007760718614599 1 6
6 12 8 11 1 9 

1891 9940972133611030231 1 7
8 5 6 10 9 1 0 

6980 1683546789084947341 1 6
6 12 8 9 2 11 

1893 10108922893696141678 1 7
8 5 6 10 2 9 0 

6694 7006163668612803022 2 6
5 12 11 1 9 2 
12 5 11 1 9 2 

6723 8371626474523994526 2 6
6 12 11 1 9 0 
12 6 11 1 9 0 

6738 13827920937030690720 1 6
6 12 4 11 1 9 

1651 17637179674462509974 2 7
4 6 5 10 9 1 0 
6 4 5 10 9 1 0 

6725 5573586715617436330 2 6
6 12 2 0 9 11 
12 6 2 0 9 11 

6740 5119989723031246392 1 6
6 12 4 9 2 11 

1653 3228019656271197151 2 7
4 6 5 10 2 9 0 
6 4 5 10 2 9 0 

6992 2944964036846170620 2 6
9 11 6 12 8 4 
11 9 6 12 8 4 

1905 7119155712238776733 2 7
9 10 0 8 5 4 6 
10 9 0 8 5 4 6 

6726 9354063892734272504 2 6
6 12 11 1 9 2 
12 6 11 1 9 2 

7042 13690025635819991616 1 6
7 8 12 11 1 9 

1955 16811045555061163588 1 7
7 5 8 10 9 1 0 

7056 1827172852157394414 2 6
9 11 7 8 12 4 
11 9 7 8 12 4 

1969 9280943022293774596 2 7
9 10 0 7 5 8 4 
10 9 0 7 5 8 4 

7044 13217618792467576584 1 6
7 8 12 9 2 11 

1957 15467169391442712796 1 7
7 5 8 10 2 9 0 

6790 15321536946100074225 1 6
7 12 11 1 9 2 

1703 17319884155716957460 1 7
7 5 10 2 9 1 0 

6802 1320206906729108443 1 6
11 1 9 7 12 4 

1715 2541775159926216581 1 7
7 5 4 10 9 1 0 

6804 633652637977974545 1 6
7 12 4 9 2 11 

1717 413033716749031272 1 7
7 5 4 10 2 9 0 

6922 7837054062532337508 1 6
3 12 8 11 1 9 

1835 5932903371625347859 1 7
3 5 8 10 9 0 1 

6850 14593847914770905521 1 6
6 12 7 11 1 9 

1763 8216935770318872471 1 7
7 5 6 10 9 1 0 

7104 15863181076388746489 2 6
9 11 6 12 7 8 
11 9 6 12 7 8 

2017 14087577024300392523 2 7
9 10 0 7 5 8 6 
10 9 0 7 5 8 6 

6852 4219324559375766964 1 6
6 12 7 9 2 11 

1765 13488749812489780533 1 7
7 5 6 10 2 9 0 

6864 9817292537560144558 2 6
9 11 6 12 7 4 
11 9 6 12 7 4 

1777 4537219686526848360 2 7
9 10 0 7 5 6 4 
10 9 0 7 5 6 4 

6880 16549101090406691813 2 6
9 11 6 12 7 5 
11 9 6 12 7 5 

6936 8136024133917334720 1 6
3 11 9 12 4 8 

1849 3874134894345064825 1 7
3 10 9 0 4 5 8 

6924 287341776033229316 1 6
3 12 8 11 2 9 

1837 56169193961800971 1 7
3 5 8 10 2 9 0 

6682 9056045423394997856 1 6
3 12 4 11 1 9 

1595 2159285163926286408 1 7
3 4 5 10 9 0 1 

6670 3662663148927770675 2 6
3 12 11 1 9 2 
12 3 11 1 9 2 

1583 4601868523306439532 2 7
3 5 10 2 9 0 1 
5 3 10 2 9 0 1 

6730 14769048810524863860 1 6
3 6 12 1 11 9 

1643 6563881555650138489 1 7
3 6 5 1 10 9 0 

6684 13062610078824760351 1 6
3 12 4 11 9 2 

1597 11529950162331695519 1 7
3 4 5 10 2 9 0 

6984 12690503174285786073 1 6
3 11 9 12 6 8 

1897 10606598102115173730 1 7
3 10 9 0 5 8 6 

6732 4554305780381447401 1 6
3 12 6 11 9 2 

1645 15683844587697599145 1 7
3 5 6 10 2 9 0 

6744 438162875204502530 1 6
3 11 9 12 6 4 

1657 2988696258761107118 1 7
3 10 9 0 4 5 6 

6794 11613821619420483121 1 6
3 7 12 9 11 1 

1707 9057370006319416766 1 7
3 7 5 10 0 9 1 

7048 12386532296804841340 1 6
3 9 11 7 8 12 

1961 14189290613176636755 1 7
3 7 5 8 10 0 9 

6808 10196541660955434485 1 6
3 9 11 7 12 4 

1721 2544139378733304555 1 7
3 7 5 4 10 0 9 

6796 16845720239193794006 1 6
3 7 12 9 11 2 

1709 5239328508638752678 1 7
3 7 5 10 2 0 9 

6856 14071396392113798761 1 6
3 9 11 6 12 7 

1769 12516597907984908469 1 7
3 7 5 6 10 0 9 

7206 4786994346049347637 2 6
5 12 10 2 1 11 
12 5 10 2 1 11 

7203 8923766535823278644 2 6
5 12 1 11 10 0 
12 5 1 11 10 0 

7205 13666262192133799428 2 6
5 12 2 10 0 11 
12 5 2 10 0 11 

7235 3914614144039558547 2 6
6 12 1 11 10 0 
12 6 1 11 10 0 

7237 4056770271064759204 2 6
6 12 2 10 0 11 
12 6 2 10 0 11 

7238 7756873665992005172 2 6
6 12 10 2 1 11 
12 6 10 2 1 11 

7392 142263532127058903 2 6
10 11 6 12 7 5 
11 10 6 12 7 5 

7713 12159986642860807189 2 6
5 12 9 10 11 0 
12 5 9 10 11 0 

7716 13654105406302518918 2 6
5 12 10 2 9 11 
12 5 10 2 9 11 

7714 9676472007278261309 2 6
5 12 10 9 1 11 
12 5 10 9 1 11 

7745 13706080731731632308 2 6
6 12 9 10 11 0 
12 6 9 10 11 0 

7748 11044454335305529285 2 6
6 12 10 2 9 11 
12 6 10 2 9 11 

7746 2304035620605380687 2 6
6 12 10 9 1 11 
12 6 10 9 1 11 

375 8684075333868139045 2 7
0 2 1 8 5 4 6 
2 0 1 8 5 4 6 

5462 8805363946342055657 1 7
10 2 1 6 12 8 4 

439 1325780358275438810 2 7
0 2 1 7 5 8 4 
2 0 1 7 5 8 4 

5526 2609120569712698198 1 7
10 2 1 7 8 12 4 

127 17354943794917718619 1 7
3 6 5 4 1 0 2 

5214 4720233281853958673 1 7
3 6 12 4 1 10 2 

379 12592581690200391151 1 7
3 1 0 6 5 8 4 

5466 10216799011782181839 1 7
3 1 10 6 12 4 8 

319 16297043839280492046 1 7
3 5 8 4 0 2 1 

5406 16939608871712983178 1 7
3 10 2 1 4 12 8 

381 1416760088198454304 1 7
3 0 2 5 8 4 6 

5468 12688643984657162632 1 7
3 10 2 6 12 4 8 

367 1652996447687387134 1 7
3 1 0 2 6 5 8 

5454 7944387120177621318 1 7
3 6 12 8 1 10 2 

351 2202322949274042154 1 7
3 6 8 4 1 0 2 

5438 13115899299079360918 1 8
3 10 2 1 4 5 8 12 

382 16211875258196791901 1 7
3 1 2 6 8 5 4 

5469 9650667328215706586 1 8
3 10 2 0 6 12 4 8 

247 9095984090424950438 2 7
0 2 1 7 5 6 4 
2 0 1 7 5 6 4 

5334 3866316027016796827 1 7
10 2 1 6 12 7 4 

501 10874407136113758488 2 7
0 2 7 5 8 6 4 
2 0 7 5 8 6 4 

5588 7866825748200410686 2 7
2 10 6 12 7 8 4 
10 2 6 12 7 8 4 

443 1515766647698573578 1 7
3 0 1 7 5 8 4 

5530 16068204244466096519 1 7
3 10 1 4 7 8 12 

471 10678976852158635055 2 7
0 2 1 7 8 6 4 
2 0 1 7 8 6 4 

5558 17945098737816527814 1 8
10 2 1 7 5 8 12 4 

487 14317007595515621187 2 7
0 2 1 7 5 8 6 
2 0 1 7 5 8 6 

5574 17200340204908536332 1 7
10 2 1 6 12 7 8 

446 11530036384970319773 1 7
3 1 2 7 5 8 4 

415 2389475517120196416 1 7
3 7 8 4 0 1 2 

478 15382470015274035071 1 7
3 1 2 6 7 8 4 

191 5652712982841891552 1 7
3 7 5 4 0 1 2 

5278 2841023748604439883 1 7
3 10 2 1 4 7 12 

445 10631990065574241819 1 7
3 0 2 7 5 8 4 

5532 7081592713813831990 1 7
3 10 2 4 7 8 12 

477 10689560394793998775 1 7
3 0 2 7 8 6 4 

431 15714938026985187553 1 7
3 7 5 8 0 1 2 

5518 388995633536059655 1 7
3 10 2 1 7 8 12 

463 15097929964689466496 1 7
3 6 7 8 1 0 2 

475 14970295610135431356 1 7
3 1 0 6 7 8 4 

491 13898352773756535360 1 7
3 1 0 6 7 5 8 

5578 2380634658769948764 1 7
3 1 10 6 12 7 8 

223 5704923326636064370 1 7
3 6 7 4 1 0 2 

493 6136666513197361817 1 7
3 0 2 7 5 8 6 

5580 7975500752557023877 1 7
3 10 2 6 12 7 8 

251 2040278756022758971 1 7
3 1 0 6 7 5 4 

5338 2353010423929320261 1 7
3 1 10 6 12 4 7 

823 7815037213508009842 1 7
8 5 4 2 0 9 1 

5910 12916079082263567215 2 7
4 8 12 10 2 9 1 
8 4 12 10 2 9 1 

855 15809389467276189127 1 7
8 4 6 2 0 9 1 

494 12796998027235558608 1 7
3 1 2 6 7 5 8 

239 6619851204908900343 1 7
3 1 0 2 6 7 5 

5326 15185244975179979090 1 7
3 6 12 7 1 10 2 

254 5520900258620798795 1 7
3 1 2 6 7 5 4 

883 7820179585374891985 2 7
1 9 0 8 5 4 6 
9 1 0 8 5 4 6 

5970 12942826851285352326 1 7
10 9 1 6 12 8 4 

253 4637553990406460989 1 7
3 0 2 7 5 6 4 

5340 3801550125056928582 1 7
3 10 2 6 12 4 7 

871 17957918572188016198 1 7
8 5 6 2 0 9 1 

5958 15025944937020479087 1 7
6 12 8 10 2 9 1 

885 13518307931218918206 1 7
2 0 9 8 5 4 6 

5972 1207427601913936893 1 7
10 2 9 6 12 8 4 

506 14632355057197016863 2 7
1 3 6 7 5 8 4 
3 1 6 7 5 8 4 

505 14595425842300455189 2 7
0 3 7 5 8 6 4 
3 0 7 5 8 6 4 

5592 14439462324632923241 2 7
3 10 6 12 4 7 8 
10 3 6 12 4 7 8 

508 6765936411513337558 2 7
2 3 7 5 8 6 4 
3 2 7 5 8 6 4 

935 17163210463994893780 1 7
7 5 8 2 0 9 1 

6022 11099580914556325878 1 7
7 8 12 10 2 9 1 

886 4193589277207256610 1 7
9 2 1 8 5 4 6 

695 14684407528684701796 1 7
7 5 4 2 0 9 1 

5782 744910922934351694 1 7
7 12 4 10 2 9 1 

631 18430423538893439504 2 7
4 6 5 2 0 9 1 
6 4 5 2 0 9 1 

5718 1363812576812631878 1 7
6 12 4 10 2 9 1 

919 17243153237952504266 1 7
8 7 4 2 0 9 1 

981 6166386640869231187 1 7
2 0 9 7 8 6 4 

949 16054730036576033946 1 7
2 0 9 7 5 8 4 

6036 3127936389418041424 1 7
10 2 9 7 8 12 4 

982 4848983208511980948 1 7
9 2 1 7 8 6 4 

950 6650408642580302419 1 7
9 2 1 7 5 8 4 

743 8638439651004306624 1 7
7 5 6 2 0 9 1 

5830 14357422126830691653 1 7
6 12 7 10 2 9 1 

947 16346470686857052755 2 7
1 9 0 7 5 8 4 
9 1 0 7 5 8 4 

6034 15941511270600649796 1 7
10 9 1 7 8 12 4 

727 2679180262667305881 1 7
7 6 4 2 0 9 1 

967 14417325193252258513 2 7
7 6 8 2 0 9 1 
7 8 6 2 0 9 1 

979 4436760811484770195 2 7
1 9 0 7 8 6 4 
9 1 0 7 8 6 4 

757 9537292722752530430 1 7
2 0 9 7 5 6 4 

5844 228473856341506213 1 7
10 2 9 6 12 7 4 

755 16787009460460123841 2 7
1 9 0 7 5 6 4 
9 1 0 7 5 6 4 

5842 4658187787492555221 1 7
10 9 1 6 12 7 4 

997 11688939474856661215 1 7
2 0 9 7 5 8 6 

6084 7777607522444985476 1 7
10 2 9 6 12 7 8 

827 16202819760780941645 1 7
3 5 8 4 0 9 1 

5914 13144606423426010566 1 7
3 10 9 1 4 12 8 

995 15666228470859715381 2 7
1 9 0 7 5 8 6 
9 1 0 7 5 8 6 

6082 15709533060701441783 1 7
10 9 1 6 12 7 8 

998 9020329619199114410 1 7
9 2 1 7 5 8 6 

829 7158814896738293850 1 7
3 5 8 4 0 2 9 

5916 13530944678994772894 1 7
3 10 2 9 4 12 8 

758 8297569171307405828 1 7
9 2 1 7 5 6 4 

1010 13318370554044050127 2 7
1 9 7 5 8 6 4 
9 1 7 5 8 6 4 

799 5783622441832804099 1 7
3 4 8 2 0 9 1 

815 12400700164126252647 1 7
3 5 8 0 2 9 1 

5902 13064852323668333690 1 7
3 12 8 10 2 9 1 

830 2163628205082013295 1 7
3 8 5 4 9 2 1 

575 14166726749840995538 1 7
3 5 4 0 2 9 1 

5662 1154054260590567514 1 7
3 4 12 10 2 9 1 

1012 7319577062311521048 2 7
2 9 7 5 8 6 4 
9 2 7 5 8 6 4 

623 18437691565288600700 1 7
3 6 5 1 0 2 9 

5710 9280211623393871972 1 7
3 6 12 1 10 2 9 

861 1601894153890406922 1 7
3 2 0 9 4 8 6 

847 8922293185471140211 1 7
3 6 8 1 2 0 9 

859 1227437513465958870 1 7
3 1 0 9 6 4 8 

635 5459474781326916164 1 7
3 6 5 4 1 0 9 

5722 16691261754425011267 1 7
3 6 12 4 1 10 9 

607 3846742550713843991 1 7
3 6 4 1 0 2 9 

875 8745830050904130589 1 7
3 1 0 9 6 5 8 

5962 2293403699386083001 1 7
3 6 12 8 1 10 9 

889 9766808580497264866 1 7
3 0 9 5 8 4 6 

5976 8368253831217266357 1 7
3 10 9 6 12 4 8 

638 7033106257971473906 1 7
3 6 5 4 1 9 2 

890 5571936145630621856 1 7
3 1 9 6 8 5 4 

877 11645891910792220670 1 7
3 5 8 6 0 2 9 

5964 4856970542564253201 1 7
3 6 12 8 10 2 9 

878 15973083147445308848 1 7
3 1 9 2 6 8 5 

862 5595262607308616058 1 7
3 1 2 9 6 8 4 

637 4839438538999813524 1 7
3 0 2 9 5 4 6 

5724 16277719960222217265 1 7
3 6 12 4 10 2 9 

892 15710827041970604144 1 7
3 9 2 8 5 4 6 

671 11803899271807006646 1 7
3 7 4 0 9 1 2 

911 17526718447697911985 1 7
3 7 8 0 9 1 2 

926 17217432017652027740 1 7
3 7 8 4 9 1 2 

923 10235427522800737777 1 7
3 7 8 4 0 9 1 

699 5388481266422216697 1 7
3 7 5 4 0 9 1 

5786 2444164002418019529 1 7
3 10 9 1 4 7 12 

939 9642288439747469558 1 7
3 7 5 8 0 9 1 

6026 13232551489091357257 1 7
3 7 8 12 10 9 1 

687 16897202305964258650 1 7
3 7 5 0 9 1 2 

5774 2993272531892592162 1 7
3 7 12 10 2 9 1 

925 8674612564036221233 1 7
3 7 8 4 0 9 2 

701 4322759679771600994 1 7
3 7 5 4 0 9 2 

5788 14088401242837809433 1 7
3 10 2 9 4 7 12 

941 922173846589492145 1 7
3 7 5 8 0 9 2 

6028 1964951951849339286 1 7
3 10 2 9 7 8 12 

702 11547915657297361979 1 7
3 7 5 4 9 1 2 

942 15400436732880804559 1 7
3 7 5 8 9 1 2 

953 17396462008477256817 1 7
3 0 9 7 5 8 4 

6040 772644265366980997 1 7
3 10 9 4 7 8 12 

954 1818031783868252502 1 7
3 9 1 7 5 8 4 

956 7023239659959284658 1 7
3 9 2 7 5 8 4 

974 8649458557756194396 1 7
3 6 7 8 1 9 2 

731 3003670085960979281 1 7
3 6 7 4 1 0 9 

971 2439186186904730028 1 7
3 6 7 8 1 0 9 

719 3215465716946868079 1 7
3 6 7 1 0 9 2 

973 13042262541486006635 1 7
3 7 8 6 0 9 2 

747 11819151876272119362 1 7
3 1 0 9 6 7 5 

5834 2486304162317804312 1 7
3 6 12 7 1 10 9 

985 15286996645975066132 1 7
3 0 9 7 8 6 4 

1001 14422238183528270842 1 7
3 0 9 7 5 8 6 

6088 17399425077491744566 1 7
3 10 9 6 12 7 8 

986 13551112653976659576 1 7
3 1 9 6 7 8 4 

750 8071764860310569612 1 7
3 1 9 2 6 7 5 

988 6896805880446245005 1 7
3 9 2 7 8 6 4 

734 13000933521259931807 1 7
3 6 7 4 1 9 2 

733 11002252434431795437 1 7
3 7 6 4 0 9 2 

1002 4609793395207705477 1 7
3 1 9 6 7 5 8 

749 3481598927728505335 1 7
3 7 5 6 0 9 2 

5836 8233539339013968955 1 7
3 6 12 7 10 2 9 

764 7234796920828815571 1 7
3 9 2 7 5 6 4 

761 6304086502542120568 1 7
3 0 9 7 5 6 4 

5848 7390788604475950873 1 7
3 10 9 6 12 4 7 

1016 11475635515934297704 2 7
3 9 7 5 8 6 4 
9 3 7 5 8 6 4 

1004 1172231038035031176 1 7
3 9 2 7 5 8 6 

762 3268633685380389649 1 7
3 1 9 6 7 5 4 

1398 2723146545093803191 1 7
10 2 1 8 5 4 6 

6485 12457426697770094641 1 7
2 0 11 6 12 8 4 

1367 17980802215317737873 1 7
8 4 6 10 2 1 0 

6454 18345878284454586021 1 7
11 1 2 8 5 4 12 

1431 594699195690600476 1 7
8 7 4 10 2 1 0 

1239 10728613380120678102 1 7
7 6 4 10 2 1 0 

6326 9522479107693065816 1 7
11 1 2 7 5 12 4 

1491 13376477124621489698 2 7
1 10 0 7 8 6 4 
10 1 0 7 8 6 4 

6578 6753451619028237555 2 7
1 11 7 5 8 12 4 
11 1 7 5 8 12 4 

1462 11332453109540505862 1 7
10 2 1 7 5 8 4 

6549 11034281277194633886 1 7
2 0 11 7 8 12 4 

1493 1541908199776940478 1 7
2 10 0 7 8 6 4 

6580 14299076529058307263 2 7
2 11 7 5 8 12 4 
11 2 7 5 8 12 4 

1479 1482493582137288776 2 7
7 6 8 10 2 1 0 
7 8 6 10 2 1 0 

6566 4799441579842066398 1 7
11 1 2 7 5 8 12 

1494 17778870537661133618 1 7
10 2 1 7 8 6 4 

1524 3284457253481455346 2 7
2 10 7 5 8 6 4 
10 2 7 5 8 6 4 

1510 3695931812520778727 1 7
10 2 1 7 5 8 6 

6597 11705595545609811759 1 7
2 0 11 6 12 7 8 

1311 15511573606748634107 1 7
3 4 8 10 2 1 0 

1270 11065576114529316840 1 7
10 2 1 7 5 6 4 

6357 2930526783101825006 1 7
2 0 11 6 12 7 4 

1522 13305595004858607221 2 7
1 10 7 5 8 6 4 
10 1 7 5 8 6 4 

6609 11730955236736384754 2 7
0 11 6 12 7 8 4 
11 0 6 12 7 8 4 

1359 3926574660694229571 1 7
3 6 8 1 10 2 0 

6446 14511149504951698990 1 7
3 11 1 2 12 5 8 

1373 14191807846242001245 1 7
3 10 2 0 4 6 8 

6460 5261719509500074682 1 7
3 11 2 12 5 8 4 

1342 3601011938158276287 1 7
3 10 2 1 4 5 8 

6429 8041009812123801299 1 7
3 11 2 0 12 4 8 

1371 8017117814166623117 1 7
3 6 4 8 1 10 0 

6458 9138450174719567603 1 7
3 11 1 12 5 8 4 

1119 15243719181688667979 1 7
3 6 4 1 10 2 0 

6206 12770195828207248360 1 7
3 11 1 2 12 5 4 

1402 10502579271498618472 1 7
3 1 10 6 4 5 8 

6489 5985812894303006573 1 7
3 11 0 12 6 4 8 

1374 8175592768726133163 1 7
3 6 4 8 1 10 2 

1390 3919058827437213200 1 7
3 6 5 8 1 10 2 

6477 11480832657345987872 1 7
3 12 6 8 11 2 0 

1437 14876021973062237566 1 7
3 10 2 0 4 7 8 

1404 8638423295224193857 1 7
3 10 2 4 5 8 6 

1150 5258753360785933977 1 7
3 6 4 5 1 10 2 

6237 4778581390457258932 1 7
3 12 6 4 11 0 2 

1438 2931454329402012345 1 7
3 10 2 1 4 7 8 

1423 7840112186793142889 1 7
3 7 8 10 2 0 1 

1435 7415835383151561682 1 7
3 10 0 1 4 7 8 

1454 16158080095637050501 1 7
3 7 5 8 10 2 1 

6541 1774581731153072513 1 7
3 7 8 12 0 11 2 

1183 12650716882790501071 1 7
3 4 7 10 2 0 1 

1466 154487620977478724 1 7
3 10 1 7 5 4 8 

6553 5963532302082361049 1 7
3 0 11 7 8 12 4 

1214 15997885154539532832 1 7
3 7 5 4 10 2 1 

6301 4578594831694597900 1 7
3 7 12 4 0 11 2 

1243 103452969838481540 1 7
3 6 4 7 1 10 0 

6330 1513979254104864668 1 7
3 11 1 5 7 12 4 

1486 16672095818826550357 1 7
3 6 7 8 1 10 2 

1468 18345531472638809502 1 7
3 10 2 7 5 4 8 

1483 3110171715686681156 1 7
3 6 7 8 1 10 0 

6570 13067369752699904538 1 7
3 11 1 7 5 8 12 

1231 13257980234920100356 1 7
3 6 7 1 10 2 0 

6318 11812790823739909484 1 7
3 5 7 12 11 1 2 

1497 12692440479982852241 1 7
3 10 0 4 7 6 8 

6584 8916545368007767866 2 7
3 11 7 5 8 12 4 
11 3 7 5 8 12 4 

1485 7745805542225250020 1 7
3 10 2 0 7 6 8 

6572 17443884959616509432 1 7
3 11 2 7 5 8 12 

1500 14117568465292476938 1 7
3 10 2 4 7 6 8 

1246 13815524069971016 1 7
3 6 4 7 1 10 2 

1498 1296627467401057718 1 7
3 1 10 6 4 7 8 

1245 10603086460075780506 1 7
3 10 2 0 4 7 6 

6332 1759024199325135335 1 7
3 11 2 5 7 12 4 

1528 7666557135836845221 2 7
3 10 7 5 4 8 6 
10 3 7 5 4 8 6 

1514 12009546720039569444 1 7
3 1 10 6 7 5 8 

6601 7852369631162372611 1 7
3 0 11 6 12 7 8 

1815 9420638854982491653 2 7
4 8 10 2 9 1 0 
8 4 10 2 9 1 0 

1516 3679181265227538323 1 7
3 10 2 7 5 8 6 

1262 17894104182351489190 1 7
3 1 10 2 6 7 5 

6349 6521270108753469046 1 7
3 6 12 7 0 11 2 

1274 4810399156408280542 1 7
3 1 10 6 7 5 4 

6361 11129857212774672936 1 7
3 0 11 6 12 7 4 

1863 8139104217264440718 2 7
6 8 10 2 9 1 0 
8 6 10 2 9 1 0 

6950 16145896621794106876 1 7
5 8 12 11 1 9 2 

1276 17632387918314526979 1 7
3 10 2 7 5 4 6 

1831 12227852275653929984 2 7
5 8 10 2 9 1 0 
8 5 10 2 9 1 0 

1846 15031244859413757132 1 7
8 5 4 10 2 9 1 

6933 15027735187775466782 2 7
4 8 12 2 0 9 11 
8 4 12 2 0 9 11 

1875 16448250667359745742 1 7
8 4 6 10 9 1 0 

6962 603876690873828817 1 7
11 1 9 8 5 4 12 

1877 26601200510444858 1 7
8 4 6 10 2 9 0 

6964 4273246717857144574 1 7
9 2 11 8 5 4 12 

1906 8227041050114325656 1 7
10 9 1 8 5 4 6 

6993 3216534681241100134 1 7
11 9 0 6 12 8 4 

1623 14953001557653841190 2 7
4 6 10 2 9 1 0 
6 4 10 2 9 1 0 

6710 2485406240952965377 2 7
5 12 4 11 1 9 2 
12 5 4 11 1 9 2 

1878 9230274872968001178 1 7
8 4 6 10 2 9 1 

1894 71927470736786335 1 7
8 5 6 10 2 9 1 

6981 8256698678367460764 1 7
6 12 8 2 0 9 11 

1939 2187419081678952105 1 7
8 7 4 10 9 1 0 

1941 10333019246780648429 1 7
8 7 4 10 2 9 0 

1908 14215359296240558447 1 7
10 2 9 8 5 4 6 

1927 4588919995598968633 1 7
7 8 10 2 9 1 0 

1654 3492624128552097006 2 7
4 6 5 10 2 9 1 
6 4 5 10 2 9 1 

6741 10806007143254317342 1 7
6 12 4 2 0 9 11 

1687 2963164707554491393 1 7
7 4 10 2 9 1 0 

1958 728803846253298595 1 7
7 5 8 10 2 9 1 

7045 11486979118193592050 1 7
7 8 12 2 0 9 11 

1942 4469391862993478856 1 7
8 7 4 10 2 9 1 

1718 11770946720224278405 1 7
7 5 4 10 2 9 1 

6805 2479976942577795285 1 7
7 12 4 2 0 9 11 

1970 13815163773963587509 1 7
10 9 1 7 5 8 4 

7057 11291055453031336287 1 7
11 9 0 7 8 12 4 

1987 16466575739742839556 2 7
7 6 8 10 9 1 0 
7 8 6 10 9 1 0 

7074 16629607855292030625 1 7
11 1 9 7 5 8 12 

1747 1744656682328656771 1 7
7 6 4 10 9 1 0 

6834 16041940265857367104 1 7
11 1 9 7 5 12 4 

1972 3714624468377631471 1 7
10 2 9 7 5 8 4 

1735 4588919995598968633 1 7
7 6 10 2 9 1 0 

6822 16424188276663592745 1 7
7 5 12 11 1 9 2 

1750 4800646012206064184 1 7
7 6 4 10 2 9 1 

2002 4702347608148224465 1 7
10 9 1 7 8 6 4 

1749 793657561867138430 1 7
7 6 4 10 2 9 0 

6836 15471691932183141897 1 7
9 2 11 7 5 12 4 

1989 12904947354621445143 2 7
7 6 8 10 2 9 0 
7 8 6 10 2 9 0 

7076 16744904566959036752 1 7
9 2 11 7 5 8 12 

2004 3199157307104061516 1 7
10 2 9 7 8 6 4 

2001 644987193668611228 2 7
9 10 0 7 8 6 4 
10 9 0 7 8 6 4 

7088 24988427288404510 2 7
9 11 7 5 8 12 4 
11 9 7 5 8 12 4 

1766 16493863230770309111 1 7
7 5 6 10 2 9 1 

6853 203833406778392808 1 7
6 12 7 2 0 9 11 

2018 1694343008273262968 1 7
10 9 1 7 5 8 6 

7105 14624729998553089108 1 7
11 9 0 6 12 7 8 

1990 4657742808967202595 2 7
7 6 8 10 2 9 1 
7 8 6 10 2 9 1 

1821 342694705696467964 1 7
3 4 8 10 2 9 0 

1567 13200637238850076927 2 7
3 4 10 2 9 1 0 
4 3 10 2 9 1 0 

2020 11138320811865482741 1 7
10 2 9 7 5 8 6 

1819 17985662751535279607 1 7
3 4 8 10 9 1 0 

1778 2872805399141441822 1 7
10 9 1 7 5 6 4 

6865 7555212434264526401 1 7
11 9 0 6 12 7 4 

1807 6350026522084628662 2 7
3 8 10 2 9 1 0 
8 3 10 2 9 1 0 

1780 16105214217259733506 1 7
10 2 9 7 5 6 4 

1822 6798137712684103887 1 7
3 4 8 10 2 9 1 

2032 18207507521443141535 2 7
9 10 7 5 8 6 4 
10 9 7 5 8 6 4 

1838 102222635998130066 1 7
3 5 8 10 2 9 1 

6925 4825753065305437986 1 7
3 12 8 11 2 0 9 

1869 2632985638844913983 1 7
3 6 8 10 2 9 0 

6956 14383196086894816692 1 7
3 11 9 2 12 5 8 

1870 4137065300866571341 1 7
3 6 8 1 10 2 9 

1598 18438777677345680726 1 7
3 4 5 10 2 9 1 

6685 16165574251856737271 1 7
3 12 4 11 0 2 9 

1627 3737756619749833052 1 7
3 6 4 1 10 9 0 

6714 14122816804964814044 1 7
3 11 1 9 12 5 4 

1867 11073574081490345682 1 7
3 6 8 1 10 9 0 

6954 14889539611426197695 1 7
3 11 1 9 12 5 8 

1850 13635084474936536751 1 7
3 10 9 1 4 5 8 

6937 12385475194891974299 1 7
3 11 0 9 12 4 8 

1852 18018180993546490925 1 7
3 10 2 9 4 5 8 

1629 14613844493595026531 1 7
3 4 6 10 2 9 0 

6716 5064035598778513875 1 7
3 11 9 2 12 5 4 

1615 2876461583800012129 2 7
3 6 1 10 2 9 0 
6 3 1 10 2 9 0 

6702 12209603721277331670 1 7
3 12 5 11 1 9 2 

1881 13008336446714449985 1 7
3 10 9 0 4 6 8 

6968 4988120003687399632 1 7
3 11 9 12 5 8 4 

1900 17959365522538226785 1 7
3 10 2 9 5 8 6 

1882 12154825457075401109 1 7
3 6 4 8 1 10 9 

1898 8748298407764445165 1 7
3 6 5 8 1 10 9 

6985 16886085098729736500 1 7
3 12 6 8 11 0 9 

1658 4733742827696946801 1 7
3 6 4 5 1 10 9 

6745 17615460186343953923 1 7
3 12 6 4 11 0 9 

1646 3956725798612365872 1 7
3 6 5 1 10 2 9 

6733 2805648730482561154 1 7
3 12 6 11 2 0 9 

1630 17890439367685573990 1 7
3 6 4 1 10 2 9 

1884 16661647920974466893 1 7
3 10 2 9 4 6 8 

1912 6208479501190137871 1 7
3 10 9 4 5 8 6 

1933 1665364378930973057 1 7
3 7 8 10 2 0 9 

1945 4088492533087420336 1 7
3 10 0 9 4 7 8 

1660 1676157413274311147 1 7
3 10 2 9 4 5 6 

1931 17658771239402372551 1 7
3 7 8 10 0 9 1 

1679 13735221287469187719 1 7
7 3 10 2 0 9 1 

1934 10578400232414349824 1 7
3 7 8 10 2 9 1 

1694 18154302525179019819 1 7
3 4 7 10 2 9 1 

1691 9043546124299527935 1 7
3 4 7 10 0 9 1 

1693 2820880148094901537 1 7
3 4 7 10 2 0 9 

1946 17551602529420187650 1 7
3 10 9 1 4 7 8 

1964 10383170150323635942 1 7
3 7 5 8 10 2 9 

1948 5695095257024516229 1 7
3 10 2 9 4 7 8 

1993 2335072632298611914 1 7
3 7 6 8 10 0 9 

7080 5899439332532307838 1 7
3 9 11 7 5 8 12 

1962 4682441686420803108 1 7
3 7 5 8 10 9 1 

7049 7320887242367066470 1 7
3 7 8 12 0 9 11 

1741 10956764609980764009 1 7
3 7 6 10 2 0 9 

6828 14048407606511879006 1 7
3 7 5 12 9 11 2 

1976 5183904409063247956 1 7
3 10 9 7 5 4 8 

1710 9063815904723769380 1 7
3 7 5 10 2 9 1 

6797 2735303504871091031 1 7
3 7 12 0 9 11 2 

1742 13364405013544540397 1 7
3 6 7 1 10 2 9 

1724 5598690581110865284 1 7
3 7 5 4 10 2 9 

1739 5576418864769572551 1 7
3 6 7 1 10 0 9 

6826 3524130846550369000 1 7
3 7 5 12 9 11 1 

1722 860275626376822113 1 7
3 7 5 4 10 9 1 

6809 17505255932555659067 1 7
3 7 12 4 0 9 11 

1994 9934558974589692449 1 7
3 6 7 8 1 10 9 

2008 2283567709992785269 1 7
3 10 9 4 7 6 8 

1753 10904480803021317711 1 7
3 10 0 9 4 7 6 

6840 10085731994528616142 1 7
3 9 11 7 5 12 4 

1996 16283766051837721931 1 7
3 10 2 9 7 6 8 

2391 4445284270455771407 1 7
8 4 6 11 1 2 0 

2359 7290409734962413456 1 7
8 5 4 11 1 2 0 

7446 15782297406916013206 2 7
4 8 12 10 2 1 11 
8 4 12 10 2 1 11 

1754 15399822398972821654 1 7
3 6 4 7 1 10 9 

2421 15249770840197804 1 7
2 0 11 8 5 4 6 

7508 4827490719089365475 1 7
2 10 11 6 12 8 4 

1756 7907055102838987088 1 7
3 10 2 9 4 7 6 

2024 2525387086090775694 1 7
3 10 9 7 5 8 6 

1770 3154010677769131739 1 7
3 1 10 9 6 7 5 

6857 8517344826000629301 1 7
3 6 12 7 0 9 11 

1772 2130559925210932220 1 7
3 7 5 6 10 2 9 

1784 6137920441208205171 1 7
3 10 9 7 5 4 6 

2167 12763935270346150653 2 7
4 6 5 11 1 2 0 
6 4 5 11 1 2 0 

7254 11737672545028288032 1 7
6 12 4 10 2 1 11 

2407 15873945085353702415 1 7
8 5 6 11 1 2 0 

7494 15777911834391845414 1 7
6 12 8 10 2 1 11 

2419 11534368736544512764 1 7
11 1 0 8 5 4 6 

7506 13222360074631224063 1 7
1 11 10 6 12 8 4 

2455 15956965764788494820 1 7
8 7 4 11 1 2 0 

2422 9052829787897827156 1 7
11 1 2 8 5 4 6 

2263 1929554494095613041 1 7
7 6 4 11 1 2 0 

2471 13946822288038553036 1 7
7 5 8 11 1 2 0 

7558 16571228228138911088 1 7
7 8 12 10 2 1 11 

2483 12516840826685534001 1 7
11 1 0 7 5 8 4 

7570 13838073454045148298 1 7
1 11 10 7 8 12 4 

2503 16765163382295563490 2 7
7 6 8 11 1 2 0 
7 8 6 11 1 2 0 

2231 711565196603869825 1 7
7 5 4 11 1 2 0 

7318 10821933624229905658 1 7
7 12 4 10 2 1 11 

2486 9859062264983351919 1 7
11 1 2 7 5 8 4 

2531 18419116471677223508 1 7
11 1 0 7 5 8 6 

7618 15542822449500985120 1 7
1 11 10 6 12 7 8 

2485 16378741091022197001 1 7
2 0 11 7 5 8 4 

7572 5641594758998705749 1 7
2 10 11 7 8 12 4 

2515 6992936211394679115 1 7
11 1 0 7 8 6 4 

2517 5772026161678846629 1 7
2 0 11 7 8 6 4 

2518 3273205953013824446 1 7
11 1 2 7 8 6 4 

2534 2941353262661629415 1 7
11 1 2 7 5 8 6 

2546 5172561593713764340 2 7
1 11 7 5 8 6 4 
11 1 7 5 8 6 4 

2279 2985912913450931222 1 7
7 5 6 11 1 2 0 

7366 4360269299247845913 1 7
6 12 7 10 2 1 11 

2291 2633676035581695179 1 7
11 1 0 7 5 6 4 

7378 7674533229704332890 1 7
1 11 10 6 12 7 4 

2533 2847816294121459222 1 7
2 0 11 7 5 8 6 

7620 3472366942674513909 1 7
2 10 11 6 12 7 8 

2351 18428449519625626167 1 7
3 5 8 11 1 0 2 

7438 8946465438324414057 1 7
3 12 8 10 2 11 1 

2363 15256749447224189308 1 7
3 11 1 0 5 8 4 

7450 15268156477973219881 1 7
3 4 12 8 10 11 1 

2293 997008417305290310 1 7
2 0 11 7 5 6 4 

7380 962066554488766676 1 7
2 10 11 6 12 7 4 

2294 11636550813376080001 1 7
11 1 2 7 5 6 4 

2335 1972188156076384949 1 7
3 4 8 11 1 2 0 

2545 7873462744366528028 2 7
0 11 7 5 8 6 4 
11 0 7 5 8 6 4 

7632 15724841476905112726 2 7
10 11 6 12 7 8 4 
11 10 6 12 7 8 4 

2383 14633053782199565877 1 7
3 6 8 1 11 2 0 

2548 14261423080944850979 2 7
2 11 7 5 8 6 4 
11 2 7 5 8 6 4 

2395 5328113329971780801 1 7
3 1 11 0 6 4 8 

2111 17329183111924015996 1 7
3 5 4 11 1 0 2 

7198 16984928970660995082 1 7
3 4 12 10 2 11 1 

2414 17401392021554586268 1 7
3 1 11 2 6 5 8 

2366 3793762326003621216 1 7
3 11 1 2 5 8 4 

2365 16106027656109358324 1 7
3 5 8 4 11 0 2 

7452 13844230903203835169 1 7
3 10 2 11 4 12 8 

2413 3186542690757969238 1 7
3 5 8 6 11 0 2 

7500 15414293038108202265 1 7
3 12 6 8 10 2 11 

2143 6635267054583533121 1 7
3 6 4 1 11 0 2 

2159 13171420081877714318 1 7
3 6 5 1 11 0 2 

7246 5996278449259190511 1 7
3 6 12 1 10 2 11 

2397 6286605977381545840 1 7
3 8 4 6 0 2 11 

2171 12643116827436683212 1 7
3 1 11 0 6 5 4 

7258 5594714527323736781 1 7
3 6 12 4 1 10 11 

2398 16492549695316822171 1 7
3 1 11 2 6 8 4 

2411 10274064098437682229 1 7
3 1 11 0 6 5 8 

7498 14076621275366386499 1 7
3 6 12 8 1 11 10 

2428 25979034239162288 1 7
3 11 2 5 8 4 6 

2425 18023681827388794348 1 7
3 11 0 5 8 4 6 

7512 5993858315266600403 1 7
3 10 11 12 6 4 8 

2426 8680141011985655392 1 7
3 1 11 6 5 8 4 

2174 17531852098582095305 1 7
3 1 11 2 6 5 4 

2461 3690724430962902246 1 7
3 7 8 4 0 2 11 

2173 6499773748310557268 1 7
3 5 4 6 11 0 2 

7260 13373159158976169148 1 7
3 12 6 4 10 2 11 

2475 4053860226960743420 1 7
3 7 5 8 0 11 1 

7562 6319298470701798171 1 7
3 7 8 12 10 11 1 

2447 1805671811236427758 1 7
3 7 8 0 1 11 2 

2459 13513273204428420417 1 7
3 7 8 4 0 1 11 

2489 553657237152279748 1 7
3 0 11 7 5 8 4 

7576 3714338909709567622 1 7
3 10 11 4 7 8 12 

2207 17477586547472125688 1 7
3 7 4 0 1 11 2 

2490 1717190684914318353 1 7
3 11 1 7 5 8 4 

2462 5030239343875001198 1 7
3 7 8 4 1 11 2 

2477 16144730791980714843 1 7
3 7 5 8 0 11 2 

7564 771121783141568870 1 7
3 10 2 11 7 8 12 

2223 16364989896607108460 1 7
3 7 5 0 11 1 2 

7310 8982779018669135649 1 7
3 7 12 10 2 11 1 

2238 8162759226170147451 1 7
3 5 7 4 11 1 2 

2235 1075556508439475005 1 7
3 7 5 4 0 11 1 

7322 18054214588465457955 1 7
3 10 11 1 4 7 12 

2478 17199680226329685465 1 7
3 7 5 8 11 1 2 

2509 12389859557102124663 1 7
3 7 8 6 0 2 11 

2267 9336263084204695554 1 7
3 6 7 4 1 0 11 

2237 1245582224798946720 1 7
3 7 5 4 0 11 2 

7324 6008309290249646760 1 7
3 10 2 11 4 7 12 

2492 5892389070653158227 1 7
3 11 2 7 5 8 4 

2507 8604557905293806709 1 7
3 6 7 8 1 0 11 

2255 1829324082282344520 1 7
3 6 7 1 0 11 2 

2524 3306505682601630540 1 7
3 2 11 7 8 6 4 

2510 8325476351314144933 1 7
3 6 7 8 1 11 2 

2270 6569278550952868450 1 7
3 6 7 4 1 11 2 

2521 11653233878913360440 1 7
3 0 11 7 8 6 4 

2522 12735069704646157028 1 7
3 1 11 6 7 8 4 

2269 11300269165587566893 1 7
3 7 6 4 0 2 11 

2297 2988312266997706519 1 7
3 0 11 7 5 6 4 

7384 3671368189168892475 1 7
3 10 11 6 12 4 7 

2540 5432865417378867188 1 7
3 11 2 7 5 8 6 

2537 8921450250609566907 1 7
3 0 11 7 5 8 6 

7624 10422124580537358097 1 7
3 10 11 6 12 7 8 

2283 1373339596969457644 1 7
3 1 0 11 6 7 5 

7370 8619797735078446898 1 7
3 6 12 7 1 10 11 

2538 13773566340699472029 1 7
3 1 11 6 7 5 8 

2285 5304228479690255881 1 7
3 7 5 6 0 11 2 

7372 15320989521699828224 1 7
3 6 12 7 10 2 11 

2839 6317932295557600091 2 7
4 8 11 1 2 0 9 
8 4 11 1 2 0 9 

2286 9637065378672150702 1 7
3 1 11 2 6 7 5 

2855 14010586100015161198 2 7
5 8 11 1 2 0 9 
8 5 11 1 2 0 9 

2298 15433183347307461697 1 7
3 1 11 6 7 5 4 

2300 16333005530126166408 1 7
3 11 2 7 5 6 4 

2552 4119943406197532445 2 7
3 11 7 5 8 6 4 
11 3 7 5 8 6 4 

2899 5782741737305518079 1 7
8 4 6 11 1 9 0 

2867 13176801673646791085 1 7
8 5 4 11 1 9 0 

7954 645060540102768941 2 7
4 8 12 10 9 1 11 
8 4 12 10 9 1 11 

2869 13699232182563195905 1 7
8 5 4 2 0 9 11 

7956 12593167288642334142 2 7
4 8 12 10 2 9 11 
8 4 12 10 2 9 11 

2647 7602695156567180196 2 7
4 6 11 1 2 0 9 
6 4 11 1 2 0 9 

2918 8154174062191175539 1 7
8 5 6 11 1 9 2 

2870 3067865379269342879 1 7
8 5 4 11 1 9 2 

2901 1463152967915821044 1 7
8 4 6 2 0 9 11 

2887 15972938296677486546 2 7
6 8 11 1 2 0 9 
8 6 11 1 2 0 9 

2915 17820873970594657898 1 7
8 5 6 11 1 9 0 

8002 16379299130608793336 1 7
6 12 8 10 9 1 11 

2902 18020949658074433389 1 7
8 4 6 11 1 9 2 

2917 6022734187854691000 1 7
8 5 6 2 0 9 11 

8004 3728982653929512892 1 7
6 12 8 10 2 9 11 

2677 5120036311112168334 2 7
4 6 5 2 0 9 11 
6 4 5 2 0 9 11 

7764 5965082424341585224 1 7
6 12 4 10 2 9 11 

2930 16354997186760733993 1 7
11 1 9 8 5 4 6 

2929 5889510109899683725 1 7
11 9 0 8 5 4 6 

8016 14372609968818227920 1 7
9 10 11 6 12 8 4 

2932 4524293176583845038 1 7
9 2 11 8 5 4 6 

2966 4497233477131879188 1 7
8 7 4 11 1 9 2 

2675 1774030438149499450 2 7
4 6 5 11 1 9 0 
6 4 5 11 1 9 0 

7762 10869967984176631215 1 7
6 12 4 10 9 1 11 

2979 3838185641917025332 1 7
7 5 8 11 1 9 0 

8066 13766773892749601574 1 7
7 8 12 10 9 1 11 

2951 10747770016891071102 1 7
7 8 11 1 2 0 9 

2711 12380911812996864973 1 7
7 4 11 1 2 0 9 

2963 7645804885343810573 1 7
8 7 4 11 1 9 0 

2678 2758864040738332258 2 7
4 6 5 11 1 9 2 
6 4 5 11 1 9 2 

2965 13524740664224169785 1 7
8 7 4 2 0 9 11 

2982 9676546614882675634 1 7
7 5 8 11 1 9 2 

2739 12494089016343552741 1 7
7 5 4 11 1 9 0 

7826 4035684418060012306 1 7
7 12 4 10 9 1 11 

2981 11664458056696463811 1 7
7 5 8 2 0 9 11 

8068 8076347679464720353 1 7
7 8 12 10 2 9 11 

2727 9610736774314996483 1 7
7 5 11 1 2 0 9 

7814 186151181312397849 1 7
7 12 10 2 9 1 11 

2759 10747770016891071102 1 7
7 6 11 1 2 0 9 

2993 10984340698967842926 1 7
11 9 0 7 5 8 4 

8080 2239548507810938772 1 7
9 10 11 7 8 12 4 

2741 12974890913566859061 1 7
7 5 4 2 0 9 11 

7828 11684616373690549000 1 7
7 12 4 10 2 9 11 

3013 6296201882217080235 2 7
7 6 8 2 0 9 11 
7 8 6 2 0 9 11 

2994 7010362137886007130 1 7
11 1 9 7 5 8 4 

2742 1470681720319334839 1 7
7 5 4 11 1 9 2 

2996 8629742478541660463 1 7
9 2 11 7 5 8 4 

2771 1389032168636756956 1 7
7 6 4 11 1 9 0 

3028 13890563544770919845 1 7
9 2 11 7 8 6 4 

3025 7327206665385770800 1 7
11 9 0 7 8 6 4 

3042 9058798046123997637 1 7
11 1 9 7 5 8 6 

3011 14325549533911006201 2 7
7 6 8 11 1 9 0 
7 8 6 11 1 9 0 

3026 17593781909502647191 1 7
11 1 9 7 8 6 4 

2773 13802965716241442521 1 7
7 6 4 2 0 9 11 

2789 9991629620812091733 1 7
7 5 6 2 0 9 11 

7876 17034178538824190880 1 7
6 12 7 10 2 9 11 

2787 13987692469461942604 1 7
7 5 6 11 1 9 0 

7874 12626044127387400081 1 7
6 12 7 10 9 1 11 

3041 11842960735969802652 1 7
11 9 0 7 5 8 6 

8128 17116276424642289353 1 7
9 10 11 6 12 7 8 

3014 17068826080855285283 2 7
7 6 8 11 1 9 2 
7 8 6 11 1 9 2 

2790 2110538912571604610 1 7
7 5 6 11 1 9 2 

2774 9693452028659192042 1 7
7 6 4 11 1 9 2 

2804 10093371179508531078 1 7
9 2 11 7 5 6 4 

3044 16959861172156635249 1 7
9 2 11 7 5 8 6 

2801 17002643017030068856 1 7
11 9 0 7 5 6 4 

7888 8877965154326283401 1 7
9 10 11 6 12 7 4 

2591 17606867890591550000 2 7
3 4 11 1 0 2 9 
4 3 11 1 0 2 9 

2802 14539674832563462876 1 7
11 1 9 7 5 6 4 

2859 16769062924187351840 1 7
3 5 8 11 1 0 9 

7946 12123794675066213903 1 7
3 12 8 10 9 11 1 

3056 4196154719323717334 2 7
9 11 7 5 8 6 4 
11 9 7 5 8 6 4 

2843 9187636783757401811 1 7
3 4 8 11 1 0 9 

2831 16268263528879013951 2 7
3 8 11 1 2 0 9 
8 3 11 1 2 0 9 

2862 17459935314377223810 1 7
3 5 8 11 1 2 9 

2845 8889750330891206211 1 7
3 4 8 2 0 9 11 

2619 9686770982253810828 1 7
3 5 4 11 1 0 9 

7706 3384073182461919181 1 7
3 4 12 10 9 11 1 

2846 6163482244619035132 1 7
3 8 4 11 1 2 9 

2861 507302072305872409 1 7
3 5 8 11 0 2 9 

7948 9894570269700318130 1 7
3 12 8 10 2 9 11 

2622 14197778204149745321 1 7
3 5 4 11 1 9 2 

2607 17030929927400378551 2 7
3 5 11 1 0 2 9 
5 3 11 1 0 2 9 

7694 3087108609456695468 2 7
3 12 10 2 9 11 1 
12 3 10 2 9 11 1 

2893 5786689978180051280 1 7
3 8 6 2 0 9 11 

2873 4712518275281348805 1 7
3 5 8 4 11 0 9 

7960 297875759534792796 1 7
3 10 9 11 4 12 8 

2621 17234900703232490665 1 7
3 5 4 11 0 2 9 

7708 6255191888933234121 1 7
3 4 12 10 2 9 11 

2874 17792424453891399759 1 7
3 11 1 9 5 8 4 

2891 7643318093989822548 1 7
3 6 8 1 11 0 9 

2905 5107488948090867919 1 7
3 4 8 6 0 9 11 

2906 18269294879385879901 1 7
3 1 11 9 6 4 8 

2876 7881908569853824794 1 7
3 5 8 4 11 2 9 

2639 959053566382045622 2 7
3 6 1 11 2 0 9 
6 3 1 11 2 0 9 

2894 6859590154803120541 1 7
3 6 8 1 11 2 9 

2651 4991201952232693189 1 7
3 6 4 1 11 0 9 

2667 1573982373247859119 1 7
3 6 5 1 11 0 9 

7754 11267902391188054516 1 7
3 6 12 1 10 9 11 

2922 6278220060189199563 1 7
3 1 11 9 6 5 8 

2653 10908964208597181162 1 7
3 4 6 0 2 9 11 

2908 12691069414672206469 1 7
3 8 4 6 2 9 11 

2921 11061808143953612226 1 7
3 5 8 6 11 0 9 

8008 15137724980550565588 1 7
3 12 6 8 10 9 11 

2682 2142764120868642341 1 7
3 1 11 9 6 5 4 

2936 585599288276949751 1 7
3 11 9 5 8 4 6 

2669 12568338339713036245 1 7
3 5 6 11 0 2 9 

7756 16818586337728620611 1 7
3 12 6 10 2 9 11 

2654 16895048365970868043 1 7
3 6 4 1 11 9 2 

2670 3049098751626245506 1 7
3 6 5 1 11 9 2 

2681 12442280886443247040 1 7
3 5 4 6 11 0 9 

7768 12132502081343986602 1 7
3 12 6 4 10 9 11 

2924 18261770866258916995 1 7
3 5 8 6 11 2 9 

2703 17070576536637524175 1 7
7 3 0 9 1 11 2 

2684 13131207544592055388 1 7
3 5 4 6 11 9 2 

2958 16168761130107156357 1 7
3 7 8 9 1 11 2 

2955 7741828824608979489 1 7
3 7 8 0 9 1 11 

2718 2694834270809871512 1 7
3 7 4 9 1 11 2 

2957 10141118725778820835 1 7
3 7 8 0 9 2 11 

2715 12646750736646212800 1 7
3 7 4 0 9 1 11 

2731 8776250694860920016 1 7
3 7 5 0 9 11 1 

7818 6652558593348908560 1 7
3 7 12 10 9 11 1 

2970 5964049655455960778 1 7
3 7 8 4 9 1 11 

2733 11996120663092558195 1 7
3 7 5 0 9 11 2 

7820 2157143942224319488 1 7
3 7 12 10 2 9 11 

2969 14241623583200552848 1 7
3 7 8 4 0 9 11 

2717 17682591676494796174 1 7
3 7 4 0 9 2 11 

2985 9271510825969914842 1 7
3 7 5 8 0 9 11 

8072 3826941245976605755 1 7
3 7 8 12 10 9 11 

2972 12850344153741835026 1 7
3 7 8 4 9 2 11 

2986 16593367239953172956 1 7
3 7 5 8 9 11 1 

2745 11909275697831312643 1 7
3 7 5 4 0 9 11 

7832 2177861499973739474 1 7
3 10 9 11 4 7 12 

2748 15965034104248459093 1 7
3 7 5 4 9 11 2 

2988 9229021670373883302 1 7
3 7 5 8 9 11 2 

2734 7941623729916663316 1 7
3 7 5 9 11 1 2 

2766 9411608895907675234 1 7
3 6 7 1 9 11 2 

3000 13130328207607379212 1 7
3 9 11 7 5 8 4 

3020 12603231592719582651 1 7
3 7 8 6 9 2 11 

2746 9340337656863842326 1 7
3 7 5 4 9 11 1 

2763 10946808487452887090 1 7
3 6 7 1 0 9 11 

3017 5889224258975447412 1 7
3 7 6 8 0 9 11 

2778 6503106729788489231 1 7
3 6 7 4 1 9 11 

3018 2316377451689022972 1 7
3 6 7 8 1 9 11 

2765 1031939549136844611 1 7
3 7 6 0 9 2 11 

2793 18156630495074784010 1 7
3 7 5 6 0 9 11 

7880 12944714460603995411 1 7
3 6 12 7 10 9 11 

2808 2346689948394976499 1 7
3 9 11 7 5 6 4 

2777 7515733943295710973 1 7
3 7 6 4 0 9 11 

3379 18251737317919841456 1 7
8 5 4 1 11 10 0 

3032 9803190993250597563 1 7
3 9 11 7 8 6 4 

2780 14561543229348271263 1 7
3 7 6 4 9 2 11 

3381 14172366034238737793 1 7
8 5 4 2 10 0 11 

3048 4166197732964352214 1 7
3 9 11 7 5 8 6 

2794 13071723242191526955 1 7
3 1 9 11 6 7 5 

3351 8068004166848687637 2 7
4 8 10 2 1 11 0 
8 4 10 2 1 11 0 

2796 6219777650788586612 1 7
3 7 5 6 9 11 2 

3367 9765983594162379164 2 7
5 8 10 2 1 11 0 
8 5 10 2 1 11 0 

3399 16554112469215632271 2 7
6 8 10 2 1 11 0 
8 6 10 2 1 11 0 

3159 17298499034052253692 2 7
4 6 10 2 1 11 0 
6 4 10 2 1 11 0 

3382 13153844665035131724 1 7
8 5 4 10 2 1 11 

3411 1253470457766371266 1 7
8 4 6 1 11 10 0 

3187 15303129411904833923 2 7
4 6 5 1 11 10 0 
6 4 5 1 11 10 0 

3413 11437430439997435636 1 7
8 4 6 2 10 0 11 

3427 820620037095266456 1 7
8 5 6 1 11 10 0 

3441 14086495789184917645 1 7
11 0 10 8 5 4 6 

3442 8781136981863426237 1 7
1 11 10 8 5 4 6 

3414 7462314271801923269 1 7
8 4 6 10 2 1 11 

3430 5439505138164103281 1 7
8 5 6 10 2 1 11 

3429 7651941789490355768 1 7
8 5 6 2 10 0 11 

3223 6996764565418779611 1 7
7 4 10 2 1 11 0 

3190 8336005334342865127 2 7
4 6 5 10 2 1 11 
6 4 5 10 2 1 11 

3463 12042081387550640632 1 7
7 8 10 2 1 11 0 

3239 11736217908541542773 1 7
7 5 10 2 1 11 0 

3189 342756844526052977 2 7
4 6 5 2 10 0 11 
6 4 5 2 10 0 11 

3444 904402137707104934 1 7
2 10 11 8 5 4 6 

3475 13053156574093905167 1 7
8 7 4 1 11 10 0 

3494 3347059045115554384 1 7
7 5 8 10 2 1 11 

3477 4632745321151793285 1 7
8 7 4 2 10 0 11 

3478 7513135721103653616 1 7
8 7 4 10 2 1 11 

3491 6320690114196052887 1 7
7 5 8 1 11 10 0 

3251 12007609722446145895 1 7
7 5 4 1 11 10 0 

3493 8879011286093256789 1 7
7 5 8 2 10 0 11 

3254 15328906007731286642 1 7
7 5 4 10 2 1 11 

3505 8153885616673336745 1 7
11 0 10 7 5 8 4 

3253 13047310748170436055 1 7
7 5 4 2 10 0 11 

3526 4587346988130186313 2 7
7 6 8 10 2 1 11 
7 8 6 10 2 1 11 

3508 18228166325732058387 1 7
2 10 11 7 5 8 4 

3506 15480770262554625549 1 7
1 11 10 7 5 8 4 

3271 12042081387550640632 1 7
7 6 10 2 1 11 0 

3283 5093154401482688915 1 7
7 6 4 1 11 10 0 

3537 12983465789978453375 1 7
11 0 10 7 8 6 4 

3540 6052461864797041710 1 7
2 10 11 7 8 6 4 

3523 1450250039843480223 2 7
7 6 8 1 11 10 0 
7 8 6 1 11 10 0 

3554 15123201100252272562 1 7
1 11 10 7 5 8 6 

3538 3466581224308053913 1 7
1 11 10 7 8 6 4 

3525 2635685822623804487 2 7
7 6 8 2 10 0 11 
7 8 6 2 10 0 11 

3285 3500438648217249865 1 7
7 6 4 2 10 0 11 

3556 18022285091153921496 1 7
2 10 11 7 5 8 6 

3286 4391810840750034767 1 7
7 6 4 10 2 1 11 

3553 5300773970046196314 1 7
11 0 10 7 5 8 6 

3299 21724975650151600 1 7
7 5 6 1 11 10 0 

3313 9115138408729723634 1 7
11 0 10 7 5 6 4 

3301 2643226011080878493 1 7
7 5 6 2 10 0 11 

3343 6212077914479750826 2 7
3 8 10 2 1 11 0 
8 3 10 2 1 11 0 

3302 13978586535444609067 1 7
7 5 6 10 2 1 11 

3358 13168663460290170446 1 7
3 4 8 10 2 1 11 

3316 2136025752986519232 1 7
2 10 11 7 5 6 4 

3314 14798833349402217720 1 7
1 11 10 7 5 6 4 

3355 10587276439534833111 1 7
3 4 8 10 1 11 0 

3373 10408338901331737399 1 7
3 5 8 10 2 11 0 

3568 6683057733751698243 2 7
10 11 7 5 8 6 4 
11 10 7 5 8 6 4 

3374 1357648386900521582 1 7
3 5 8 10 2 11 1 

3357 11075875659371706188 1 7
3 4 8 10 2 0 11 

3103 6794455883893260705 2 7
3 4 10 2 1 11 0 
4 3 10 2 1 11 0 

3133 9438307963013182647 1 7
3 4 5 10 2 11 0 

3371 7281605947496609871 1 7
3 5 8 10 11 1 0 

3119 4435800736375459160 2 7
3 5 10 2 11 1 0 
5 3 10 2 11 1 0 

3131 8296493199223266975 1 7
3 4 5 10 11 1 0 

3134 10719912725990690213 1 7
3 4 5 10 2 11 1 

3385 11608950436338630458 1 7
3 10 11 0 4 5 8 

3151 8780422435115234245 2 7
3 6 1 10 2 11 0 
6 3 1 10 2 11 0 

3386 1511228771443581148 1 7
3 10 11 1 4 5 8 

3388 3682648174715336596 1 7
3 10 2 11 4 5 8 

3403 17943604324119594713 1 7
3 6 8 1 11 10 0 

3418 5197337343154739723 1 7
3 1 10 11 6 4 8 

3420 11354780468891077653 1 7
3 10 2 11 4 6 8 

3405 10025553802009666692 1 7
3 6 8 10 2 0 11 

3406 14478601038908988114 1 7
3 6 8 1 10 2 11 

3163 1875054272321718016 1 7
3 6 4 1 10 11 0 

3417 15619338109039676718 1 7
3 10 0 11 4 6 8 

3181 6537657690125999053 1 7
3 5 6 10 2 11 0 

3434 17176331590591046695 1 7
3 1 10 11 6 5 8 

3165 14573590156883768656 1 7
3 4 6 10 2 0 11 

3179 16313890058644257725 1 7
3 6 5 1 10 11 0 

3166 1177952964767290520 1 7
3 6 4 1 10 2 11 

3433 5130207263875604519 1 7
3 5 8 6 10 11 0 

3194 6510219532495028540 1 7
3 1 10 11 6 4 5 

3196 8544735684449167432 1 7
3 10 2 11 4 5 6 

3182 2653660761622556140 1 7
3 6 5 1 10 2 11 

3193 8068544371778255346 1 7
3 10 11 0 4 5 6 

3436 16891655519956338562 1 7
3 10 2 11 5 8 6 

3448 6915117759118160320 1 7
3 10 11 4 5 8 6 

3481 477426259105176241 1 7
3 10 0 11 4 7 8 

3467 11089724349337387544 1 7
3 7 8 10 0 1 11 

3227 6843277872627613980 1 7
3 4 7 10 0 1 11 

3215 8680945045868724815 1 7
7 3 10 2 0 1 11 

3497 5788921779380478045 1 7
3 7 5 8 10 0 11 

3469 12716312909324205353 1 7
3 7 8 10 2 0 11 

3470 5288171201863431503 1 7
3 7 8 10 2 1 11 

3482 13228772563807218147 1 7
3 10 1 11 4 7 8 

3498 16715768770331944823 1 7
3 7 5 8 10 11 1 

3229 14024605632053577587 1 7
3 4 7 10 2 0 11 

3500 6088600657894566326 1 7
3 7 5 8 10 2 11 

3484 3050728630482232669 1 7
3 10 2 11 4 7 8 

3230 7314092882567061716 1 7
3 4 7 10 2 1 11 

3243 15763000251947557653 1 7
3 7 5 10 0 11 1 

3245 15353871259044463399 1 7
3 7 5 10 2 0 11 

3257 14467418146421974523 1 7
3 7 5 4 10 0 11 

3529 6091278715236172972 1 7
3 7 6 8 10 0 11 

3258 8143042317732813964 1 7
3 7 5 4 10 11 1 

3246 14842841881303975712 1 7
3 7 5 10 2 11 1 

3512 1958337763202244066 1 7
3 10 11 7 5 4 8 

3289 16019916737303132980 1 7
3 10 0 11 4 7 6 

3260 639196875238095553 1 7
3 7 5 4 10 2 11 

3544 15894636123610246786 1 7
3 10 11 4 7 6 8 

3275 7846697873235722589 1 7
3 6 7 1 10 0 11 

3277 14835687591456932786 1 7
3 7 6 10 2 0 11 

3530 12124273580111250124 1 7
3 6 7 8 1 10 11 

3305 18321429659763354122 1 7
3 7 5 6 10 0 11 

3278 15963704169215974944 1 7
3 6 7 1 10 2 11 

3532 16078573802475829172 1 7
3 10 2 11 7 6 8 

3306 5396463777829042173 1 7
3 1 10 11 6 7 5 

3290 5101864677524330137 1 7
3 6 4 7 1 10 11 

3861 3808498269371408783 2 7
4 8 10 2 9 0 11 
8 4 10 2 9 0 11 

3560 4192311684547372363 1 7
3 10 11 7 5 8 6 

3292 11380775412152882666 1 7
3 10 2 11 4 7 6 

3859 9569586032855957465 2 7
4 8 10 9 1 11 0 
8 4 10 9 1 11 0 

3320 17335152202429944931 1 7
3 10 11 7 5 4 6 

3308 1981829492790980235 1 7
3 7 5 6 10 2 11 

3877 8806606548802868180 2 7
5 8 10 2 9 0 11 
8 5 10 2 9 0 11 

3889 9625970588857665138 1 7
8 5 4 9 10 11 0 

3921 13153383654911925652 1 7
8 4 6 9 10 11 0 

3875 1272649879964349948 2 7
5 8 10 9 1 11 0 
8 5 10 9 1 11 0 

3667 4077670891689167331 2 7
4 6 10 9 1 11 0 
6 4 10 9 1 11 0 

3862 6131481346230198890 2 7
4 8 10 2 9 1 11 
8 4 10 2 9 1 11 

3890 13748801364325369137 1 7
8 5 4 10 9 1 11 

3878 1124951517371764226 2 7
5 8 10 2 9 1 11 
8 5 10 2 9 1 11 

3892 10414521764715264322 1 7
8 5 4 10 2 9 11 

3922 18046815521921266522 1 7
8 4 6 10 9 1 11 

3907 4635549641876248088 2 7
6 8 10 9 1 11 0 
8 6 10 9 1 11 0 

3909 9230169296043784523 2 7
6 8 10 2 9 0 11 
8 6 10 2 9 0 11 

3924 6181476879528308773 1 7
8 4 6 10 2 9 11 

3697 12432093294137517475 2 7
4 6 5 9 10 11 0 
6 4 5 9 10 11 0 

3910 17550963363159722130 2 7
6 8 10 2 9 1 11 
8 6 10 2 9 1 11 

3937 9516781911203659168 1 7
8 5 6 9 10 11 0 

3669 4519043877009563294 2 7
4 6 10 2 9 0 11 
6 4 10 2 9 0 11 

3971 4173332493761529576 1 7
7 8 10 9 1 11 0 

3670 2305622037694905031 2 7
4 6 10 2 9 1 11 
6 4 10 2 9 1 11 

3700 2103053634345667462 2 7
4 6 5 10 2 9 11 
6 4 5 10 2 9 11 

3938 247706063843079221 1 7
8 5 6 10 9 1 11 

3940 10848412442721790126 1 7
8 5 6 10 2 9 11 

3952 15857167249265833143 1 7
9 10 11 8 5 4 6 

3719 16344185434338784972 1 7
7 10 2 9 1 11 0 

3973 284162946974726139 1 7
7 8 10 2 9 0 11 

3985 3749808531976514303 1 7
8 7 4 9 10 11 0 

3698 12680544209367128548 2 7
4 6 5 10 9 1 11 
6 4 5 10 9 1 11 

3986 10238728895271258861 1 7
8 7 4 10 9 1 11 

3974 16822521701525030105 1 7
7 8 10 2 9 1 11 

3731 14185280872436014559 1 7
7 4 10 9 1 11 0 

4002 16687020776518713827 1 7
7 5 8 10 9 1 11 

3733 5471505085206995690 1 7
7 4 10 2 9 0 11 

3734 1154146605630295407 1 7
7 4 10 2 9 1 11 

4001 9268511837714459960 1 7
7 5 8 9 10 11 0 

4004 10081478676392838726 1 7
7 5 8 10 2 9 11 

3988 13463297801541188347 1 7
8 7 4 10 2 9 11 

3747 14823032056684066610 1 7
7 5 10 9 1 11 0 

4016 11095091253179657731 1 7
9 10 11 7 5 8 4 

3749 15428733004955684937 1 7
7 5 10 2 9 0 11 

3779 4173332493761529576 1 7
7 6 10 9 1 11 0 

3761 6856848247165516985 1 7
7 5 4 9 10 11 0 

3750 17931491084315133500 1 7
7 5 10 2 9 1 11 

3762 5547631525908502267 1 7
7 5 4 10 9 1 11 

4036 6516501577083539106 2 7
7 6 8 10 2 9 11 
7 8 6 10 2 9 11 

3764 7073079187918690906 1 7
7 5 4 10 2 9 11 

3781 284162946974726139 1 7
7 6 10 2 9 0 11 

3793 4798239867589645532 1 7
7 6 4 9 10 11 0 

3809 11082114779732186555 1 7
7 5 6 9 10 11 0 

3782 16822521701525030105 1 7
7 6 10 2 9 1 11 

4033 9653341694757098760 2 7
7 6 8 9 10 11 0 
7 8 6 9 10 11 0 

4048 1384025588302840057 1 7
9 10 11 7 8 6 4 

3812 3974813621018542077 1 7
7 5 6 10 2 9 11 

3794 14379701458830536611 1 7
7 6 4 10 9 1 11 

3824 15219387890728346047 1 7
9 10 11 7 5 6 4 

3796 13806307622765313167 1 7
7 6 4 10 2 9 11 

4064 8887057162098681119 1 7
9 10 11 7 5 8 6 

3810 6788957887017131173 1 7
7 5 6 10 9 1 11 

4034 2044283768809867832 2 7
7 6 8 10 9 1 11 
7 8 6 10 9 1 11 

3851 7322545253637925616 2 7
3 8 10 9 1 11 0 
8 3 10 9 1 11 0 

3865 2554021067051941924 1 7
3 4 8 10 9 0 11 

3866 16280142219686805725 1 7
3 4 8 10 9 1 11 

3853 13366700539559260654 2 7
3 8 10 2 9 0 11 
8 3 10 2 9 0 11 

3882 1908947450762750058 1 7
3 5 8 10 9 11 1 

3629 14787744124764428640 2 7
3 5 10 2 9 11 0 
5 3 10 2 9 11 0 

3611 9920389755750853361 2 7
3 4 10 9 1 11 0 
4 3 10 9 1 11 0 

3854 11679460964513368652 2 7
3 8 10 2 9 1 11 
8 3 10 2 9 1 11 

3881 12737939282774701718 1 7
3 5 8 10 9 11 0 

3613 14260133105393284864 2 7
3 4 10 2 9 0 11 
4 3 10 2 9 0 11 

3868 14204115742344400087 1 7
3 4 8 10 2 9 11 

3641 5794013495098203503 1 7
3 4 5 10 9 11 0 

3627 9798473533501126243 2 7
3 5 10 9 11 1 0 
5 3 10 9 11 1 0 

3614 14313098894592198956 2 7
3 4 10 2 9 1 11 
4 3 10 2 9 1 11 

3630 7388592794055292362 2 7
3 5 10 2 9 11 1 
5 3 10 2 9 11 1 

3884 4025163647686800492 1 7
3 5 8 10 2 9 11 

3914 3764208641143310953 1 7
3 6 8 1 10 9 11 

3642 3481959978962226469 1 7
3 4 5 10 9 11 1 

3896 7960313981350615943 1 7
3 10 9 11 4 5 8 

3662 3001858656575190173 2 7
3 6 1 10 2 9 11 
6 3 1 10 2 9 11 

3913 10604953478208929727 1 7
3 6 8 10 9 0 11 

3928 9122649359662627400 1 7
3 10 9 11 4 6 8 

3644 11871540643082099709 1 7
3 4 5 10 2 9 11 

3659 510511497540443102 2 7
3 6 1 10 9 11 0 
6 3 1 10 9 11 0 

3673 17154705868500416385 1 7
3 4 6 10 9 0 11 

3916 7843295089683598567 1 7
3 6 8 10 2 9 11 

3661 1600549674130170968 2 7
3 6 10 2 9 0 11 
6 3 10 2 9 0 11 

3689 10319044651790705484 1 7
3 5 6 10 9 11 0 

3690 2822345652213204789 1 7
3 6 5 1 10 9 11 

3674 4018484690229088511 1 7
3 6 4 1 10 9 11 

3692 1363679009895017136 1 7
3 5 6 10 2 9 11 

3725 8049898025627336630 1 7
7 3 10 2 0 9 11 

3980 4767316529408896932 1 7
3 7 8 10 2 9 11 

3676 10219950716855366215 1 7
3 4 6 10 2 9 11 

3944 12199407926693658609 1 7
3 10 9 11 5 8 6 

3723 5723068078832992934 1 7
7 3 10 0 9 1 11 

3704 18091199662554344531 1 7
3 10 9 11 4 5 6 

3977 15623528618560714942 1 7
3 7 8 10 0 9 11 

3978 8709142780877437293 1 7
3 7 8 10 9 1 11 

3992 3384344643147781229 1 7
3 10 9 11 4 7 8 

3726 12845063569709675821 1 7
7 3 10 2 9 1 11 

3740 9921035082632294513 1 7
3 4 7 10 2 9 11 

3737 3450374875143353037 1 7
3 4 7 10 0 9 11 

3785 14225530318269087843 1 7
3 7 6 10 0 9 11 

3738 14481536281011602454 1 7
3 4 7 10 9 1 11 

3753 4982609999815976942 1 7
3 7 5 10 0 9 11 

3786 16996309411958595632 1 7
3 6 7 1 10 9 11 

3756 10051927511772618892 1 7
3 7 5 10 2 9 11 

3754 7749133374845757813 1 7
3 7 5 10 9 11 1 

4008 10316396675229752711 1 7
3 7 5 8 10 9 11 

3768 16100942902386358584 1 7
3 7 5 4 10 9 11 

3800 16553906145324458632 1 7
3 10 9 11 4 7 6 

4040 3117027572318967516 1 7
3 7 6 8 10 9 11 

4439 14611793443850518679 2 7
0 2 1 6 12 8 4 
2 0 1 6 12 8 4 

3788 16083724651523691930 1 7
3 7 6 10 2 9 11 

4519 6117903097638802621 2 7
0 2 1 7 5 8 12 
2 0 1 7 5 8 12 

4407 3606567029042228385 2 7
0 2 1 8 5 4 12 
2 0 1 8 5 4 12 

3816 15459132722448143812 1 7
3 7 5 6 10 9 11 

4469 8668282640431942453 2 7
0 2 6 12 8 5 4 
2 0 6 12 8 5 4 

4215 5766843016686310571 2 7
0 2 1 12 6 5 4 
2 0 1 12 6 5 4 

4279 15895673934042404691 2 7
0 2 1 7 5 12 4 
2 0 1 7 5 12 4 

4455 13546297054151588463 2 7
0 2 1 6 12 8 5 
2 0 1 6 12 8 5 

4503 13554852222982966393 2 7
0 2 1 7 8 12 4 
2 0 1 7 8 12 4 

4565 14466007621040652506 2 7
0 2 6 12 7 8 4 
2 0 6 12 7 8 4 

4533 3754752349350713982 2 7
0 2 7 5 8 12 4 
2 0 7 5 8 12 4 

4413 5868858566409393535 1 7
3 0 2 5 8 4 12 

4551 6760752373457734268 2 7
0 2 1 6 12 7 8 
2 0 1 6 12 7 8 

4411 10245325884009544204 1 7
3 0 1 5 8 4 12 

4399 10528919130463309510 1 7
3 5 8 12 0 2 1 

4383 13165926865061015120 4 7
3 2 0 1 4 8 12 
3 0 2 1 8 4 12 
3 4 8 12 2 0 1 
3 8 4 12 0 2 1 

4414 16411547530548419349 1 7
3 2 1 8 5 4 12 

4311 2268554958330302593 2 7
0 2 1 6 12 7 4 
2 0 1 6 12 7 4 

4581 1673025819798459251 2 7
0 2 6 12 7 5 8 
2 0 6 12 7 5 8 

4341 7059282640412854707 2 7
0 2 6 12 7 5 4 
2 0 6 12 7 5 4 

4191 5502330886099987453 1 7
3 6 12 4 1 0 2 

4327 14276164435839610384 2 7
0 2 1 6 12 7 5 
2 0 1 6 12 7 5 

4446 13132935970861761372 1 7
3 1 2 6 12 8 4 

4159 12291218072828813380 1 7
3 0 2 1 5 4 12 

4443 12662188973059559056 1 7
3 1 0 6 12 4 8 

4431 15240045902160347629 1 7
3 6 12 8 1 2 0 

4219 7235486187146440533 1 7
3 1 0 6 12 5 4 

4207 2564156222015262875 1 7
3 6 12 5 1 0 2 

4445 3805574913763174978 1 7
3 0 2 6 12 8 4 

4459 14358008390820616686 1 7
3 1 0 6 12 5 8 

4222 14558276472568465728 1 7
3 1 2 6 12 5 4 

4462 15345645720135950893 1 7
3 1 2 6 12 8 5 

4461 6533744550742320694 1 7
3 0 2 6 12 5 8 

4495 10563756190548532156 1 7
3 7 8 12 0 1 2 

4474 8943268890045076824 2 7
1 3 6 12 8 5 4 
3 1 6 12 8 5 4 

4255 8493469301591388543 1 7
3 7 12 4 0 1 2 

4221 1350464131541506790 1 7
3 0 2 6 12 5 4 

4473 3729382845481357863 2 7
0 3 6 12 5 8 4 
3 0 6 12 5 8 4 

4476 7266751547938254610 2 7
2 3 6 12 8 5 4 
3 2 6 12 8 5 4 

4507 210481260443069858 1 7
3 0 1 7 8 12 4 

4526 2436142368016948944 1 7
3 1 2 7 5 8 12 

4510 17131497544589339658 1 7
3 1 2 7 8 12 4 

4525 12246001915596472096 1 7
3 0 2 7 5 8 12 

4509 1246820941560164565 1 7
3 0 2 7 8 12 4 

4523 14566772908543713397 1 7
3 0 1 7 5 8 12 

4283 9842424508947924036 1 7
3 0 1 7 5 12 4 

4540 4024289443871829193 2 7
2 3 7 5 8 12 4 
3 2 7 5 8 12 4 

4555 11794054484149094173 1 7
3 1 0 6 12 7 8 

4271 11723229241811427596 1 7
3 7 5 12 0 1 2 

4537 14053035701073098960 2 7
0 3 7 5 8 12 4 
3 0 7 5 8 12 4 

4538 7158244025408440370 2 7
1 3 7 5 8 12 4 
3 1 7 5 8 12 4 

4286 14340795758074883766 1 7
3 1 2 7 5 12 4 

4285 17895164417195007566 1 7
3 0 2 7 5 12 4 

4569 239266640256338101 2 7
0 3 6 12 7 8 4 
3 0 6 12 7 8 4 

4557 15036918645793035231 1 7
3 0 2 6 12 7 8 

4315 16908165331557366256 1 7
3 1 0 6 12 7 4 

4331 3505628695755692040 1 7
3 1 0 6 12 7 5 

4303 18347441468105501455 1 7
3 6 12 7 1 0 2 

4558 13296108474183287395 1 7
3 1 2 6 12 7 8 

4318 10439760378122790128 1 7
3 1 2 6 12 7 4 

4570 2683621541697032633 2 7
1 3 6 12 7 8 4 
3 1 6 12 7 8 4 

4588 6191662923970225374 2 7
2 3 6 12 7 5 8 
3 2 6 12 7 5 8 

4317 6959029185937398627 1 7
3 0 2 6 12 7 4 

4333 13717754963822058919 1 7
3 0 2 6 12 7 5 

4572 13606683896735149120 2 7
2 3 6 12 7 8 4 
3 2 6 12 7 8 4 

4585 10376905762832438122 2 7
0 3 6 12 7 5 8 
3 0 6 12 7 5 8 

4334 17145503181121422235 1 7
3 1 2 6 12 7 5 

4887 14058043866424354247 2 7
4 8 12 2 0 9 1 
8 4 12 2 0 9 1 

4586 7284306857966471828 2 7
1 3 6 12 7 5 8 
3 1 6 12 7 5 8 

4915 3036338852561515364 2 7
1 9 0 8 5 4 12 
9 1 0 8 5 4 12 

4345 1152636816743027967 2 7
0 3 6 12 7 5 4 
3 0 6 12 7 5 4 

4903 13289899139645855229 1 7
5 8 12 2 0 9 1 

4935 859478250172184276 1 7
6 12 8 2 0 9 1 

4346 1456713209374287783 2 7
1 3 6 12 7 5 4 
3 1 6 12 7 5 4 

4917 5932765181232408455 1 7
2 0 9 8 5 4 12 

4949 7151855167665243775 1 7
2 0 9 6 12 8 4 

4348 3709010293806047935 2 7
2 3 6 12 7 5 4 
3 2 6 12 7 5 4 

4918 13603098951840275329 1 7
9 2 1 8 5 4 12 

4663 423515211137324839 2 7
5 12 4 2 0 9 1 
12 5 4 2 0 9 1 

4963 10894031212285058545 2 7
1 9 0 6 12 8 5 
9 1 0 6 12 8 5 

4695 7713859517588570165 1 7
6 12 4 2 0 9 1 

4966 8194983667310381388 1 7
9 2 1 6 12 8 5 

4950 18367839238564929164 1 7
9 2 1 6 12 8 4 

4947 18395122220334279564 2 7
1 9 0 6 12 8 4 
9 1 0 6 12 8 4 

4711 17958809531272102716 1 7
12 6 5 2 0 9 1 

4980 7487898925763575286 2 7
2 9 6 12 8 5 4 
9 2 6 12 8 5 4 

4965 18242447771004793154 1 7
2 0 9 6 12 8 5 

4999 16801664148453074112 1 7
7 8 12 2 0 9 1 

4725 8105130237164658863 1 7
2 0 9 12 6 5 4 

4723 11532877091893554361 2 7
1 9 0 12 6 5 4 
9 1 0 12 6 5 4 

5014 4720810091407919401 1 7
9 2 1 7 8 12 4 

4978 9697964765806538199 2 7
1 9 6 12 8 5 4 
9 1 6 12 8 5 4 

4726 17419915941616043411 1 7
9 2 1 12 6 5 4 

5029 4538463892102299883 1 7
2 0 9 7 5 8 12 

4787 11924587274042519498 2 7
1 9 0 7 5 12 4 
9 1 0 7 5 12 4 

5013 7467038756397132230 1 7
2 0 9 7 8 12 4 

4759 10535977827895167348 1 7
7 12 4 2 0 9 1 

5011 7603226351434381004 2 7
1 9 0 7 8 12 4 
9 1 0 7 8 12 4 

4775 5606715335731700149 1 7
7 5 12 2 0 9 1 

5044 719963773738457486 2 7
2 9 7 5 8 12 4 
9 2 7 5 8 12 4 

4790 14122606851365505835 1 7
9 2 1 7 5 12 4 

5030 6726407618178358559 1 7
9 2 1 7 5 8 12 

5027 8946789713665686449 2 7
1 9 0 7 5 8 12 
9 1 0 7 5 8 12 

4789 2492332144785691390 1 7
2 0 9 7 5 12 4 

5042 2697831081639145909 2 7
1 9 7 5 8 12 4 
9 1 7 5 8 12 4 

5074 8340559043199735043 2 7
1 9 6 12 7 8 4 
9 1 6 12 7 8 4 

4819 7905548090838363228 2 7
1 9 0 6 12 7 4 
9 1 0 6 12 7 4 

5061 15392171040563412322 1 7
2 0 9 6 12 7 8 

4807 15052548658785987163 1 7
6 12 7 2 0 9 1 

5062 300487441649922286 1 7
9 2 1 6 12 7 8 

5059 13780190750573790042 2 7
1 9 0 6 12 7 8 
9 1 0 6 12 7 8 

4821 16127224303240534661 1 7
2 0 9 6 12 7 4 

4837 17186184480188883616 1 7
2 0 9 6 12 7 5 

5090 10823449372268047732 2 7
1 9 6 12 7 5 8 
9 1 6 12 7 5 8 

4822 1333230372719249081 1 7
9 2 1 6 12 7 4 

5076 14447186090216537144 2 7
2 9 6 12 7 8 4 
9 2 6 12 7 8 4 

4891 4259192457181045471 1 7
3 4 8 12 0 9 1 

4893 11996510317297542510 1 7
3 2 0 9 4 8 12 

4879 11731369929987958770 1 7
3 8 12 2 0 9 1 

4835 3365552238824154591 2 7
1 9 0 6 12 7 5 
9 1 0 6 12 7 5 

4838 16833916628730305433 1 7
9 2 1 6 12 7 5 

5092 7003813022714606575 2 7
2 9 6 12 7 5 8 
9 2 6 12 7 5 8 

4850 17268633465701108505 2 7
1 9 6 12 7 5 4 
9 1 6 12 7 5 4 

4907 7050735756379491804 1 7
3 5 8 12 0 9 1 

4909 16733683615295344302 1 7
3 5 8 12 0 2 9 

4852 2053363449252199975 2 7
2 9 6 12 7 5 4 
9 2 6 12 7 5 4 

4639 3245975830592962508 1 7
3 4 12 0 2 9 1 

4894 12444878794920440835 1 7
3 8 4 12 2 9 1 

4921 10447946441525390289 1 7
3 0 9 5 8 4 12 

4924 5084543533929926923 1 7
3 9 2 8 5 4 12 

4669 14650219046419319666 1 7
3 0 2 9 5 4 12 

4655 13633567629439689819 1 7
3 5 12 0 2 9 1 

4667 17754371700468347212 1 7
3 5 4 12 0 9 1 

4922 16089159512780613001 1 7
3 9 1 8 5 4 12 

4910 30295449597050689 1 7
3 5 8 12 2 9 1 

4670 6455519380602238690 1 7
3 9 2 1 5 4 12 

4942 6632647548380808352 1 7
3 6 12 8 1 2 9 

4939 14754851346451538735 1 7
3 6 12 8 1 0 9 

4953 2153923120041437682 1 7
3 0 9 6 12 4 8 

4941 8140064484122363065 1 7
3 6 12 8 2 0 9 

4687 12900676687372452320 1 7
3 6 12 1 2 0 9 

4969 13620862363219067836 1 7
3 0 9 6 12 5 8 

4699 16796896407363903529 1 7
3 6 12 4 1 0 9 

4970 16434552531728438940 1 7
3 1 9 6 12 5 8 

4954 10898840136694318709 1 7
3 1 9 6 12 4 8 

4956 1534825905472899813 1 7
3 2 9 6 12 8 4 

4701 2725832223503607322 1 7
3 6 12 4 0 2 9 

4718 15409212646497623274 1 7
3 6 12 5 1 9 2 

4715 13785428534714132594 1 7
3 6 12 5 1 0 9 

4702 7790725005684115519 1 7
3 6 12 4 1 9 2 

4984 1291072579744669033 2 7
3 9 6 12 8 5 4 
9 3 6 12 8 5 4 

5005 12211783542402487675 1 7
3 7 8 12 0 9 2 

4729 9275463421960999604 1 7
3 0 9 6 12 5 4 

4972 5196852046000705353 1 7
3 9 2 6 12 8 5 

4717 14682185366782156613 1 7
3 6 12 5 0 2 9 

4730 10443502353300273897 1 7
3 1 9 6 12 5 4 

4732 6806499988082513887 1 7
3 9 2 12 6 5 4 

4763 2378060874749650561 1 7
3 7 12 4 0 9 1 

5003 18319904871833365844 1 7
3 7 8 12 0 9 1 

5017 11983399872992281099 1 7
3 0 9 7 8 12 4 

4751 13829891803580260089 1 7
3 7 12 0 9 1 2 

4779 13029000587885345892 1 7
3 7 5 12 0 9 1 

5006 8051376411662992727 1 7
3 7 8 12 9 1 2 

5018 11942547884514707629 1 7
3 9 1 7 8 12 4 

4781 8260228807142094522 1 7
3 7 5 12 0 9 2 

5033 8214916873785566299 1 7
3 0 9 7 5 8 12 

4765 15322246497240457998 1 7
3 7 12 4 0 9 2 

5020 10555750512846759245 1 7
3 9 2 7 8 12 4 

4766 30247545772564787 1 7
3 7 12 4 9 1 2 

4782 16378211000436469862 1 7
3 7 5 12 9 1 2 

5034 17881664653596650031 1 7
3 9 1 7 5 8 12 

4794 1669671447951271565 1 7
3 9 1 7 5 12 4 

4813 15009333325151056635 1 7
3 6 12 7 0 9 2 

4793 14054120887107115885 1 7
3 0 9 7 5 12 4 

5036 16891502729646886237 1 7
3 9 2 7 5 8 12 

5048 178052197310665883 2 7
3 9 7 5 8 12 4 
9 3 7 5 8 12 4 

5065 5839977617818493203 1 7
3 0 9 6 12 7 8 

4796 7657493801085289540 1 7
3 9 2 7 5 12 4 

4825 17625726924602503929 1 7
3 0 9 6 12 7 4 

5066 7523841991072324807 1 7
3 1 9 6 12 7 8 

4811 8829480794262504444 1 7
3 6 12 7 1 0 9 

4814 14152099306266464003 1 7
3 6 12 7 1 9 2 

5068 2598707941116063624 1 7
3 9 2 6 12 7 8 

4842 6747618110350118740 1 7
3 1 9 6 12 7 5 

4826 3950741081353922261 1 7
3 1 9 6 12 7 4 

5399 16384496584660414693 2 7
4 8 12 10 2 1 0 
8 4 12 10 2 1 0 

5080 3588209722667867069 2 7
3 9 6 12 7 8 4 
9 3 6 12 7 8 4 

5427 9192976101183642106 2 7
1 10 0 8 5 4 12 
10 1 0 8 5 4 12 

5415 12833901890897220524 1 7
5 8 12 10 2 1 0 

4828 11128246927312488051 1 7
3 9 2 6 12 7 4 

4841 313906533078347056 1 7
3 0 9 6 12 7 5 

4844 16753282060453477443 1 7
3 9 2 6 12 7 5 

5096 15751065454711122738 2 7
3 9 6 12 7 5 8 
9 3 6 12 7 5 8 

5175 2461442900564541334 2 7
5 12 4 10 2 1 0 
12 5 4 10 2 1 0 

4856 2348127405169671680 2 7
3 9 6 12 7 5 4 
9 3 6 12 7 5 4 

5429 11680217067892766009 1 7
2 10 0 8 5 4 12 

5477 9225746782327743254 1 7
2 10 0 6 12 8 5 

5447 10955916928773048502 1 7
6 12 8 10 2 1 0 

5207 14822314649322237310 1 7
6 12 4 10 2 1 0 

5461 8686755441002988093 1 7
2 10 0 6 12 8 4 

5237 6413773387428259725 1 7
2 10 0 12 6 5 4 

5223 9185446738134827747 1 7
12 6 5 10 2 1 0 

5459 16551304519086406057 2 7
1 10 0 6 12 8 4 
10 1 0 6 12 8 4 

5490 5350853070543723775 2 7
1 10 6 12 8 5 4 
10 1 6 12 8 5 4 

5475 13094728187892579646 2 7
1 10 0 6 12 8 5 
10 1 0 6 12 8 5 

5235 14307312232874228079 2 7
1 10 0 12 6 5 4 
10 1 0 12 6 5 4 

5525 6589312034410595226 1 7
2 10 0 7 8 12 4 

5539 9534139244538508004 2 7
1 10 0 7 5 8 12 
10 1 0 7 5 8 12 

5511 12672327304725997975 1 7
7 8 12 10 2 1 0 

5271 4948011104280606031 1 7
7 12 4 10 2 1 0 

5523 10040373844331859836 2 7
1 10 0 7 8 12 4 
10 1 0 7 8 12 4 

5299 16145549378167248249 2 7
1 10 0 7 5 12 4 
10 1 0 7 5 12 4 

5541 15919634566849376784 1 7
2 10 0 7 5 8 12 

5287 4464788227820066501 1 7
7 5 12 10 2 1 0 

5573 3039663426483070175 1 7
2 10 0 6 12 7 8 

5301 5112514477990924979 1 7
2 10 0 7 5 12 4 

5554 12498165192021536670 2 7
1 10 7 5 8 12 4 
10 1 7 5 8 12 4 

5333 335450875571843822 1 7
2 10 0 6 12 7 4 

5319 2754609215090393439 1 7
6 12 7 10 2 1 0 

5571 9651515157216224234 2 7
1 10 0 6 12 7 8 
10 1 0 6 12 7 8 

5331 288379216309769693 2 7
1 10 0 6 12 7 4 
10 1 0 6 12 7 4 

5349 14836767525881396346 1 7
2 10 0 6 12 7 5 

5586 988620639974037287 2 7
1 10 6 12 7 8 4 
10 1 6 12 7 8 4 

5362 3373923763595972088 2 7
1 10 6 12 7 5 4 
10 1 6 12 7 5 4 

5347 17810343326007365826 2 7
1 10 0 6 12 7 5 
10 1 0 6 12 7 5 

5391 11664672116052771252 1 7
3 12 8 10 2 1 0 

5602 11589091630733511299 2 7
1 10 6 12 7 5 8 
10 1 6 12 7 5 8 

5350 4310299280251330835 1 7
10 2 1 6 12 7 5 

5151 1794051717814458869 1 7
3 4 12 10 2 1 0 

5604 9130711385693772157 2 7
2 10 6 12 7 5 8 
10 2 6 12 7 5 8 

5167 2776356489953546579 1 7
3 5 12 10 2 0 1 

5199 12529851826908899701 1 7
3 6 12 1 10 2 0 

5263 4694105972275383117 1 7
3 7 12 10 2 0 1 

5353 3116059702832110505 1 7
3 10 0 6 12 7 5 

5608 11088972008349527286 2 7
3 10 6 12 7 5 8 
10 3 6 12 7 5 8 

5354 16659756853188583133 1 7
3 1 10 6 12 7 5 

6000 13734467897859051451 2 7
9 10 6 12 8 5 4 
10 9 6 12 8 5 4 

6064 8746382175760450046 2 7
9 10 7 5 8 12 4 
10 9 7 5 8 12 4 

6112 10602462030691178655 2 7
9 10 6 12 7 5 8 
10 9 6 12 7 5 8 

6096 17780597647429755986 2 7
9 10 6 12 7 8 4 
10 9 6 12 7 8 4 

5872 371500291164500021 2 7
9 10 6 12 7 5 4 
10 9 6 12 7 5 4 

5858 4644290540862474268 1 7
10 9 1 6 12 7 5 

5857 7556910685682684140 2 7
9 10 0 6 12 7 5 
10 9 0 6 12 7 5 

5647 11581857600502335264 2 7
3 12 10 2 9 1 0 
12 3 10 2 9 1 0 

5860 5637780406655899057 1 7
10 2 9 6 12 7 5 

5864 4157996652998666282 1 7
3 10 9 6 12 7 5 

6486 15262664797513606066 1 7
11 1 2 6 12 8 4 

1399 8204168384655435532 1 8
10 2 1 0 8 5 4 6 

6550 14736708189077402975 1 7
11 1 2 7 8 12 4 

1463 4004274002540154584 1 8
7 5 8 4 10 2 1 0 

6612 7204802871219830456 2 7
2 11 6 12 7 8 4 
11 2 6 12 7 8 4 

1525 9352602526249140725 1 8
2 10 0 7 5 8 6 4 

6598 9490477355362614589 1 7
11 1 2 6 12 7 8 

1511 6908074354435612719 1 8
7 5 8 6 10 2 1 0 

6371 3379456567202766341 1 7
11 1 0 6 12 7 5 

6373 458667236825011673 1 7
2 0 11 6 12 7 5 

6610 13840418228154201318 2 7
1 11 6 12 7 8 4 
11 1 6 12 7 8 4 

1523 13972717299224478022 2 8
1 10 0 7 5 8 6 4 
10 1 0 7 5 8 6 4 

6358 10412221580508996537 1 7
11 1 2 6 12 7 4 

1271 12446937935442710949 1 8
7 5 6 4 10 2 1 0 

6415 13862738757468684368 1 7
3 12 8 11 1 2 0 

6625 4509792901188567365 2 7
0 11 6 12 7 5 8 
11 0 6 12 7 5 8 

6175 17362795483091132101 1 7
3 12 4 11 1 0 2 

6626 9677467962353867993 2 7
1 11 6 12 7 5 8 
11 1 6 12 7 5 8 

6374 13729529713999356716 1 7
11 1 2 6 12 7 5 

6628 8380815359485384095 2 7
2 11 6 12 7 5 8 
11 2 6 12 7 5 8 

6430 2347371952854838386 1 7
3 11 1 2 12 8 4 

1343 9200455169653650530 1 8
3 4 5 8 10 2 0 1 

6191 17025332091750863606 1 7
3 12 5 11 1 0 2 

6223 2728637622150306266 1 7
3 6 12 1 11 0 2 

6478 15487033454959985787 1 7
3 6 12 8 1 11 2 

1391 4972446571405687146 1 8
3 6 5 8 1 10 2 0 

6238 15860840979335731956 1 7
3 6 12 4 1 11 2 

1151 7880216022813716485 1 8
3 6 4 5 1 10 2 0 

6490 17832651755778272624 1 7
3 1 11 6 12 8 4 

1403 15249940074501992265 1 8
3 1 10 0 6 4 5 8 

6492 10853920958815859790 1 7
3 11 2 12 6 8 4 

1405 18224385408277212464 1 8
3 10 2 0 4 5 8 6 

6542 5532595789340309482 1 7
3 7 8 12 11 1 2 

1455 7997779978841884599 1 8
3 7 5 8 10 2 0 1 

6287 6787967970735016335 1 7
3 7 12 0 11 1 2 

6554 13385409642213396605 1 7
3 11 1 7 8 12 4 

1467 5888925168139192126 1 8
3 10 0 1 7 5 4 8 

6556 13606947772726169346 1 7
3 11 2 7 8 12 4 

1469 14590511909208012807 1 8
3 10 2 0 7 5 4 8 

6302 2588333972644654615 1 7
3 11 1 2 12 7 4 

1215 9191581090308099063 1 8
3 7 5 4 10 2 0 1 

6350 18068660310628354802 1 7
3 6 12 7 1 11 2 

1263 1090483188116473478 1 8
3 6 7 5 1 10 2 0 

6602 324005427514284376 1 7
3 1 11 6 12 7 8 

1515 14858018953712976829 1 8
3 1 10 0 6 7 5 8 

6604 15987561693567427752 1 7
3 11 2 6 12 7 8 

1517 5268880096384104579 1 8
3 10 2 0 7 5 8 6 

6632 3389404918828912077 2 7
3 11 6 12 7 5 8 
11 3 6 12 7 5 8 

6362 6091408270200512366 1 7
3 1 11 6 12 7 4 

1275 10194687780454308975 1 8
3 1 10 0 6 7 5 4 

6364 3719976190865584541 1 7
3 11 2 6 12 7 4 

1277 9050367261488117603 1 8
3 10 2 0 7 5 4 6 

6616 16762239176352365008 2 7
3 11 6 12 7 8 4 
11 3 6 12 7 8 4 

1529 1431568973154827348 1 8
3 10 0 7 5 4 8 6 

6934 3940411593641188136 2 7
4 8 12 11 1 9 2 
8 4 12 11 1 9 2 

1847 8794638997059257892 1 8
8 5 4 10 2 9 1 0 

6982 350850898712601682 1 7
6 12 8 11 1 9 2 

1895 5812068175991536366 1 8
8 5 6 10 2 9 1 0 

6994 6951012502823268023 1 7
11 1 9 6 12 8 4 

1907 2476748063625401698 1 8
10 9 1 0 8 5 4 6 

6742 7028197071862357209 1 7
6 12 4 11 1 9 2 

1655 14564215874842745076 2 8
4 6 5 10 2 9 1 0 
6 4 5 10 2 9 1 0 

6996 1910613914969316501 1 7
9 2 11 6 12 8 4 

1909 17762642958670934001 1 8
10 2 9 0 8 5 4 6 

7046 17601505813403380533 1 7
7 8 12 11 1 9 2 

1959 13586040985508526748 1 8
7 5 8 10 2 9 1 0 

7060 15947701483858480290 1 7
9 2 11 7 8 12 4 

1973 12681473950505553642 1 8
7 5 8 4 10 2 9 0 

7058 8267950439490476451 1 7
11 1 9 7 8 12 4 

1971 10994244483396931303 1 8
7 5 8 4 10 9 1 0 

6806 16710448214128316963 1 7
7 12 4 11 1 9 2 

1719 18349981127356039420 1 8
7 5 4 10 2 9 1 0 

7106 2592743816242253097 1 7
11 1 9 6 12 7 8 

2019 8056252699750111784 1 8
7 5 8 6 10 9 1 0 

7108 4774233191483061116 1 7
9 2 11 6 12 7 8 

2021 14018438694973940348 1 8
7 5 8 6 10 2 9 0 

6854 9955131000530057162 1 7
6 12 7 11 1 9 2 

1767 8319210796080074743 1 8
7 5 6 10 2 9 1 0 

6884 16451463836457293284 1 7
9 2 11 6 12 7 5 

7136 10597443194976888188 2 7
9 11 6 12 7 5 8 
11 9 6 12 7 5 8 

6866 5864060437184748435 1 7
11 1 9 6 12 7 4 

1779 11942065899195623419 1 8
7 5 6 4 10 9 1 0 

6868 717497851408092834 1 7
9 2 11 6 12 7 4 

1781 6971043159365328887 1 8
7 5 6 4 10 2 9 0 

7120 8371278271248108109 2 7
9 11 6 12 7 8 4 
11 9 6 12 7 8 4 

2033 14727878964912823926 2 8
9 10 0 7 5 8 6 4 
10 9 0 7 5 8 6 4 

6926 7660407489080173848 1 7
3 12 8 11 1 2 9 

1839 1686415781819969968 1 8
3 5 8 10 2 9 0 1 

6882 6800906906538027898 1 7
11 1 9 6 12 7 5 

6881 10355192452369010788 1 7
11 9 0 6 12 7 5 

6671 15883049689424244696 2 7
3 12 11 1 2 0 9 
12 3 11 1 2 0 9 

6686 6327055358211568963 1 7
3 12 4 11 1 9 2 

1599 8197586969266154712 1 8
3 4 5 10 2 9 0 1 

6938 4219611791556594319 1 7
3 11 1 9 12 4 8 

1851 6725562636426819327 1 8
3 4 5 8 10 9 0 1 

6940 2380693082338010689 1 7
3 11 2 9 12 8 4 

1853 16039029694448133918 1 8
3 4 5 8 10 2 9 0 

7000 9354630678252736369 1 7
3 11 9 12 6 4 8 

1913 2545316140456885938 1 8
3 10 9 0 4 5 8 6 

6986 14095842842817867996 1 7
3 6 12 8 1 11 9 

1899 12937121922539826286 1 8
3 6 5 8 1 10 9 0 

6988 13391911213635934121 1 7
3 12 6 8 11 2 9 

1901 2104262410669899736 1 8
3 5 8 6 10 2 9 0 

6748 15780404112385932535 1 7
3 12 6 4 11 9 2 

1661 7632916907285699139 1 8
3 4 5 6 10 2 9 0 

6734 3651385232677109779 1 7
3 6 12 1 11 9 2 

1647 398463563981444243 1 8
3 6 5 1 10 2 9 0 

6746 16415906144497115177 1 7
3 6 12 4 1 11 9 

1659 10363246984019768204 1 8
3 6 4 5 1 10 9 0 

7050 15648284397054636280 1 7
3 7 8 12 9 11 1 

1963 12284830861665619831 1 8
3 7 5 8 10 0 9 1 

6812 14979781305967401344 1 7
3 7 12 4 9 11 2 

1725 14223036396663775325 1 8
3 7 5 4 10 2 0 9 

7052 9537017771442044664 1 7
3 7 8 12 9 11 2 

1965 775478603029798570 1 8
3 7 5 8 10 2 0 9 

6798 4760242510030538238 1 7
3 7 12 9 11 1 2 

1711 7029002829683270476 1 8
3 7 5 10 2 0 9 1 

7064 15442762576216631483 1 7
3 9 11 7 8 12 4 

1977 15981424838626204455 1 8
3 10 0 9 7 5 4 8 

6810 1708411131622084035 1 7
3 7 12 4 9 11 1 

1723 5662627844811143812 1 8
3 7 5 4 10 0 9 1 

6860 12953178947623125362 1 7
3 6 12 7 9 11 2 

1773 14898726155614540472 1 8
3 7 5 6 10 2 0 9 

7112 12252457392134808401 1 7
3 9 11 6 12 7 8 

2025 7719062562153533997 1 8
3 10 0 9 7 5 8 6 

6872 16674089152016935629 1 7
3 9 11 6 12 7 4 

1785 8921906384663062282 1 8
3 10 0 9 7 5 4 6 

6858 3747505828899486167 1 7
3 6 12 7 1 9 11 

1771 7166230110719464414 1 8
3 6 7 5 1 10 0 9 

7394 8696555142123621477 1 7
1 11 10 6 12 7 5 

7393 15288380983667800061 1 7
11 0 10 6 12 7 5 

7396 16623185908045614138 1 7
2 10 11 6 12 7 5 

7648 1772287043179141561 2 7
10 11 6 12 7 5 8 
11 10 6 12 7 5 8 

7183 17839378072684256419 2 7
3 12 10 2 11 1 0 
12 3 10 2 11 1 0 

7718 4112402569335806574 2 7
5 12 10 2 9 1 11 
12 5 10 2 9 1 11 

7715 6166901573654707536 2 7
5 12 10 9 1 11 0 
12 5 10 9 1 11 0 

7717 10760880834727260044 2 7
5 12 10 2 9 0 11 
12 5 10 2 9 0 11 

7749 5754154782683795571 2 7
6 12 10 2 9 0 11 
12 6 10 2 9 0 11 

7747 7484753939673722871 2 7
6 12 10 9 1 11 0 
12 6 10 9 1 11 0 

7750 2092888636958011606 2 7
6 12 10 2 9 1 11 
12 6 10 2 9 1 11 

7904 5375131434017497570 1 7
9 10 11 6 12 7 5 

383 5421812276989007416 1 8
3 1 0 2 6 5 8 4 

5470 17350174556120733454 1 8
3 1 10 2 6 12 4 8 

503 16701847715941762404 2 8
0 2 1 7 5 8 6 4 
2 0 1 7 5 8 6 4 

5590 11913522105438819270 1 8
10 2 1 6 12 7 8 4 

951 15017431257963032883 1 8
7 5 8 4 2 0 9 1 

507 7502569200263880012 1 8
3 1 0 6 7 5 8 4 

510 8599211202617687277 1 8
3 1 2 6 7 5 8 4 

255 11723002020867764336 1 8
3 1 0 2 6 7 5 4 

447 4098455756140784748 1 8
3 0 1 2 7 5 8 4 

983 11409611082066931420 1 8
7 8 6 4 2 0 9 1 

999 483935603818783033 1 8
7 5 8 6 2 0 9 1 

887 188188438155547292 1 8
8 5 4 6 2 0 9 1 

495 9068559416413980412 1 8
3 1 0 2 6 7 5 8 

509 3691789295089535379 1 8
3 0 2 7 5 8 6 4 

479 3332061539114407677 1 8
3 1 0 2 6 7 8 4 

831 2514105955142661327 1 8
3 5 8 4 0 2 9 1 

863 6342117302186212936 1 8
3 6 4 8 1 2 0 9 

894 16991356801238804016 1 8
3 1 9 2 6 8 5 4 

759 17445336012386692358 1 8
7 5 6 4 2 0 9 1 

1013 8519647456284759840 1 8
2 0 9 7 5 8 6 4 

1014 15385388221793585452 1 8
9 2 1 7 5 8 6 4 

891 12841110125947201073 1 8
3 1 0 9 6 5 8 4 

927 6483641825244740581 1 8
3 7 8 4 0 9 1 2 

879 13604809110164375924 1 8
3 6 5 8 1 0 2 9 

639 12178145577226538995 1 8
3 6 5 4 1 0 2 9 

893 12643360760534648676 1 8
3 0 2 9 5 8 4 6 

943 12741362815640344621 1 8
3 7 5 8 0 9 1 2 

1011 413482818092819630 2 8
1 9 0 7 5 8 6 4 
9 1 0 7 5 8 6 4 

975 2903071791401533667 1 8
3 6 7 8 1 0 9 2 

990 3288201131193576610 1 8
3 1 9 2 6 7 8 4 

955 15897138766837080914 1 8
3 0 9 1 7 5 8 4 

703 13549605943565121648 1 8
3 7 5 4 0 9 1 2 

1005 13799580208052335856 1 8
3 0 9 2 7 5 8 6 

957 16808930699190437193 1 8
3 0 9 2 7 5 8 4 

987 10052458017057033157 1 8
3 1 0 9 6 7 8 4 

958 1792797734254837046 1 8
3 9 1 2 7 5 8 4 

751 13948271029792160045 1 8
3 6 7 5 1 0 9 2 

735 4819079333160207948 1 8
3 6 7 4 1 0 9 2 

763 17685550249319342766 1 8
3 1 0 9 6 7 5 4 

1003 10131020600008323731 1 8
3 1 0 9 6 7 5 8 

989 10947058548274261942 1 8
3 0 9 2 7 8 6 4 

766 3984631688931807944 1 8
3 1 9 2 6 7 5 4 

1017 18084825332421630588 1 8
3 0 9 7 5 8 6 4 

1020 9521509403182002979 1 8
3 9 2 7 5 8 6 4 

1006 6910503415262769062 1 8
3 1 9 2 6 7 5 8 

1018 5862507731370249671 1 8
3 1 9 6 7 5 8 4 

765 2736611733810822124 1 8
3 0 9 2 7 5 6 4 

1526 2365482540821497609 1 8
10 2 1 7 5 8 6 4 

1495 13827340988155177667 1 8
10 2 1 0 7 8 6 4 

1406 3861882108810620779 1 8
3 1 10 2 6 4 5 8 

1375 15891926580120115800 1 8
3 6 4 8 1 10 2 0 

1439 15532586310085814438 1 8
3 4 7 8 10 2 0 1 

1487 16380809981340610674 1 8
3 6 7 8 1 10 2 0 

1502 8609105381706663577 1 8
3 1 10 2 6 4 7 8 

1470 7794049121421417093 1 8
3 10 2 1 7 5 4 8 

1499 7618078252876661221 1 8
3 1 10 0 6 4 7 8 

1247 15215696464968815801 1 8
3 6 4 7 1 10 2 0 

1518 13523643723993696979 1 8
3 1 10 2 6 7 5 8 

1501 15318617734094109387 1 8
3 10 2 0 4 7 6 8 

1530 11699508383031112428 1 8
3 1 10 6 7 5 4 8 

1532 127233610170117616 1 8
3 10 2 7 5 4 8 6 

1278 16646644925020511605 1 8
3 1 10 2 6 7 5 4 

1910 11735826425232978820 1 8
10 2 9 1 8 5 4 6 

1879 3928477522286074202 1 8
8 4 6 10 2 9 1 0 

2005 12777678896139928294 1 8
10 2 9 0 7 8 6 4 

1943 14943106146249446287 1 8
8 7 4 10 2 9 1 0 

1991 13173494701651021622 2 8
7 6 8 10 2 9 1 0 
7 8 6 10 2 9 1 0 

2003 3515627439787498973 1 8
7 8 6 4 10 9 1 0 

1974 15844843547910079177 1 8
7 5 8 4 10 2 9 1 

2006 15825110581490730814 1 8
10 2 9 1 7 8 6 4 

1751 95229044694448859 1 8
7 6 4 10 2 9 1 0 

2036 13204394541112810695 1 8
10 2 9 7 5 8 6 4 

1782 8426242616939337392 1 8
7 5 6 4 10 2 9 1 

2022 5600299186565082418 1 8
7 5 8 6 10 2 9 1 

2034 13970211009053652851 1 8
10 9 1 7 5 8 6 4 

1823 4413071483181645916 1 8
3 4 8 10 2 9 1 0 

1871 16118450459556283060 1 8
3 6 8 1 10 2 9 0 

1886 12682967176690709598 1 8
3 6 4 8 1 10 2 9 

1854 18002684437318271552 1 8
3 4 5 8 10 2 9 1 

1883 3461737754782170231 1 8
3 6 4 8 1 10 9 0 

1631 1606438862904282934 1 8
3 6 4 1 10 2 9 0 

1914 8072524799228190235 1 8
3 1 10 9 6 4 5 8 

1885 892301352847324518 1 8
3 4 6 8 10 2 9 0 

1935 11718241380247692378 1 8
3 7 8 10 2 0 9 1 

1947 308089437157044899 1 8
3 4 7 8 10 0 9 1 

1902 351738878984295058 1 8
3 6 5 8 1 10 2 9 

1662 16130234575098398361 1 8
3 6 4 5 1 10 2 9 

1916 16854888783719978226 1 8
3 10 2 9 4 5 8 6 

1695 4323278897246774720 1 8
3 4 7 10 2 0 9 1 

1949 8289381008099613314 1 8
3 4 7 8 10 2 0 9 

1950 6558626900893894476 1 8
3 4 7 8 10 2 9 1 

1978 12587728956837343487 1 8
3 10 9 1 7 5 4 8 

1966 4607855692589994462 1 8
3 7 5 8 10 2 9 1 

1997 17595169956687010938 1 8
3 7 6 8 10 2 0 9 

1998 14248821214771130788 1 8
3 6 7 8 1 10 2 9 

1980 13075528698276604658 1 8
3 10 2 9 7 5 4 8 

1726 11291814885161144943 1 8
3 7 5 4 10 2 9 1 

1757 7457256070235381259 1 8
3 4 7 6 10 2 0 9 

1995 4695763529840486832 1 8
3 6 7 8 1 10 0 9 

1743 8699189561671561331 1 8
3 6 7 1 10 2 0 9 

1758 17094036360663693429 1 8
3 6 4 7 1 10 2 9 

2009 10227425728097507437 1 8
3 10 0 9 4 7 6 8 

1755 4130913189562716541 1 8
3 6 4 7 1 10 0 9 

2026 4128839477706394540 1 8
3 1 10 9 6 7 5 8 

1774 2822707806948440098 1 8
3 6 7 5 1 10 2 9 

2010 16475781756283801382 1 8
3 1 10 9 6 4 7 8 

2012 11242255885955360817 1 8
3 10 2 9 4 7 6 8 

1788 7258722934122221646 1 8
3 10 2 9 7 5 4 6 

1786 14675508125239574793 1 8
3 1 10 9 6 7 5 4 

2028 14266852494264443470 1 8
3 10 2 9 7 5 8 6 

2040 6197853065262238654 1 8
3 10 9 7 5 4 8 6 

2423 13057298779312224148 1 8
11 1 2 0 8 5 4 6 

2295 18102503255786795669 1 8
7 5 6 4 11 1 2 0 

2549 1177298820786046821 1 8
2 0 11 7 5 8 6 4 

2487 7092168945454130175 1 8
7 5 8 4 11 1 2 0 

2547 15812265603330599714 1 8
11 1 0 7 5 8 6 4 

2427 17296989405682167036 1 8
3 1 11 0 6 5 8 4 

2535 8360325137437862078 1 8
7 5 8 6 11 1 2 0 

2429 1132761311174627735 1 8
3 11 0 2 5 8 4 6 

2550 4171463392285677911 1 8
11 1 2 7 5 8 6 4 

2519 17936880707930984258 1 8
7 8 6 4 11 1 2 0 

2367 10505162704459043180 1 8
3 5 8 4 11 1 0 2 

2399 6879285637272324865 1 8
3 6 8 4 1 11 0 2 

2415 5813185926328449469 1 8
3 6 5 8 1 11 0 2 

2175 16181109345401364365 1 8
3 6 5 4 1 11 0 2 

2491 3881588694444210293 1 8
3 0 11 1 7 5 8 4 

2463 10141007602445943671 1 8
3 7 8 4 0 1 11 2 

2430 7957982335951095615 1 8
3 1 11 2 6 5 8 4 

2271 6706619723303558891 1 8
3 6 7 4 1 0 11 2 

2526 13628886422908203417 1 8
3 1 11 2 6 7 8 4 

2239 6331606696087378989 1 8
3 7 5 4 0 11 1 2 

2479 3298509628769029412 1 8
3 7 5 8 0 11 1 2 

2494 9057416444214825537 1 8
3 11 1 2 7 5 8 4 

2493 15671993034887988476 1 8
3 0 11 2 7 5 8 4 

2511 2092708904087440681 1 8
3 6 7 8 1 0 11 2 

2287 4972691786833909941 1 8
3 6 7 5 1 0 11 2 

2541 6806983794841314678 1 8
3 0 11 2 7 5 8 6 

2523 4699073649648060078 1 8
3 1 0 11 6 7 8 4 

2525 1248031414406239433 1 8
3 0 2 11 7 8 6 4 

2556 16690787223247290348 1 8
3 11 2 7 5 8 6 4 

2302 4898744536021394073 1 8
3 1 11 2 6 7 5 4 

2539 10806674395553430481 1 8
3 1 0 11 6 7 5 8 

2542 16717986704734705201 1 8
3 1 11 2 6 7 5 8 

2553 14185494758513015059 1 8
3 0 11 7 5 8 6 4 

2871 6601514156720671433 1 8
8 5 4 11 1 2 0 9 

2919 8287510023134442327 1 8
8 5 6 11 1 2 0 9 

2931 18096691885937546558 1 8
11 1 9 0 8 5 4 6 

2554 1586918803080863378 1 8
3 1 11 6 7 5 8 4 

2299 5068518103411259172 1 8
3 1 0 11 6 7 5 4 

2301 12179629327023492960 1 8
3 0 11 2 7 5 6 4 

2903 5577123243596109970 1 8
8 4 6 11 1 2 0 9 

2995 10797944817974419977 1 8
7 5 8 4 11 1 9 0 

2983 15714537565807655950 1 8
7 5 8 11 1 2 0 9 

2933 16048376877944274149 1 8
8 5 4 6 2 0 9 11 

2934 18183286156799715008 1 8
11 1 9 2 8 5 4 6 

3027 8801153028142554122 1 8
7 8 6 4 11 1 9 0 

3029 5621045641756666981 1 8
7 8 6 4 2 0 9 11 

2967 10044553410681007578 1 8
8 7 4 11 1 2 0 9 

2743 2711337548516062563 1 8
7 5 4 11 1 2 0 9 

2679 5806072147289620015 2 8
4 6 5 11 1 2 0 9 
6 4 5 11 1 2 0 9 

2997 11106161289091282435 1 8
7 5 8 4 2 0 9 11 

2998 3054042321142187952 1 8
7 5 8 4 11 1 9 2 

3043 11177358529360566782 1 8
7 5 8 6 11 1 9 0 

3045 7160407382002538170 1 8
7 5 8 6 2 0 9 11 

2775 15905089823160337314 1 8
7 6 4 11 1 2 0 9 

2805 18061539416066626089 1 8
7 5 6 4 2 0 9 11 

3060 17276666589647202213 1 8
9 2 11 7 5 8 6 4 

2791 8454229184522402690 1 8
7 5 6 11 1 2 0 9 

3015 2437507380561834700 2 8
7 6 8 11 1 2 0 9 
7 8 6 11 1 2 0 9 

3030 8583789193211681753 1 8
7 8 6 4 11 1 9 2 

3057 17794341573169287060 1 8
11 9 0 7 5 8 6 4 

2803 17020976330715197293 1 8
7 5 6 4 11 1 9 0 

3046 8231947109822232677 1 8
7 5 8 6 11 1 9 2 

3058 11740292880611738278 1 8
11 1 9 7 5 8 6 4 

2847 11412324598969829423 1 8
3 4 8 11 1 2 0 9 

2863 11587073448706429046 1 8
3 5 8 11 1 0 2 9 

2806 15444962417427450144 1 8
7 5 6 4 11 1 9 2 

2655 5803155395007861548 1 8
3 6 4 1 11 0 2 9 

2623 18259563454696906487 1 8
3 5 4 11 1 0 2 9 

2875 12252459345111578701 1 8
3 5 8 4 11 1 0 9 

2910 2702040067127623989 1 8
3 6 8 4 1 11 2 9 

2895 12361916198879721218 1 8
3 6 8 1 11 2 0 9 

2925 17088218491510527271 1 8
3 5 8 6 11 0 2 9 

2877 10810396299813179049 1 8
3 5 8 4 11 0 2 9 

2878 15826556909570005347 1 8
3 5 8 4 11 1 2 9 

2907 14138950621288603926 1 8
3 6 4 8 1 11 0 9 

2909 777120802134201294 1 8
3 4 8 6 2 0 9 11 

2923 3054861326631994021 1 8
3 6 5 8 1 11 0 9 

2937 17558433615045540192 1 8
3 11 0 9 5 8 4 6 

2938 15499496116594382722 1 8
3 1 11 9 6 5 8 4 

2671 12076835641570791025 1 8
3 6 5 1 11 0 2 9 

2973 15010506518473764125 1 8
3 7 8 4 0 9 2 11 

2926 5565894692858683000 1 8
3 6 5 8 1 11 2 9 

2683 3514927625035667133 1 8
3 6 5 4 1 11 0 9 

2719 2345276330312565569 1 8
3 7 4 0 9 1 11 2 

2685 13237713573342796966 1 8
3 5 4 6 11 0 2 9 

2686 4394200057813947083 1 8
3 6 5 4 1 11 9 2 

2940 16520162395492238027 1 8
3 11 9 2 5 8 4 6 

2959 15048112003625036667 1 8
3 7 8 0 9 1 11 2 

2987 112836645109332942 1 8
3 7 5 8 0 9 11 1 

2971 13012871115171742088 1 8
3 7 8 4 0 9 1 11 

2990 1055692561898433541 1 8
3 7 5 8 9 11 1 2 

2735 11346931087867979261 1 8
3 7 5 0 9 11 1 2 

2974 6487231167351802026 1 8
3 7 8 4 9 1 11 2 

3004 12274549243926901011 1 8
3 9 11 2 7 5 8 4 

3019 5531901886349294879 1 8
3 6 7 8 1 0 9 11 

2989 8492615078610069596 1 8
3 7 5 8 0 9 11 2 

2747 13196374146485160204 1 8
3 7 5 4 0 9 11 1 

3001 2054253676199485461 1 8
3 0 9 11 7 5 8 4 

2749 11097602999030296276 1 8
3 7 5 4 0 9 11 2 

3002 12938276783666944332 1 8
3 9 11 1 7 5 8 4 

2750 14847535705133462317 1 8
3 7 5 4 9 11 1 2 

3022 12049104116117700840 1 8
3 6 7 8 1 9 11 2 

3033 7850090387764683695 1 8
3 0 9 11 7 8 6 4 

2767 9400316641051326647 1 8
3 6 7 1 0 9 11 2 

2795 7553921829807470263 1 8
3 6 7 5 1 0 9 11 

3050 18209320794777618233 1 8
3 1 9 11 6 7 5 8 

3021 6449594073546189566 1 8
3 7 8 6 0 9 2 11 

2779 18016548203982961035 1 8
3 6 7 4 1 0 9 11 

3034 8339055620650097915 1 8
3 1 9 11 6 7 8 4 

3049 16596910818201705211 1 8
3 0 9 11 7 5 8 6 

2798 8481469036865414514 1 8
3 6 7 5 1 9 11 2 

3052 16551359892735733269 1 8
3 9 11 2 7 5 8 6 

2782 14905297669880415429 1 8
3 6 7 4 1 9 11 2 

2781 13457749154208549920 1 8
3 7 6 4 0 9 2 11 

3036 1484249585796766423 1 8
3 9 2 11 7 8 6 4 

2797 16598733389475007861 1 8
3 7 5 6 0 9 11 2 

3383 13890094292305209485 1 8
8 5 4 10 2 1 11 0 

3415 17843897199880755986 1 8
8 4 6 10 2 1 11 0 

2809 1245829438212802441 1 8
3 0 9 11 7 5 6 4 

3064 6483219855833847716 1 8
3 9 11 7 5 8 6 4 

2810 8449441278051087344 1 8
3 1 9 11 6 7 5 4 

3431 10365182714589525014 1 8
8 5 6 10 2 1 11 0 

3446 410536788484926356 1 8
10 2 1 11 8 5 4 6 

3479 17712990361465501320 1 8
8 7 4 10 2 1 11 0 

2812 12762310235327206134 1 8
3 9 11 2 7 5 6 4 

3443 8094595675481297243 1 8
1 11 10 0 8 5 4 6 

3445 8057757248546185080 1 8
2 10 0 11 8 5 4 6 

3495 17140304182333554112 1 8
7 5 8 10 2 1 11 0 

3510 8615310155836095074 1 8
7 5 8 4 10 2 1 11 

3527 7751007904409320853 2 8
7 6 8 10 2 1 11 0 
7 8 6 10 2 1 11 0 

3191 7226795263966299037 2 8
4 6 5 10 2 1 11 0 
6 4 5 10 2 1 11 0 

3507 9089053381510552914 1 8
7 5 8 4 1 11 10 0 

3255 15516710819954620362 1 8
7 5 4 10 2 1 11 0 

3287 149753748553946197 1 8
7 6 4 10 2 1 11 0 

3555 15230515520094222995 1 8
7 5 8 6 1 11 10 0 

3509 18004653209486827693 1 8
7 5 8 4 2 10 0 11 

3539 16803320967856512231 1 8
7 8 6 4 1 11 10 0 

3557 15832551683715000701 1 8
7 5 8 6 2 10 0 11 

3541 17788177994098066344 1 8
2 10 0 11 7 8 6 4 

3303 9573197491260639719 1 8
7 5 6 10 2 1 11 0 

3570 18024778893271860106 1 8
1 11 10 7 5 8 6 4 

3318 6669087605850774914 1 8
7 5 6 4 10 2 1 11 

3542 2362369983359645096 1 8
10 2 1 11 7 8 6 4 

3558 744611231124904836 1 8
7 5 8 6 10 2 1 11 

3569 1020423630741227841 1 8
11 0 10 7 5 8 6 4 

3315 12582506649633648415 1 8
7 5 6 4 1 11 10 0 

3317 3280787020639963335 1 8
7 5 6 4 2 10 0 11 

3387 17791243915730074870 1 8
3 4 5 8 10 11 1 0 

3389 13588673013492235809 1 8
3 4 5 8 10 2 11 0 

3572 8892075918086153137 1 8
2 10 11 7 5 8 6 4 

3359 4472319192218573668 1 8
3 4 8 10 2 1 11 0 

3375 522330498683339557 1 8
3 5 8 10 2 11 1 0 

3167 3369543006791495194 1 8
3 6 4 1 10 2 11 0 

3135 1346537129056010228 1 8
3 4 5 10 2 11 1 0 

3407 13613505501824322222 1 8
3 6 8 1 10 2 11 0 

3422 7642844050764477588 1 8
3 6 4 8 1 10 2 11 

3390 17970408013669495615 1 8
3 4 5 8 10 2 11 1 

3419 14052896135183540977 1 8
3 6 4 8 1 10 11 0 

3438 17301736862340713349 1 8
3 6 5 8 1 10 2 11 

3421 5644880617219449468 1 8
3 4 6 8 10 2 0 11 

3450 2921602549893724046 1 8
3 1 10 11 6 4 5 8 

3435 5250797729649287535 1 8
3 6 5 8 1 10 11 0 

3183 15560752303612889077 1 8
3 6 5 1 10 2 11 0 

3198 128394591551935249 1 8
3 6 4 5 1 10 2 11 

3437 14360444956746434828 1 8
3 5 8 6 10 2 11 0 

3449 4921038672449789903 1 8
3 10 11 0 4 5 8 6 

3195 10262383910474195139 1 8
3 6 4 5 1 10 11 0 

3197 2934719921877212874 1 8
3 4 5 6 10 2 11 0 

3483 15500824042435076692 1 8
3 4 7 8 10 0 1 11 

3452 11691870796973607030 1 8
3 10 2 11 4 5 8 6 

3486 10844147555794613219 1 8
3 4 7 8 10 2 1 11 

3471 4353015534240836635 1 8
3 7 8 10 2 0 1 11 

3513 16894968852270543575 1 8
3 10 0 11 7 5 4 8 

3231 6284245669008013047 1 8
3 4 7 10 2 0 1 11 

3514 16846943474037051237 1 8
3 10 11 1 7 5 4 8 

3485 5131895173931357070 1 8
3 4 7 8 10 2 0 11 

3499 14372811373395029469 1 8
3 7 5 8 10 0 11 1 

3501 15089863574647326219 1 8
3 7 5 8 10 2 0 11 

3516 11315358819163363308 1 8
3 10 2 11 7 5 4 8 

3247 4068353347102626748 1 8
3 7 5 10 2 0 11 1 

3259 1192075040485066309 1 8
3 7 5 4 10 0 11 1 

3502 5655790701447804321 1 8
3 7 5 8 10 2 11 1 

3531 12543191740570801826 1 8
3 6 7 8 1 10 0 11 

3261 10294773677587054375 1 8
3 7 5 4 10 2 0 11 

3545 10759779275178006287 1 8
3 10 0 11 4 7 6 8 

3262 7029572563342051638 1 8
3 7 5 4 10 2 11 1 

3548 13096811887136764546 1 8
3 10 2 11 4 7 6 8 

3279 7805816706737501352 1 8
3 6 7 1 10 2 0 11 

3561 7121090046189818159 1 8
3 10 0 11 7 5 8 6 

3534 9229366078069029875 1 8
3 6 7 8 1 10 2 11 

3533 16715003707916926553 1 8
3 7 6 8 10 2 0 11 

3562 9939534964083912654 1 8
3 1 10 11 6 7 5 8 

3293 5980994155356754432 1 8
3 4 7 6 10 2 0 11 

3291 17309543184409756809 1 8
3 6 4 7 1 10 0 11 

3546 16353140725504292563 1 8
3 1 10 11 6 4 7 8 

3294 6745526665867353672 1 8
3 6 4 7 1 10 2 11 

3307 1611771351047076734 1 8
3 6 7 5 1 10 0 11 

3564 240787689122003674 1 8
3 10 2 11 7 5 8 6 

3576 4377756797219266778 1 8
3 10 11 7 5 4 8 6 

3309 10312679487164001122 1 8
3 7 5 6 10 2 0 11 

3893 14638781781387430998 1 8
8 5 4 10 2 9 0 11 

3321 274028909113753676 1 8
3 10 0 11 7 5 4 6 

3894 3675910308776343899 1 8
8 5 4 10 2 9 1 11 

3310 13049303590264526430 1 8
3 6 7 5 1 10 2 11 

3891 17498398874143691877 1 8
8 5 4 10 9 1 11 0 

3322 7938660042470393855 1 8
3 1 10 11 6 7 5 4 

3923 2576466783851675187 1 8
8 4 6 10 9 1 11 0 

3863 14704303936976872859 2 8
4 8 10 2 9 1 11 0 
8 4 10 2 9 1 11 0 

3879 15413916389016627749 2 8
5 8 10 2 9 1 11 0 
8 5 10 2 9 1 11 0 

3324 15935833012344296522 1 8
3 10 2 11 7 5 4 6 

3671 8667067921355199476 2 8
4 6 10 2 9 1 11 0 
6 4 10 2 9 1 11 0 

3942 6745528967023840305 1 8
8 5 6 10 2 9 1 11 

3911 3910604603653818889 2 8
6 8 10 2 9 1 11 0 
8 6 10 2 9 1 11 0 

3925 2140332717942005346 1 8
8 4 6 10 2 9 0 11 

3939 13616022857706709174 1 8
8 5 6 10 9 1 11 0 

3701 16391645727529714533 2 8
4 6 5 10 2 9 0 11 
6 4 5 10 2 9 0 11 

3926 15646159893480357900 1 8
8 4 6 10 2 9 1 11 

3956 6167564113767892460 1 8
10 2 9 11 8 5 4 6 

3941 14340327078656779362 1 8
8 5 6 10 2 9 0 11 

3953 11546461376971117297 1 8
9 10 11 0 8 5 4 6 

3954 2711134717710644509 1 8
10 9 1 11 8 5 4 6 

3989 11063153304716604501 1 8
8 7 4 10 2 9 0 11 

3990 6066348523799423053 1 8
8 7 4 10 2 9 1 11 

3699 5519095326443791032 2 8
4 6 5 10 9 1 11 0 
6 4 5 10 9 1 11 0 

3975 18437445408011178279 1 8
7 8 10 2 9 1 11 0 

3735 2861483109954136487 1 8
7 4 10 2 9 1 11 0 

4006 1529376376882736220 1 8
7 5 8 10 2 9 1 11 

3987 15741967287421221081 1 8
8 7 4 10 9 1 11 0 

4017 13444568690647606627 1 8
7 5 8 4 9 10 11 0 

4003 6758221680786747657 1 8
7 5 8 10 9 1 11 0 

3751 5869613077139884692 1 8
7 5 10 2 9 1 11 0 

3702 2031446915780567877 2 8
4 6 5 10 2 9 1 11 
6 4 5 10 2 9 1 11 

4005 17826552890708362254 1 8
7 5 8 10 2 9 0 11 

4020 12493234904271940403 1 8
7 5 8 4 10 2 9 11 

3763 12344293750757156137 1 8
7 5 4 10 9 1 11 0 

4035 5091903394957293021 2 8
7 6 8 10 9 1 11 0 
7 8 6 10 9 1 11 0 

3765 4336904808563084289 1 8
7 5 4 10 2 9 0 11 

3795 2921536462447709914 1 8
7 6 4 10 9 1 11 0 

4018 10845180072756732205 1 8
7 5 8 4 10 9 1 11 

3783 18437445408011178279 1 8
7 6 10 2 9 1 11 0 

3766 7965364065025586650 1 8
7 5 4 10 2 9 1 11 

3797 7010389994551832373 1 8
7 6 4 10 2 9 0 11 

4049 6299152695570780974 1 8
7 8 6 4 9 10 11 0 

3798 10203491276939765424 1 8
7 6 4 10 2 9 1 11 

4037 8386541835921962314 2 8
7 6 8 10 2 9 0 11 
7 8 6 10 2 9 0 11 

4050 13588759890960871252 1 8
7 8 6 4 10 9 1 11 

3813 6888700980459783769 1 8
7 5 6 10 2 9 0 11 

3814 1930315677549873315 1 8
7 5 6 10 2 9 1 11 

4038 10929856300126966329 2 8
7 6 8 10 2 9 1 11 
7 8 6 10 2 9 1 11 

3811 5400604286463576946 1 8
7 5 6 10 9 1 11 0 

4065 12299490970512403084 1 8
7 5 8 6 9 10 11 0 

3826 8670740197340723586 1 8
7 5 6 4 10 9 1 11 

4052 6669098142088578520 1 8
10 2 9 11 7 8 6 4 

3828 14441087133979821813 1 8
7 5 6 4 10 2 9 11 

4066 17780431709184536723 1 8
7 5 8 6 10 9 1 11 

4068 7906559604540365859 1 8
7 5 8 6 10 2 9 11 

3825 1780174428584774721 1 8
7 5 6 4 9 10 11 0 

3615 1214734356306723456 2 8
3 4 10 2 9 1 11 0 
4 3 10 2 9 1 11 0 

4080 17499988244434978846 1 8
9 10 11 7 5 8 6 4 

3883 1890053282373611722 1 8
3 5 8 10 9 11 1 0 

3867 12272394393322225483 1 8
3 4 8 10 9 1 11 0 

3855 12132157586583765433 2 8
3 8 10 2 9 1 11 0 
8 3 10 2 9 1 11 0 

3869 9926390791756516856 1 8
3 4 8 10 2 9 0 11 

3897 3893564660629082193 1 8
3 4 5 8 10 9 11 0 

3898 2979884579678091785 1 8
3 4 5 8 10 9 11 1 

3870 7780432316278446741 1 8
3 4 8 10 2 9 1 11 

3885 16923595754125707753 1 8
3 5 8 10 2 9 11 0 

3643 7907763102596835398 1 8
3 4 5 10 9 11 1 0 

3915 14728506460106512718 1 8
3 6 8 1 10 9 11 0 

3917 10668650241986827484 1 8
3 6 8 10 2 9 0 11 

3631 5169838265327529791 2 8
3 5 10 2 9 11 1 0 
5 3 10 2 9 11 1 0 

3886 15697656587078559135 1 8
3 5 8 10 2 9 11 1 

3645 5498064906640270609 1 8
3 4 5 10 2 9 11 0 

3646 1731697987193307527 1 8
3 4 5 10 2 9 11 1 

3675 16008991087804930213 1 8
3 6 4 1 10 9 11 0 

3900 12516160664426369334 1 8
3 4 5 8 10 2 9 11 

3930 13244738165383287940 1 8
3 6 4 8 1 10 9 11 

3918 3656033243202099280 1 8
3 6 8 1 10 2 9 11 

3691 11189035218564526166 1 8
3 6 5 1 10 9 11 0 

3663 15975764860339654665 2 8
3 6 1 10 2 9 11 0 
6 3 1 10 2 9 11 0 

3929 9466802165240485101 1 8
3 4 6 8 10 9 0 11 

3693 17772713977121090005 1 8
3 5 6 10 2 9 11 0 

3677 6702227439175767701 1 8
3 4 6 10 2 9 0 11 

3678 11377109824969073084 1 8
3 6 4 1 10 2 9 11 

3694 2743046029426909421 1 8
3 6 5 1 10 2 9 11 

3932 6968671857150794607 1 8
3 4 6 8 10 2 9 11 

3945 5082932986580514740 1 8
3 5 8 6 10 9 11 0 

3706 11495119385740741965 1 8
3 6 4 5 1 10 9 11 

3946 9237330383408749718 1 8
3 6 5 8 1 10 9 11 

3981 17338748620973730424 1 8
3 7 8 10 2 0 9 11 

3705 18107346862728912331 1 8
3 4 5 6 10 9 11 0 

3948 1423770312245652648 1 8
3 5 8 6 10 2 9 11 

3993 13707583703032083857 1 8
3 4 7 8 10 0 9 11 

3960 1976174835293568148 1 8
3 10 9 11 4 5 8 6 

3708 1936157279934847429 1 8
3 4 5 6 10 2 9 11 

3979 1918107973101817594 1 8
3 7 8 10 0 9 1 11 

3727 2635692317125235623 1 8
7 3 10 2 0 9 1 11 

3994 7083657198433773010 1 8
3 4 7 8 10 9 1 11 

3742 9516708800047349818 1 8
3 4 7 10 2 9 1 11 

3982 18180783180967868127 1 8
3 7 8 10 2 9 1 11 

3739 15640464711705455912 1 8
3 4 7 10 0 9 1 11 

4012 4083862621153926382 1 8
3 7 5 8 10 2 9 11 

3741 13554654622736260568 1 8
3 4 7 10 2 0 9 11 

3758 10059681444619679610 1 8
3 7 5 10 2 9 11 1 

4009 1392383798065362198 1 8
3 7 5 8 10 0 9 11 

3755 15456248476082885555 1 8
3 7 5 10 0 9 11 1 

3757 5057939265888309558 1 8
3 7 5 10 2 0 9 11 

3770 9879594962206210 1 8
3 7 5 4 10 9 11 1 

3996 6314582749387279904 1 8
3 4 7 8 10 2 9 11 

4010 6854047357876405191 1 8
3 7 5 8 10 9 11 1 

4041 16842839008692895171 1 8
3 7 6 8 10 0 9 11 

3769 13117854273844449034 1 8
3 7 5 4 10 0 9 11 

4024 3875185639753223082 1 8
3 10 9 11 7 5 4 8 

4044 642651868088166920 1 8
3 7 6 8 10 2 9 11 

4056 5583285059027455750 1 8
3 10 9 11 4 7 6 8 

3787 226039188613464898 1 8
3 6 7 1 10 0 9 11 

3772 3839832631845762076 1 8
3 7 5 4 10 2 9 11 

3789 886690337917074129 1 8
3 7 6 10 2 0 9 11 

3817 3844148243014820068 1 8
3 7 5 6 10 0 9 11 

4042 6071213396750134468 1 8
3 6 7 8 1 10 9 11 

4072 2268862600614485078 1 8
3 10 9 11 7 5 8 6 

3790 8918503301618469397 1 8
3 6 7 1 10 2 9 11 

3801 7524717793156463862 1 8
3 4 7 6 10 0 9 11 

3802 8297295918230213669 1 8
3 6 4 7 1 10 9 11 

4471 16863686298693427856 2 8
0 2 1 6 12 8 5 4 
2 0 1 6 12 8 5 4 

3804 12989552785155814349 1 8
3 4 7 6 10 2 9 11 

4567 18163410487494222719 2 8
0 2 1 6 12 7 8 4 
2 0 1 6 12 7 8 4 

4415 12298618869479973920 1 8
3 0 2 1 5 8 4 12 

3820 2803696737709725161 1 8
3 7 5 6 10 2 9 11 

3832 18229560763627157890 1 8
3 10 9 11 7 5 4 6 

3818 9058630192321124498 1 8
3 6 7 5 1 10 9 11 

4475 13418532258272298811 1 8
3 1 0 6 12 5 8 4 

4463 1739444734039759946 1 8
3 1 0 2 6 12 5 8 

4597 10040155086233006589 2 8
0 2 6 12 7 5 8 4 
2 0 6 12 7 5 8 4 

4535 13967283371598621308 2 8
0 2 1 7 5 8 12 4 
2 0 1 7 5 8 12 4 

4447 6450915199934501062 1 8
3 1 0 2 6 12 8 4 

4583 13360481825396146259 2 8
0 2 1 6 12 7 5 8 
2 0 1 6 12 7 5 8 

4511 15969018251483809992 1 8
3 0 1 2 7 8 12 4 

4343 10356952383852720498 2 8
0 2 1 6 12 7 5 4 
2 0 1 6 12 7 5 4 

4527 4188568598948113440 1 8
3 0 1 2 7 5 8 12 

4223 12610873389297913837 1 8
3 1 0 2 6 12 5 4 

4478 17334807590058701995 1 8
3 1 2 6 12 8 5 4 

4477 16299325430443752240 1 8
3 0 2 6 12 5 8 4 

4559 7890732909267121443 1 8
3 1 0 2 6 12 7 8 

4573 8829640219558933492 1 8
3 0 2 6 12 7 8 4 

4539 480154210622252345 1 8
3 0 1 7 5 8 12 4 

4542 243987140454074865 1 8
3 1 2 7 5 8 12 4 

4541 3621267313736729612 1 8
3 0 2 7 5 8 12 4 

4287 14049675084599111588 1 8
3 0 1 2 7 5 12 4 

4589 17693899404973815795 1 8
3 0 2 6 12 7 5 8 

4335 8677475286794235962 1 8
3 1 0 2 6 12 7 5 

4571 14450919816397209554 1 8
3 1 0 6 12 7 8 4 

4574 13597876454340865756 1 8
3 1 2 6 12 7 8 4 

4587 1257604842829712266 1 8
3 1 0 6 12 7 5 8 

4319 6844779623256864573 1 8
3 1 0 2 6 12 7 4 

4349 1457972798595502404 1 8
3 0 2 6 12 7 5 4 

4604 3272262150113970833 2 8
2 3 6 12 7 5 8 4 
3 2 6 12 7 5 8 4 

4590 12187752126449844976 1 8
3 1 2 6 12 7 5 8 

4347 7275193782168026475 1 8
3 1 0 6 12 7 5 4 

4350 17165937516493100534 1 8
3 1 2 6 12 7 5 4 

4981 2290384988166992334 1 8
2 0 9 6 12 8 5 4 

4979 7381081903448095767 2 8
1 9 0 6 12 8 5 4 
9 1 0 6 12 8 5 4 

4602 9902909883650684409 2 8
1 3 6 12 7 5 8 4 
3 1 6 12 7 5 8 4 

4601 5095198630411527136 2 8
0 3 6 12 7 5 8 4 
3 0 6 12 7 5 8 4 

4919 18075188458349950323 1 8
8 5 4 12 2 0 9 1 

4951 1319300655778207455 1 8
6 12 8 4 2 0 9 1 

4967 13572659508348545922 1 8
6 12 8 5 2 0 9 1 

5031 3062778988938965257 1 8
7 5 8 12 2 0 9 1 

4727 2827216181137286841 1 8
12 6 5 4 2 0 9 1 

5043 3503398832393302591 2 8
1 9 0 7 5 8 12 4 
9 1 0 7 5 8 12 4 

4982 11584454556641725374 1 8
9 2 1 6 12 8 5 4 

5077 6123548451102928932 1 8
2 0 9 6 12 7 8 4 

5015 13497004954630576455 1 8
7 8 12 4 2 0 9 1 

5078 10060079151027184031 1 8
9 2 1 6 12 7 8 4 

5045 4912444099785509053 1 8
2 0 9 7 5 8 12 4 

5046 2889769943220494583 1 8
9 2 1 7 5 8 12 4 

4791 3068195097849047116 1 8
7 5 12 4 2 0 9 1 

5063 14046486132409516918 1 8
6 12 7 8 2 0 9 1 

5093 5080201552945821524 1 8
2 0 9 6 12 7 5 8 

5094 12485823180523391232 1 8
9 2 1 6 12 7 5 8 

4823 12114355954327887111 1 8
6 12 7 4 2 0 9 1 

5075 10312232877258044657 2 8
1 9 0 6 12 7 8 4 
9 1 0 6 12 7 8 4 

4854 5020688333312434906 1 8
9 2 1 6 12 7 5 4 

4895 9094598931755762715 1 8
3 4 8 12 2 0 9 1 

4839 6793132207511852577 1 8
6 12 7 5 2 0 9 1 

5091 7681490358891114557 2 8
1 9 0 6 12 7 5 8 
9 1 0 6 12 7 5 8 

4853 13379301648012573004 1 8
2 0 9 6 12 7 5 4 

4671 8767864383106531038 1 8
3 5 4 12 0 2 9 1 

4925 8631039009127756349 1 8
3 0 2 9 5 8 4 12 

4911 17981435053617779010 1 8
3 5 8 12 0 2 9 1 

5106 14819959650161567765 2 8
1 9 6 12 7 5 8 4 
9 1 6 12 7 5 8 4 

4851 1426033145458002596 2 8
1 9 0 6 12 7 5 4 
9 1 0 6 12 7 5 4 

4703 15461447355956636278 1 8
3 6 12 4 1 0 2 9 

5108 4770013571383315320 2 8
2 9 6 12 7 5 8 4 
9 2 6 12 7 5 8 4 

4923 17816710356902824034 1 8
3 0 9 1 5 8 4 12 

4957 15004767239450721866 1 8
3 2 0 9 6 12 4 8 

4926 17978178989483427909 1 8
3 9 2 1 8 5 4 12 

4719 9112886926934589560 1 8
3 6 12 5 1 0 2 9 

4943 2479141682400768706 1 8
3 6 12 8 1 2 0 9 

4731 5191673121987613469 1 8
3 1 0 9 6 12 5 4 

4955 18144424557619537697 1 8
3 1 0 9 6 12 4 8 

4958 16679405534110716636 1 8
3 1 2 9 6 12 8 4 

4985 3660674706014686851 1 8
3 0 9 6 12 5 8 4 

4971 17171608262504017404 1 8
3 1 0 9 6 12 5 8 

4733 7643488377194537517 1 8
3 0 2 9 6 12 5 4 

4734 9080042877725777088 1 8
3 1 9 2 6 12 5 4 

4974 6889438180234956972 1 8
3 1 9 2 6 12 8 5 

4973 6036848459321390523 1 8
3 0 2 9 6 12 5 8 

4986 11835131945541114839 1 8
3 1 9 6 12 8 5 4 

4988 283613719582407129 1 8
3 9 2 6 12 8 5 4 

5035 10218505120036635 1 8
3 0 9 1 7 5 8 12 

5022 12173068947046494707 1 8
3 9 1 2 7 8 12 4 

5007 1816960277753227093 1 8
3 7 8 12 0 9 1 2 

5019 5856040764561720380 1 8
3 0 9 1 7 8 12 4 

4795 15262161849272586123 1 8
3 0 9 1 7 5 12 4 

5050 17966735817595341220 1 8
3 9 1 7 5 8 12 4 

5021 17227779863340476586 1 8
3 0 9 2 7 8 12 4 

4767 14660453717381481430 1 8
3 7 12 4 0 9 1 2 

5037 8024963882943120925 1 8
3 0 9 2 7 5 8 12 

5049 12127095222409112729 1 8
3 0 9 7 5 8 12 4 

4798 9788453783974422043 1 8
3 9 1 2 7 5 12 4 

5067 16264899360573716620 1 8
3 1 0 9 6 12 7 8 

4783 13896232984300040885 1 8
3 7 5 12 0 9 1 2 

5038 11899907490997277771 1 8
3 9 1 2 7 5 8 12 

4797 1984610432610397078 1 8
3 0 9 2 7 5 12 4 

5052 10474369956931296072 1 8
3 9 2 7 5 8 12 4 

4827 11425411066213910152 1 8
3 1 0 9 6 12 7 4 

5082 498907707834045370 1 8
3 1 9 6 12 7 8 4 

5069 4938130417316118818 1 8
3 0 9 2 6 12 7 8 

4815 15122745910403834816 1 8
3 6 12 7 1 0 9 2 

5081 3776225071498304339 1 8
3 0 9 6 12 7 8 4 

4843 15689827582799703321 1 8
3 1 0 9 6 12 7 5 

5098 8029074828724409008 1 8
3 1 9 6 12 7 5 8 

5070 4815250386060285091 1 8
3 1 9 2 6 12 7 8 

5084 5471448617484433266 1 8
3 9 2 6 12 7 8 4 

4829 4739095992543893894 1 8
3 0 9 2 6 12 7 4 

5097 7939561007821953447 1 8
3 0 9 6 12 7 5 8 

4857 15768862503291065299 1 8
3 0 9 6 12 7 5 4 

4830 4136713979890156408 1 8
3 1 9 2 6 12 7 4 

5479 10275837632212641863 1 8
6 12 8 5 10 2 1 0 

5100 2180854316101189407 1 8
3 9 2 6 12 7 5 8 

4845 11689110384167796337 1 8
3 0 9 2 6 12 7 5 

5493 18397051518657031016 1 8
2 10 0 6 12 8 5 4 

4858 17685618954951335459 1 8
3 1 9 6 12 7 5 4 

5239 7652766040012030603 1 8
12 6 5 4 10 2 1 0 

4860 6731620366357017549 1 8
3 9 2 6 12 7 5 4 

5431 6251500460857231555 1 8
10 2 1 0 8 5 4 12 

5463 13090686264119808653 1 8
6 12 8 4 10 2 1 0 

4846 12776500188427119625 1 8
3 1 9 2 6 12 7 5 

5543 15291168167312854636 1 8
7 5 8 12 10 2 1 0 

5491 6446623643459263363 2 8
1 10 0 6 12 8 5 4 
10 1 0 6 12 8 5 4 

5557 15882738296022384447 1 8
2 10 0 7 5 8 12 4 

5527 15679892799595867820 1 8
10 2 1 0 7 8 12 4 

5589 5719573891992272891 1 8
2 10 0 6 12 7 8 4 

5303 5438055362599198994 1 8
7 5 12 4 10 2 1 0 

5575 9233949992086654489 1 8
6 12 7 8 10 2 1 0 

5555 11556792644097797295 2 8
1 10 0 7 5 8 12 4 
10 1 0 7 5 8 12 4 

5351 3056273535340975367 1 8
6 12 7 5 10 2 1 0 

5606 10603936015847998841 1 8
10 2 1 6 12 7 5 8 

5335 8220136821228119867 1 8
6 12 7 4 10 2 1 0 

5587 7159110989529415775 2 8
1 10 0 6 12 7 8 4 
10 1 0 6 12 7 8 4 

5407 7586806977624262261 1 8
3 4 12 8 10 2 1 0 

5605 9458673798608066751 1 8
2 10 0 6 12 7 5 8 

5603 17785411097051711101 2 8
1 10 0 6 12 7 5 8 
10 1 0 6 12 7 5 8 

5365 12366791742176913983 1 8
2 10 0 6 12 7 5 4 

5183 7816119412964519430 1 8
3 4 5 12 10 2 0 1 

5618 8811319230914322976 2 8
1 10 6 12 7 5 8 4 
10 1 6 12 7 5 8 4 

5423 13641561218212817112 1 8
3 5 8 12 10 2 0 1 

5363 4599636368481467697 2 8
1 10 0 6 12 7 5 4 
10 1 0 6 12 7 5 4 

5215 10961220662741109713 1 8
3 6 12 4 1 10 2 0 

5620 152671340479688761 2 8
2 10 6 12 7 5 8 4 
10 2 6 12 7 5 8 4 

5231 1720841852381741724 1 8
3 6 12 5 1 10 2 0 

5455 3242180964678590068 1 8
3 6 12 8 1 10 2 0 

