10 Fermat/Blackbox instances will be run in parallel.
The user defined environment variable FERMATPATH for Fermat is set:
/home/dschiebe/installs/Ferl7/fer64
The directories for the temporary files, result files and the sector mapping files are: 
./tmp
./results
./sectormappings
One variable is set to 1: {}
Kira prepares topology: hxb and top level sector: 
511 

*****Integral ordering*************************************
VERSION table created successfully
Kira database version number: 2.1
WEIGHTBITS table created successfully
INTEGRALORDERING table created successfully
Kira will use the integral ordering: 1.
With topology: hxb use intermediate permutation
0 8 1 2 4 5 6 7 3 9 10 11 12 
With topology: hxb use intermediate permutation
0 8 1 2 4 5 6 7 3 9 10 11 12 
With topology: hxb use intermediate permutation
0 8 1 2 4 5 6 7 3 9 10 11 12 
With topology: hxb use intermediate permutation
0 8 1 2 4 5 6 7 3 9 10 11 12 
With topology: hxb use intermediate permutation
0 8 1 2 4 5 6 7 3 9 10 11 12 
With topology: hxb use intermediate permutation
0 8 1 2 4 5 6 7 3 9 10 11 12 
With topology: hxb use intermediate permutation
0 8 1 2 4 5 6 7 3 9 10 11 12 
With topology: hxb use intermediate permutation
0 8 1 2 4 5 6 7 3 9 10 11 12 
With topology: hxb use intermediate permutation
0 8 1 2 4 5 6 7 3 9 10 11 12 
With topology: hxb use intermediate permutation
0 8 1 2 4 5 6 7 3 9 10 11 12 
With topology: hxb use intermediate permutation
0 8 1 2 4 5 6 7 3 9 10 11 12 
With topology: hxb use intermediate permutation
0 8 1 2 4 5 6 7 3 9 10 11 12 
With topology: hxb use intermediate permutation
0 8 1 2 4 5 6 7 3 9 10 11 12 
With topology: hxb use intermediate permutation
0 8 1 2 4 5 6 7 3 9 10 11 12 
With topology: hxb use intermediate permutation
0 8 1 2 4 5 6 7 3 9 10 11 12 
With topology: hxb use intermediate permutation
0 8 1 2 4 5 6 7 3 9 10 11 12 
With topology: hxb use intermediate permutation
0 8 1 2 4 5 6 7 3 9 10 11 12 
With topology: hxb use intermediate permutation
0 8 1 2 4 5 6 7 3 9 10 11 12 
With topology: hxb use intermediate permutation
0 8 1 2 4 5 6 7 3 9 10 11 12 
With topology: hxb use intermediate permutation
0 8 1 2 4 5 6 7 3 9 10 11 12 
Following reductions will be performed for the topology: hxb
Sector: 73 rmax: 3 smax: 0 dmax: 0 

Sector: 76 rmax: 3 smax: 0 dmax: 0 

Sector: 74 rmax: 3 smax: 0 dmax: 0 

Sector: 137 rmax: 3 smax: 0 dmax: 0 

Sector: 138 rmax: 5 smax: 0 dmax: 2 

Sector: 140 rmax: 5 smax: 0 dmax: 2 

Sector: 204 rmax: 5 smax: 0 dmax: 1 

Sector: 172 rmax: 5 smax: 0 dmax: 1 

Sector: 202 rmax: 5 smax: 0 dmax: 1 

Sector: 201 rmax: 5 smax: 0 dmax: 1 

Sector: 137 rmax: 5 smax: 1 dmax: 2 

Sector: 138 rmax: 6 smax: 1 dmax: 3 

Sector: 140 rmax: 6 smax: 1 dmax: 3 

Sector: 204 rmax: 6 smax: 1 dmax: 2 

Sector: 172 rmax: 6 smax: 1 dmax: 2 

Sector: 202 rmax: 6 smax: 1 dmax: 2 

Sector: 201 rmax: 6 smax: 1 dmax: 2 

Sector: 73 rmax: 4 smax: 1 dmax: 1 

Sector: 76 rmax: 4 smax: 1 dmax: 1 

Sector: 74 rmax: 4 smax: 1 dmax: 1 

***********************************************************
Find IBP LI and symmetry relations for the topology: hxb
***********************************************************

*****Generate IBP identities*******************************
There are 14 IBP identities
( 0.02328 s )

*****Generate LI identities********************************
There are 10 LI identities
( 0.217068 s )

*****Search trivial sectors********************************
non trivial sector 25n trivial sector 25 33

non trivial sector 29 9n trivial sector  4
non trivial sector non trivial sector 27 7 4

non trivial sector 31n trivial sector 31 55
non trivial sector 41n trivial sector 41 3
non trivial sector 42 2n trivial sector  3
non trivial sector non trivial sector 4545 44

non trivial sector 43n trivial sector 43 4
non trivial sector 46n trivial sector 46 44

non trivial sector 47n trivial sector 47 55

non trivial sector 57n trivial sector 57 44
non trivial sector 58n trivial sector 58 44

non trivial sector non trivial sector 61 1 5

non trivial sector 59n trivial sector 59 55

non trivial sector 63n trivial sector 63 6

non trivial sector 62n trivial sector 62 55

non trivial sector 75 5 4

non trivial sector 74n trivial sector 74 33

non trivial sector 73n trivial sector 73 33

non trivial sector 76n trivial sector 76 33

non trivial sector 77n trivial sector 77 4

non trivial sector non trivial sector 78  4

non trivial sector 79n trivial sector 79 5

non trivial sector 89 9 4

non trivial sector non trivial sector 87  5

non trivial sector 85 44

non trivial sector 90n trivial sector 90 44

non trivial sector 91n trivial sector 91 55
non trivial sector 92n trivial sector 92 44
non trivial sector 95n trivial sector 95 66
non trivial sector 93n trivial sector 93  5

non trivial sector non trivial sector 94 4 5
non trivial sector 110 trivial sector 110 55

non trivial sector 106 44

non trivial sector 107 trivial sector 107 5

non trivial sector 105 trivial sector 105 4

non trivial sector 109 trivial sector 109 55

non trivial sector 108 trivial sector 108 44

non trivial sector non trivial sector 111 11 6

non trivial sector 117 trivial sector 117 55

non trivial sector 124 trivial sector 124 55

non trivial sector 122 22 5

non trivial sector 123 trivial sector 123 6
non trivial sector 121 21 55

non trivial sector 125 trivial sector 125 66
non trivial sector 126 trivial sector 126 66
non trivial sector 127 trivial sector 127 77

non trivial sector 119 trivial sector 119 66

non trivial sector 133 trivial sector 133 3

non trivial sector 135 trivial sector 135 44
non trivial sector 140 trivial sector 140 33
non trivial sector 139 4

non trivial sector non trivial sector 138 3

non trivial sector 137 trivial sector 137 33
non trivial sector 141 trivial sector 141 44

non trivial sector 149 trivial sector 149 44

non trivial sector 142 trivial sector 142 44

non trivial sector 143 55
non trivial sector 153 trivial sector 153 44

non trivial sector 151 trivial sector 151 55

non trivial sector 158 trivial sector 158 55
non trivial sector non trivial sector 155 55 5
non trivial sector 156 trivial sector 156 44

non trivial sector non trivial sector 154 54 4

non trivial sector 157 trivial sector 157 55

non trivial sector non trivial sector 159 66

non trivial sector 167 trivial sector 167 5
non trivial sector 165 trivial sector 165 4

non trivial sector 174 5
non trivial sector 169 trivial sector 169 44

non trivial sector 171 trivial sector 171 5

non trivial sector 170 trivial sector 170 44

non trivial sector 173 trivial sector 173 55

non trivial sector 175 75 6

non trivial sector 172 trivial sector 172 44
non trivial sector 185 55
non trivial sector 183 trivial sector 183 6

non trivial sector 181 trivial sector 181 55

non trivial sector 187 trivial sector 187 6

non trivial sector 188 trivial sector 188 55
non trivial sector 189 trivial sector 189 66

non trivial sector 186 trivial sector 186 5

non trivial sector 191 trivial sector 191 7

non trivial sector 190 trivial sector 190 6

non trivial sector 201 trivial sector 201 4
non trivial sector non trivial sector 199 55

non trivial sector 197 97 4

non trivial sector 203 trivial sector 203 5
non trivial sector 202 trivial sector 202 4

non trivial sector 207 6
non trivial sector 204 trivial sector 204 44

non trivial sector 206 trivial sector 206 5
non trivial sector non trivial sector 205 5

non trivial sector 215 trivial sector 215 6
non trivial sector 213 trivial sector 213 55

non trivial sector 217 trivial sector 217 5

non trivial sector 222 trivial sector 222 66
non trivial sector 219 trivial sector 219 66

non trivial sector 218 trivial sector 218 55

non trivial sector non trivial sector 223 23 7

non trivial sector 221 trivial sector 221 66
non trivial sector 220 trivial sector 220 55
non trivial sector 235 trivial sector 235 66

non trivial sector 229 trivial sector 229 55

non trivial sector non trivial sector 236 36 5

non trivial sector 237 trivial sector 237 66

non trivial sector 234 34 5

non trivial sector 233 trivial sector 233 55

non trivial sector 238 trivial sector 238 66
non trivial sector 231 trivial sector 231 66

non trivial sector 247 77
non trivial sector non trivial sector 239 77

non trivial sector non trivial sector 245 45 66
non trivial sector 251 trivial sector 251 77

non trivial sector 250 trivial sector 250 66
non trivial sector 252 trivial sector 252 66
non trivial sector 253 trivial sector 253 7
nnon trivial sector 249 66

non trivial sector 255 trivial sector 255 8

non trivial sector 254 trivial sector 254 77

non trivial sector 269 trivial sector 269 44

non trivial sector 270 trivial sector 270 44
non trivial sector 268 trivial sector 268  3

non trivial sector 271 trivial sector 271 55
non trivial sector 277 77 4
non trivial sector 279 trivial sector 279 55

non trivial sector 282 82 44
non trivial sector 284 trivial sector 284 4

non trivial sector 281 trivial sector 281 44

non trivial sector 283 trivial sector 283 55
non trivial sector non trivial sector 287 87 66
non trivial sector 285 trivial sector 285 5

non trivial sector 286 trivial sector 286 55
non trivial sector 295 trivial sector 295 55

non trivial sector 301 5

non trivial sector 297 trivial sector 297 44

non trivial sector 293 trivial sector 293 44

non trivial sector 303 trivial sector 303 6

non trivial sector 300 trivial sector 300 44

non trivial sector 302 trivial sector 302  5

non trivial sector 299 trivial sector 299 55

non trivial sector 309 trivial sector 309 55

non trivial sector 298 trivial sector 298 4

non trivial sector 311 trivial sector 311 66

non trivial sector 314 14 5

non trivial sector 313 trivial sector 313 55
non trivial sector 317 trivial sector 317 66

non trivial sector 315 trivial sector 315 66

non trivial sector 316 trivial sector 316 55

non trivial sector 318 trivial sector 318 66

non trivial sector 325 trivial sector 325 44
non trivial sector 319 trivial sector 319 77

non trivial sector non trivial sector 327 27 5

non trivial sector 331 trivial sector 331 5

non trivial sector 330 4
non trivial sector 329 trivial sector 329 4

non trivial sector 332 trivial sector 332 44

non trivial sector 333 trivial sector 333 55
non trivial sector 346 trivial sector 346 55

non trivial sector non trivial sector 334 34 55
non trivial sector non trivial sector 341341 55
non trivial sector 343 43 6

non trivial sector 349 trivial sector 349 6

non trivial sector 335 trivial sector 335 66

non trivial sector non trivial sector 345 5
non trivial sector 347 trivial sector 347 66

non trivial sector non trivial sector 351 51 7
non trivial sector 348 trivial sector 348 55

non trivial sector 359 trivial sector 359 66

non trivial sector 361 trivial sector 361 5

non trivial sector 357 trivial sector 357 5
non trivial sector non trivial sector 363 66
non trivial sector 350 trivial sector 350 6

non trivial sector 364 trivial sector 364 55

non trivial sector 367 trivial sector 367 7

non trivial sector 362 trivial sector 362 55

non trivial sector 366 trivial sector 366 6

non trivial sector 375 trivial sector 375 77

non trivial sector 365 trivial sector 365 6

non trivial sector 373 trivial sector 373 6

non trivial sector 379 trivial sector 379 77
non trivial sector 381 trivial sector 381 77

non trivial sector 377 trivial sector 377 6

non trivial sector 383 trivial sector 383 88
non trivial sector 378 trivial sector 378 6

non trivial sector 380 trivial sector 380 6

non trivial sector non trivial sector 389 44

non trivial sector 382 trivial sector 382 7

non trivial sector 391 trivial sector 391 5

non trivial sector 395 trivial sector 395 55

non trivial sector 393 trivial sector 393 4
non trivial sector 398 trivial sector 398 55

non trivial sector 399 trivial sector 399 66

non trivial sector 397 trivial sector 397  5

non trivial sector 394 trivial sector 394  4

non trivial sector 405 05 55

non trivial sector 410 trivial sector 410 55

non trivial sector 396 trivial sector 396 4

non trivial sector 407 trivial sector 407 66

non trivial sector 415 trivial sector 415 7
non trivial sector 412 trivial sector 412 55

non trivial sector 409 trivial sector 409 55

non trivial sector 411 trivial sector 411 6

non trivial sector 421 5
non trivial sector 413 trivial sector 413 66
non trivial sector 425 trivial sector 425 5
non trivial sector 423 23 6

non trivial sector 414 trivial sector 414 6
non trivial sector 427 trivial sector 427 6

non trivial sector 428 trivial sector 428 5

non trivial sector non trivial sector 430 30 6

non trivial sector 429 trivial sector 429 6
non trivial sector 426 trivial sector 426 55

non trivial sector 441 trivial sector 441 66

non trivial sector 439 39 7

non trivial sector 431 trivial sector 431 77

non trivial sector 437 trivial sector 437 6

non trivial sector non trivial sector 446 77
non trivial sector non trivial sector 443 43 7

non trivial sector 442 trivial sector 442 66
non trivial sector 453 trivial sector 453 55
non trivial sector non trivial sector 447 47 8

non trivial sector 444 trivial sector 444 66

non trivial sector 445 trivial sector 445 7

non trivial sector 460 trivial sector 460 55
non trivial sector 455 trivial sector 455 66
non trivial sector 459 trivial sector 459 66

non trivial sector 457 trivial sector 457 55
non trivial sector 458 58 5
non trivial sector 461 trivial sector 461 66

non trivial sector 463 trivial sector 463 77

non trivial sector 462 trivial sector 462 66

non trivial sector non trivial sector 473 73 6

non trivial sector 476 trivial sector 476 6

non trivial sector 469 trivial sector 469 6

non trivial sector 475 trivial sector 475 7

non trivial sector 471 trivial sector 471 77

non trivial sector 474 trivial sector 474 66

non trivial sector 477 trivial sector 477 7

non trivial sector 479 trivial sector 479 88
non trivial sector 485 trivial sector 485 66

non trivial sector 478 trivial sector 478  7

non trivial sector 492 trivial sector 492 66

non trivial sector 491 trivial sector 491 7

non trivial sector 493 trivial sector 493 7

non trivial sector 490 trivial sector 490 6

non trivial sector 487 trivial sector 487 77

non trivial sector 489 trivial sector 489 66

non trivial sector 494 trivial sector 494 77

non trivial sector 495 trivial sector 495 8

non trivial sector 501 trivial sector 501 77

non trivial sector non trivial sector 506 06 7
non trivial sector 508 trivial sector 508 77

non trivial sector 509 trivial sector 509 8

non trivial sector 503 trivial sector 503 8

non trivial sector 511 trivial sector 511 99

non trivial sector 505 trivial sector 505 77

non trivial sector 507 trivial sector 507 88

non trivial sector 510 trivial sector 510 8

non trivial sector 537 trivial sector 537 4
non trivial sector 541 trivial sector 541 55

non trivial sector 539 trivial sector 539 55
non trivial sector 536 trivial sector 536 33

non trivial sector 538 trivial sector 538 4

non trivial sector 540 trivial sector 540 44
non trivial sector 542 5
non trivial sector 543 trivial sector 543 66
non trivial sector 553 trivial sector 553 44
non trivial sector 555 trivial sector 555 5
non trivial sector 557 trivial sector 557 5

non trivial sector 558 trivial sector 558 55
non trivial sector 552 trivial sector 552 3

non trivial sector 556 trivial sector 556 4
non trivial sector 554 trivial sector 554 44

non trivial sector 559 trivial sector 559 6

non trivial sector 572 72 5

non trivial sector 569 trivial sector 569 55

non trivial sector 571 trivial sector 571 66

non trivial sector 568 trivial sector 568 4

non trivial sector 573 trivial sector 573 66

non trivial sector non trivial sector 570 55
non trivial sector 575 trivial sector 575 77

non trivial sector 574 trivial sector 574 6
non trivial sector 584 trivial sector 584  3

non trivial sector 586 trivial sector 586 44

non trivial sector 588 88 4
non trivial sector 587 trivial sector 587  5

non trivial sector 590 trivial sector 590 55

non trivial sector 591 trivial sector 591 66

non trivial sector 594 trivial sector 594 4

non trivial sector 599 trivial sector 599 6
non trivial sector 585 85 4

non trivial sector 589 trivial sector 589 5

non trivial sector 596 trivial sector 596 4

non trivial sector 600 trivial sector 600 4

non trivial sector 604 5

non trivial sector 597 trivial sector 597 55
non trivial sector 601 trivial sector 601 5

non trivial sector 598 trivial sector 598 5

non trivial sector 595 trivial sector 595 5

non trivial sector 603 trivial sector 603 6

non trivial sector 602 trivial sector 602 55
non trivial sector 607 07 7

non trivial sector 605 trivial sector 605 6

non trivial sector 617 trivial sector 617 55

non trivial sector non trivial sector 606 06 66

non trivial sector 616 trivial sector 616 4

non trivial sector 621 trivial sector 621 66

non trivial sector 623 trivial sector 623 7

non trivial sector 626 trivial sector 626 55
non trivial sector 628 trivial sector 628 55
non trivial sector 618 trivial sector 618 55
non trivial sector 622 trivial sector 622 6

non trivial sector 619 trivial sector 619 6
non trivial sector non trivial sector 620 20 5

non trivial sector 630 30 6

non trivial sector 627 trivial sector 627 6

non trivial sector 634 34 6

non trivial sector 629 trivial sector 629 6

non trivial sector 631 trivial sector 631 77
non trivial sector non trivial sector 632 55

non trivial sector 633 trivial sector 633 66

non trivial sector 637 trivial sector 637 77

non trivial sector 639 trivial sector 639 8

non trivial sector 638 trivial sector 638 77
non trivial sector 635 trivial sector 635 77
non trivial sector 636 trivial sector 636 66

non trivial sector 645 trivial sector 645 44

non trivial sector 644 trivial sector 644 3
non trivial sector 643 trivial sector 643 4
non trivial sector 646 trivial sector 646 44

non trivial sector 647 trivial sector 647 5
non trivial sector 650 50 4

non trivial sector 642642 33

non trivial sector 651 trivial sector 651 5

non trivial sector 648 trivial sector 648 33

non trivial sector 654 trivial sector 654 55

non trivial sector 649 trivial sector 649 4

non trivial sector 653 trivial sector 653 55

non trivial sector 652 52 4

non trivial sector 655 55 6
non trivial sector 659 trivial sector 659 55

non trivial sector 662 trivial sector 662 55

non trivial sector 661 trivial sector 661 55

non trivial sector 660 trivial sector 660 4

non trivial sector non trivial sector 664 4

non trivial sector 668 trivial sector 668 5

non trivial sector 658 trivial sector 658 44
non trivial sector 665 65 5
non trivial sector 671 trivial sector 671 7
non trivial sector non trivial sector 663 63 6

non trivial sector 670 trivial sector 670 6

non trivial sector 666 66 5

non trivial sector 669 trivial sector 669 66
non trivial sector 667 trivial sector 667 66
non trivial sector 675 trivial sector 675 55

non trivial sector 676 trivial sector 676 44
non trivial sector 680 trivial sector 680 4

non trivial sector 681 trivial sector 681 55
non trivial sector 679 trivial sector 679 66

non trivial sector 685 trivial sector 685 6
non trivial sector 686 trivial sector 686 6
non trivial sector 678 trivial sector 678 5

non trivial sector non trivial sector 674 74 4

non trivial sector non trivial sector 677 5

non trivial sector 682 trivial sector 682 55
non trivial sector 683 trivial sector 683 66

non trivial sector 684 trivial sector 684 55

non trivial sector 690 trivial sector 690 5

non trivial sector 691 trivial sector 691  6
non trivial sector 687 trivial sector 687 77

non trivial sector 695 trivial sector 695 77
non trivial sector 697 trivial sector 697 6

non trivial sector 694 trivial sector 694 66

non trivial sector non trivial sector 693 93 6

non trivial sector non trivial sector 692692  5

non trivial sector 698 trivial sector 698 66

non trivial sector 696 trivial sector 696 5

non trivial sector 699 99 7

non trivial sector 703 trivial sector 703 8

non trivial sector 700 trivial sector 700 66

non trivial sector 707 trivial sector 707 55
non trivial sector 702 77
non trivial sector 710 trivial sector 710 55

non trivial sector 706706 44

non trivial sector 708 trivial sector 708  4

non trivial sector 701 trivial sector 701 7

non trivial sector 711 trivial sector 711 66

non trivial sector 712 trivial sector 712 44
non trivial sector 715 trivial sector 715 66

non trivial sector 713 13 5

non trivial sector 709 trivial sector 709 55

non trivial sector 718 trivial sector 718 6
non trivial sector non trivial sector 716 16 55

non trivial sector 717 trivial sector 717 66
non trivial sector 714 trivial sector 714 55

non trivial sector 719 trivial sector 719 77
non trivial sector 723 trivial sector 723 66

non trivial sector 724 trivial sector 724 5

non trivial sector 722 trivial sector 722 55

non trivial sector 725 25 6

non trivial sector 726 trivial sector 726  6

non trivial sector 729 trivial sector 729 66
non trivial sector 727 trivial sector 727 77
non trivial sector 732 6
non trivial sector 730 trivial sector 730 66

non trivial sector 728 trivial sector 728 5

non trivial sector 731 trivial sector 731 77

non trivial sector non trivial sector 738 38 5

non trivial sector 739 trivial sector 739 66

non trivial sector 733 7

non trivial sector non trivial sector 744 55

non trivial sector 740 trivial sector 740 55

non trivial sector 742 trivial sector 742 66
non trivial sector 741 6
non trivial sector 743 7

non trivial sector 735 trivial sector 735 8

non trivial sector 745 45 6

non trivial sector 734 trivial sector 734 77
non trivial sector 748 trivial sector 748 66

non trivial sector 747 trivial sector 747 7

non trivial sector 750 trivial sector 750 77

non trivial sector 754 trivial sector 754 66
non trivial sector 749 49 7

non trivial sector 755 trivial sector 755 77
non trivial sector 757 trivial sector 757 7

non trivial sector 746 trivial sector 746 6

non trivial sector 751 trivial sector 751 88

non trivial sector 760 60 6

non trivial sector 761 trivial sector 761 7

non trivial sector 762 77

non trivial sector 756 trivial sector 756 66

non trivial sector 758 trivial sector 758 77

non trivial sector non trivial sector 764 77
non trivial sector 759 trivial sector 759 88
non trivial sector 763 trivial sector 763 8

non trivial sector 766 trivial sector 766 88
non trivial sector 765 trivial sector 765 88

non trivial sector 767 trivial sector 767 9

non trivial sector 779 trivial sector 779 55

non trivial sector 780 trivial sector 780 44

non trivial sector 781 trivial sector 781 55

non trivial sector non trivial sector 782 5

non trivial sector 778 trivial sector 778 44

non trivial sector 787 87 5

non trivial sector non trivial sector 786 86 4
non trivial sector non trivial sector 783 6

non trivial sector 788 trivial sector 788 44
non trivial sector 792 trivial sector 792 4

non trivial sector 789 trivial sector 789 55

non trivial sector 793 trivial sector 793 55

non trivial sector 790 trivial sector 790 55
non trivial sector 791 91 6

non trivial sector 794 trivial sector 794 5
non trivial sector 796 trivial sector 796 55

non trivial sector 798 trivial sector 798 6

non trivial sector 795 trivial sector 795 6

non trivial sector non trivial sector 797 66

non trivial sector 802 trivial sector 802 44

non trivial sector 799 trivial sector 799 7

non trivial sector 803 trivial sector 803 55

non trivial sector 808 44

non trivial sector 810 trivial sector 810 55

non trivial sector non trivial sector 804804 44

non trivial sector 805 5
non trivial sector non trivial sector 807 6

non trivial sector 806 trivial sector 806 55

non trivial sector non trivial sector 809 09 5

non trivial sector 811 trivial sector 811 66
non trivial sector 813 trivial sector 813 6

non trivial sector 812 trivial sector 812 55
non trivial sector non trivial sector 814 66

non trivial sector 818 trivial sector 818 5

non trivial sector 820 trivial sector 820  5

non trivial sector 819 19 6

non trivial sector 815 7

non trivial sector 823 trivial sector 823 7

non trivial sector 825 trivial sector 825 6
non trivial sector 824 24 5
non trivial sector 826 trivial sector 826 6

non trivial sector 822 trivial sector 822 66
non trivial sector 828 trivial sector 828 66

non trivial sector 821 trivial sector 821 66

non trivial sector non trivial sector 829 77

non trivial sector 827 trivial sector 827 77
non trivial sector 835 35 5

non trivial sector 830 trivial sector 830 77

non trivial sector 831 trivial sector 831 88
non trivial sector non trivial sector 837 37 5

non trivial sector 841 trivial sector 841 55

non trivial sector non trivial sector 836 36 44

non trivial sector 839 66

non trivial sector 838 trivial sector 838 55

non trivial sector 834 34 4

non trivial sector non trivial sector 842 5

non trivial sector 840 trivial sector 840 44
non trivial sector 846 trivial sector 846 6
non trivial sector 845 45 6
non trivial sector 844 trivial sector 844 5

non trivial sector 847 trivial sector 847 77

non trivial sector 843 trivial sector 843 66

non trivial sector 853 6
non trivial sector 854 trivial sector 854 6

non trivial sector 856 trivial sector 856 55

non trivial sector 851 trivial sector 851 66

non trivial sector non trivial sector 857857 6
non trivial sector 855 7
non trivial sector 852 trivial sector 852 55

non trivial sector 859 trivial sector 859 77
non trivial sector 850 trivial sector 850 5
non trivial sector 858 trivial sector 858 66

non trivial sector 862 77

non trivial sector non trivial sector 860 60 6

non trivial sector 867 trivial sector 867 66

non trivial sector 868 trivial sector 868 55
non trivial sector 863 trivial sector 863 88

non trivial sector 866 trivial sector 866 55

non trivial sector 871 trivial sector 871 7
non trivial sector 861 trivial sector 861 77

non trivial sector 872 trivial sector 872 55

non trivial sector 877 trivial sector 877 7

non trivial sector 873 trivial sector 873 6

non trivial sector 874 6
non trivial sector 870 trivial sector 870 66

non trivial sector 876 trivial sector 876 66
non trivial sector 869 trivial sector 869 6

non trivial sector non trivial sector 882882 66

non trivial sector 878 7

non trivial sector 875 trivial sector 875 77

non trivial sector 883 trivial sector 883 77

non trivial sector non trivial sector 879 79 8

non trivial sector 889 trivial sector 889 7
non trivial sector 884 trivial sector 884 66
non trivial sector 885 trivial sector 885 77
non trivial sector 888 trivial sector 888 6

non trivial sector non trivial sector 886 86 7

non trivial sector 890 trivial sector 890 77
non trivial sector 887 trivial sector 887 88

non trivial sector 891 91 8

non trivial sector 894 trivial sector 894 8

non trivial sector 893 trivial sector 893 8

non trivial sector 903 03 6

non trivial sector 895 trivial sector 895  9

non trivial sector 892 trivial sector 892 77

non trivial sector 901 trivial sector 901 55
non trivial sector 906 trivial sector 906 55
non trivial sector 902 trivial sector 902 5
non trivial sector 899 trivial sector 899 5

non trivial sector 905 trivial sector 905 5
non trivial sector 904 trivial sector 904 4

non trivial sector 908 55

non trivial sector 898 trivial sector 898 4

non trivial sector 907 trivial sector 907 6

non trivial sector 900 00 4

non trivial sector 909 trivial sector 909 6
non trivial sector 911 trivial sector 911 77
non trivial sector 920 5
non trivial sector 910 trivial sector 910 66
non trivial sector 915 trivial sector 915 66
non trivial sector 914 trivial sector 914 55

non trivial sector 919 trivial sector 919 77
non trivial sector 918 trivial sector 918 66

non trivial sector 921 66
non trivial sector 922 trivial sector 922 66
non trivial sector 924 trivial sector 924 66

non trivial sector 916 trivial sector 916 55
non trivial sector 930 trivial sector 930 55
non trivial sector 917 trivial sector 917 66

non trivial sector 923 trivial sector 923 77

non trivial sector 925 77

non trivial sector 933 trivial sector 933 66

non trivial sector 927 trivial sector 927 88

non trivial sector 926 trivial sector 926 7

non trivial sector 932 trivial sector 932 55
non trivial sector 931 trivial sector 931 6

non trivial sector 938 trivial sector 938 66
non trivial sector 935 trivial sector 935 77

non trivial sector 936 55

non trivial sector non trivial sector 937 37 6

non trivial sector 939 trivial sector 939 77

non trivial sector 941 7

non trivial sector 940 trivial sector 940 6

non trivial sector 948 48 6

non trivial sector 934 trivial sector 934 66

non trivial sector 943 43 8

non trivial sector 947 trivial sector 947 7

non trivial sector 942 trivial sector 942 7
non trivial sector 946 trivial sector 946 6
non trivial sector 950 trivial sector 950 77

non trivial sector 956 trivial sector 956 77
non trivial sector 951 trivial sector 951 8
non trivial sector 952 trivial sector 952 66

non trivial sector non trivial sector 954 54 7

non trivial sector 953 trivial sector 953 77

non trivial sector 949 trivial sector 949 7

non trivial sector non trivial sector 958 58 8

non trivial sector 957 trivial sector 957 88

non trivial sector 955 55 8

non trivial sector 959 trivial sector 959 9

non trivial sector 962 trivial sector 962 55

non trivial sector 966 trivial sector 966 66
non trivial sector 964 trivial sector 964 5

non trivial sector non trivial sector 963 63 6

non trivial sector 967 trivial sector 967 77

non trivial sector 968 trivial sector 968 55
non trivial sector 969 trivial sector 969 66

non trivial sector 971971 77

non trivial sector 970 66
non trivial sector 973 73 7
non trivial sector 972 trivial sector 972 6

non trivial sector non trivial sector 965 65 6

non trivial sector 975 trivial sector 975 88

non trivial sector 978 trivial sector 978 66

non trivial sector 981 77

non trivial sector 980 trivial sector 980 66

non trivial sector 982 trivial sector 982 77

non trivial sector 974 trivial sector 974 7

non trivial sector 984 trivial sector 984 6

non trivial sector 985 trivial sector 985 77

non trivial sector 989 trivial sector 989 88
non trivial sector 988 trivial sector 988 77

non trivial sector 979 trivial sector 979 77

non trivial sector 987 trivial sector 987 88

non trivial sector 995 trivial sector 995 77

non trivial sector 994 trivial sector 994 6
non trivial sector 990 trivial sector 990 88
nnon trivial sector 986 86 7

non trivial sector 991 trivial sector 991 99

non trivial sector 983 trivial sector 983 88

non trivial sector 1000trivial sector 1000 66
non trivial sector 1001trivial sector 1001 7
non trivial sector 999 8
non trivial sector non trivial sector 997 97 7

non trivial sector 998 trivial sector 998 7
non trivial sector 1003trivial sector 1003 88

non trivial sector 1004trivial sector 1004 77
non trivial sector 1005trivial sector 1005 8

non trivial sector 1007trivial sector 1007 9

non trivial sector 996 trivial sector 996 66

non trivial sector 1002 002 7

non trivial sector 1006trivial sector 1006 8

non trivial sector 1010trivial sector 1010 77

non trivial sector 1011trivial sector 1011 8

non trivial sector 1012trivial sector 1012 77

non trivial sector 1013trivial sector 1013 88

non trivial sector 1014trivial sector 1014 8
non trivial sector 1016trivial sector 1016 7

non trivial sector 1015 015 9

non trivial sector 1018 88
non trivial sector non trivial sector 1017 017 8

non trivial sector 1019trivial sector 1019 99

non trivial sector 1020trivial sector 1020 88

non trivial sector 1021trivial sector 1021 99
non trivial sector 1023trivial sector 1023 110

non trivial sector 1022trivial sector 1022 9

non trivial sector non trivial sector 1049 049 4

non trivial sector non trivial sector 1053 55
non trivial sector 1051trivial sector 1051 55

non trivial sector 1048trivial sector 1048 33

non trivial sector 1050trivial sector 1050 4

non trivial sector 1052 44
non trivial sector 1055trivial sector 1055 66

non trivial sector 1064trivial sector 1064 3
non trivial sector non trivial sector 1054 054 5

non trivial sector 1066trivial sector 1066 4

non trivial sector 1068trivial sector 1068 4

non trivial sector 1070trivial sector 1070 5

non trivial sector 1069 5

non trivial sector 1067 5

non trivial sector 1071 071 6
non trivial sector non trivial sector 1065 065 4

non trivial sector 1080trivial sector 1080 44
non trivial sector 1081trivial sector 1081 55
non trivial sector 1085trivial sector 1085 6
non trivial sector non trivial sector 1082 082 5

non trivial sector 1084trivial sector 1084 5

non trivial sector non trivial sector 1083 66

non trivial sector 1087trivial sector 1087 7

non trivial sector non trivial sector 1086 66

non trivial sector 1096trivial sector 1096 3

non trivial sector 1100trivial sector 1100 4

non trivial sector 1098trivial sector 1098 4

non trivial sector 1103trivial sector 1103 66
non trivial sector 1097 097 4
non trivial sector non trivial sector 1102 102 5

non trivial sector 1101trivial sector 1101 5

non trivial sector 1109trivial sector 1109 5

non trivial sector 1110trivial sector 1110 5
non trivial sector 1099trivial sector 1099 55
non trivial sector 1106trivial sector 1106 4

non trivial sector 1113 5
nnon trivial sector 1108 4

non trivial sector 1114 114 5

non trivial sector 1112 112 4
non trivial sector 1111 111 6

non trivial sector 1107trivial sector 1107 5

non trivial sector non trivial sector 1117 117 6

non trivial sector 1115trivial sector 1115 66

non trivial sector 1116trivial sector 1116 5

non trivial sector 1118trivial sector 1118 6
non trivial sector 1129trivial sector 1129 55

non trivial sector 1119trivial sector 1119 77

non trivial sector 1131trivial sector 1131 66

non trivial sector 1128trivial sector 1128 4

non trivial sector 1133trivial sector 1133 66

non trivial sector 1130 5
non trivial sector 1132trivial sector 1132 55
non trivial sector 1134trivial sector 1134 6

non trivial sector 1139trivial sector 1139 66
non trivial sector 1135trivial sector 1135 77
non trivial sector 1140trivial sector 1140 55
non trivial sector 1143trivial sector 1143 7

non trivial sector 1138trivial sector 1138 55
non trivial sector 1142trivial sector 1142 66
non trivial sector 1145trivial sector 1145 66
non trivial sector 1141trivial sector 1141 6

non trivial sector 1144trivial sector 1144 55
non trivial sector 1146trivial sector 1146 66
non trivial sector non trivial sector 1148 148 6

non trivial sector 1147trivial sector 1147 77

non trivial sector 1149trivial sector 1149 77

non trivial sector 1154trivial sector 1154 3
non trivial sector 1155trivial sector 1155 44

non trivial sector 1156trivial sector 1156 33
non trivial sector 1150trivial sector 1150 7

non trivial sector 1151 151 8

non trivial sector 1161trivial sector 1161 4
non trivial sector 1158trivial sector 1158 44
non trivial sector non trivial sector 1159 159 5

non trivial sector 1162trivial sector 1162 44

non trivial sector non trivial sector 1160 160 3

non trivial sector 1157trivial sector 1157 44

non trivial sector non trivial sector 1166 166 5

non trivial sector 1163trivial sector 1163 5

non trivial sector 1164trivial sector 1164 4

non trivial sector 1170trivial sector 1170 44

non trivial sector 1165trivial sector 1165 55

non trivial sector 1171trivial sector 1171 55

non trivial sector 1175trivial sector 1175 66

non trivial sector 1167trivial sector 1167 6

non trivial sector 1174trivial sector 1174 55

non trivial sector 1178trivial sector 1178 55

non trivial sector 1176trivial sector 1176 4

non trivial sector 1172trivial sector 1172 4

non trivial sector 1173trivial sector 1173 5

non trivial sector 1177trivial sector 1177 5

non trivial sector non trivial sector 1180 5

non trivial sector 1181trivial sector 1181 66
non trivial sector 1182trivial sector 1182 66

non trivial sector 1179trivial sector 1179 6
non trivial sector 1183trivial sector 1183 7

non trivial sector 1189trivial sector 1189 5

non trivial sector 1188trivial sector 1188 44

non trivial sector 1186trivial sector 1186 44

non trivial sector 1193trivial sector 1193 5

non trivial sector 1191trivial sector 1191 66

non trivial sector 1187trivial sector 1187 55

non trivial sector 1195 195 6

non trivial sector 1192 192 4

non trivial sector non trivial sector 1196 196 5

non trivial sector non trivial sector 1190 190 5

non trivial sector 1203trivial sector 1203 6

non trivial sector 1197trivial sector 1197 66

non trivial sector 1194 194 5

non trivial sector 1198trivial sector 1198 6

non trivial sector 1199 199 7

non trivial sector non trivial sector 1204 204 5

non trivial sector 1208trivial sector 1208 55
non trivial sector 1206trivial sector 1206 66

non trivial sector 1205trivial sector 1205 66

non trivial sector 1207trivial sector 1207 7

non trivial sector 1209 6

non trivial sector 1210trivial sector 1210 66
non trivial sector 1214trivial sector 1214 7

non trivial sector 1212 6
non trivial sector 1211trivial sector 1211 77
non trivial sector 1202trivial sector 1202 55

non trivial sector 1218 218 4

non trivial sector 1215trivial sector 1215 8

non trivial sector 1219 219 5
non trivial sector 1213trivial sector 1213 77

non trivial sector 1224trivial sector 1224  4

non trivial sector non trivial sector 1222 222 5

non trivial sector 1225 225 5

non trivial sector 1221trivial sector 1221 55
non trivial sector non trivial sector 1220 4

non trivial sector 1228trivial sector 1228 5

non trivial sector 1227trivial sector 1227 66

non trivial sector 1226trivial sector 1226 55

non trivial sector 1223trivial sector 1223 66

non trivial sector non trivial sector 1235 235 6

non trivial sector 1230trivial sector 1230 66

non trivial sector 1231trivial sector 1231 77

non trivial sector 1238 66

non trivial sector 1234 234 5

non trivial sector 1240trivial sector 1240 55
non trivial sector 1237trivial sector 1237 66

non trivial sector 1236trivial sector 1236 55

non trivial sector 1229trivial sector 1229 66

non trivial sector 1239 239 7
non trivial sector 1241trivial sector 1241 66

non trivial sector 1242trivial sector 1242 66

non trivial sector 1247trivial sector 1247 88

non trivial sector 1245trivial sector 1245 77

non trivial sector 1251trivial sector 1251 66
non trivial sector 1246trivial sector 1246 77
non trivial sector 1252trivial sector 1252 55
non trivial sector 1244trivial sector 1244 6

non trivial sector non trivial sector 1250 250 5

non trivial sector non trivial sector 1243 243 7

non trivial sector 1256trivial sector 1256  5

non trivial sector 1254trivial sector 1254 66
non trivial sector 12551255 7

non trivial sector non trivial sector 1260 260 6
non trivial sector 1257trivial sector 1257 66
non trivial sector 1253 66
non trivial sector 1261trivial sector 1261 77
non trivial sector 1263trivial sector 1263 88

non trivial sector 1262 262 7

non trivial sector non trivial sector 1266 6

non trivial sector 1258trivial sector 1258 66

non trivial sector 1259trivial sector 1259 7

non trivial sector 1268trivial sector 1268 6

non trivial sector 1267trivial sector 1267 7
non trivial sector 1269 269 7
non trivial sector 1272trivial sector 1272 66

non trivial sector non trivial sector 1271 271 8
non trivial sector 1277trivial sector 1277 88

non trivial sector 1278 88
non trivial sector 1270trivial sector 1270 7
non trivial sector 1273trivial sector 1273 7

non trivial sector 1275trivial sector 1275 8

non trivial sector 1276 276 7

non trivial sector 1279trivial sector 1279 99

non trivial sector non trivial sector 1274 274 7

non trivial sector 1293trivial sector 1293 5

non trivial sector 1295trivial sector 1295 66

non trivial sector 1291trivial sector 1291 55

non trivial sector 1292trivial sector 1292 44

non trivial sector 1290trivial sector 1290 4

non trivial sector 1298trivial sector 1298 44

non trivial sector 1299trivial sector 1299 55

non trivial sector 1294 294 55
non trivial sector 1300trivial sector 1300 44

non trivial sector 1305trivial sector 1305 55

non trivial sector 1301trivial sector 1301 5

non trivial sector 1304trivial sector 1304 44

non trivial sector 1307trivial sector 1307 6

non trivial sector 1302trivial sector 1302 55

non trivial sector 1310 310trivial sector  6
non trivial sector 1311trivial sector 1311 7
non trivial sector 1314 4

non trivial sector 1306trivial sector 1306 55

non trivial sector 1303 303 6
non trivial sector 1308trivial sector 1308 5
non trivial sector 1316 4

non trivial sector 1317trivial sector 1317 5

non trivial sector 1320trivial sector 1320 44

non trivial sector 1315trivial sector 1315 5

non trivial sector 1321trivial sector 1321 55

non trivial sector 1318trivial sector 1318 55
non trivial sector 1309trivial sector 1309 6

non trivial sector 1324trivial sector 1324 55
non trivial sector 1323trivial sector 1323 66
non trivial sector 1322trivial sector 1322 5

non trivial sector 1319trivial sector 1319 66

non trivial sector 1327trivial sector 1327 77

non trivial sector 1326trivial sector 1326 6

non trivial sector 1331 6

non trivial sector 1332trivial sector 1332 5

non trivial sector 1325trivial sector 1325 66

non trivial sector 1330 330 5
non trivial sector 1333trivial sector 1333 66
non trivial sector non trivial sector 1338 66

non trivial sector 1335 335 7

non trivial sector 1337trivial sector 1337 6

non trivial sector 1334trivial sector 1334 66

non trivial sector 1339 7

non trivial sector 1336trivial sector 1336 55

non trivial sector 1341trivial sector 1341 77

non trivial sector 1340trivial sector 1340 66
non trivial sector 1346trivial sector 1346 44

non trivial sector 1342trivial sector 1342 77
non trivial sector 1349 349 5

non trivial sector 1347trivial sector 1347 5

non trivial sector 1352 352 4

non trivial sector non trivial sector 1343 343 8

non trivial sector 1351trivial sector 1351 66

non trivial sector 1348trivial sector 1348 4

non trivial sector 1350trivial sector 1350 5

non trivial sector 1353trivial sector 1353 5

non trivial sector non trivial sector 1354 354 5

non trivial sector 1358 63586
non trivial sector 1355trivial sector 1355 66

non trivial sector 1362trivial sector 1362 55

non trivial sector 1357trivial sector 1357 66

non trivial sector non trivial sector 1356 356 55
non trivial sector 1359trivial sector 1359 7
non trivial sector 1363trivial sector 1363 66

non trivial sector 1365trivial sector 1365 6

non trivial sector non trivial sector 1364 364 5

non trivial sector 1369trivial sector 1369 66

non trivial sector non trivial sector 1366 366 6

non trivial sector non trivial sector 1368 55

non trivial sector 1372trivial sector 1372 66

non trivial sector 1371trivial sector 1371 77

non trivial sector 1370trivial sector 1370 66

non trivial sector non trivial sector 1374 374 7

non trivial sector 1373trivial sector 1373 7

non trivial sector 1367trivial sector 1367 7

non trivial sector 1375trivial sector 1375 8

non trivial sector 1382trivial sector 1382 66

non trivial sector 1379trivial sector 1379 66

non trivial sector 1378 378 5
non trivial sector 1380trivial sector 1380 55
non trivial sector 1381trivial sector 1381 66

non trivial sector 1384trivial sector 1384 55
non trivial sector non trivial sector 1385 385 6

non trivial sector 1383trivial sector 1383 7
non trivial sector 1386trivial sector 1386 66

non trivial sector 1387trivial sector 1387 7

non trivial sector 1390trivial sector 1390 7

non trivial sector 1389trivial sector 1389 77
non trivial sector 1388trivial sector 1388 6

non trivial sector 1396trivial sector 1396 6
non trivial sector 1391trivial sector 1391 8

non trivial sector 1394 394 6

non trivial sector 1395trivial sector 1395 7

non trivial sector 1399 8

non trivial sector 1397trivial sector 1397 7
non trivial sector 1398 398 77
non trivial sector 1400trivial sector 1400 6

non trivial sector 1404trivial sector 1404 7

non trivial sector 1406trivial sector 1406 88

non trivial sector 1401trivial sector 1401 77
non trivial sector 1412 412 4
non trivial sector 1402 402 7

non trivial sector 1410 410 4
non trivial sector 1411trivial sector 1411 55
non trivial sector 1405trivial sector 1405 8

non trivial sector 1407trivial sector 1407 99
non trivial sector 1417trivial sector 1417 5
non trivial sector non trivial sector 1414 414 5

non trivial sector 1416trivial sector 1416 4

non trivial sector 1415trivial sector 1415 66
non trivial sector 1413trivial sector 1413 55

non trivial sector 1419trivial sector 1419  6

non trivial sector non trivial sector 1403 8
non trivial sector 1420trivial sector 1420 5
non trivial sector non trivial sector 1428 428 5
nnon trivial sector 14221422 6

non trivial sector 1421 421 6

non trivial sector 1418trivial sector 1418 5
non trivial sector 1423trivial sector 1423 77

non trivial sector 1429 429 6

non trivial sector 1431trivial sector 1431 77

non trivial sector 1427trivial sector 1427 66
non trivial sector 1430 430 6

non trivial sector 1426trivial sector 1426 5

non trivial sector 1432trivial sector 1432 5
non trivial sector 1433trivial sector 1433 66
non trivial sector 1435trivial sector 1435 77
non trivial sector 1437trivial sector 1437 77

non trivial sector 1439 8
non trivial sector non trivial sector 1438 438 7

non trivial sector 1436trivial sector 1436 66
non trivial sector 1447trivial sector 1447 7

non trivial sector 1444trivial sector 1444 5

non trivial sector 1442trivial sector 1442 55

non trivial sector 1434trivial sector 1434 6

non trivial sector 1443 64436
non trivial sector 1449trivial sector 1449 66
non trivial sector non trivial sector 1446 446 6

non trivial sector 1445trivial sector 1445 66

non trivial sector 1448trivial sector 1448 55
non trivial sector 1452trivial sector 1452 6

non trivial sector 1450trivial sector 1450 66
non trivial sector non trivial sector 1453 453 7

non trivial sector 1451trivial sector 1451 77

non trivial sector non trivial sector 1455 455 8

non trivial sector 1454trivial sector 1454 77

non trivial sector 1463trivial sector 1463 88

non trivial sector 1458trivial sector 1458 66

non trivial sector 1459 459 7

non trivial sector 1462trivial sector 1462 7

non trivial sector 1460trivial sector 1460 6

non trivial sector 1461trivial sector 1461 77
non trivial sector 1470 470 8
non trivial sector 1464trivial sector 1464 6
non trivial sector 1465trivial sector 1465 77

non trivial sector non trivial sector 1467 467 8

non trivial sector 1466trivial sector 1466 7

non trivial sector 1468trivial sector 1468 7

non trivial sector 1474 474 5
non trivial sector 1475trivial sector 1475 6

non trivial sector 1477trivial sector 1477 66

non trivial sector 1481 64816
non trivial sector non trivial sector 1480 480 5

non trivial sector 1479 479 7

non trivial sector 1476 476 5

non trivial sector 1471trivial sector 1471 99

non trivial sector 1478trivial sector 1478 66

non trivial sector 1485trivial sector 1485 7
non trivial sector 1483trivial sector 1483 77

non trivial sector 1469trivial sector 1469 88

non trivial sector 1482trivial sector 1482 6

non trivial sector 1487trivial sector 1487  8
non trivial sector 1484trivial sector 1484 6

non trivial sector 1491trivial sector 1491 7

non trivial sector 1493trivial sector 1493 77
non trivial sector 1490trivial sector 1490 6

non trivial sector 1486trivial sector 1486 77

non trivial sector 1492trivial sector 1492 66
non trivial sector 1495trivial sector 1495 88

non trivial sector 1496trivial sector 1496 6
non trivial sector 1497 497 7

non trivial sector 1499trivial sector 1499 88
non trivial sector non trivial sector 1500 500 7

non trivial sector 1498 498 7

non trivial sector non trivial sector 1494 494 7

non trivial sector 1506trivial sector 1506 6

non trivial sector 1501trivial sector 1501 8

non trivial sector 1508trivial sector 1508 66
non trivial sector 1509trivial sector 1509 7

non trivial sector 1511 511 8

non trivial sector 15031503 9
non trivial sector 1502 88
non trivial sector 1507 7
non trivial sector 1513trivial sector 1513 77

non trivial sector 1512trivial sector 1512 66
non trivial sector 1510trivial sector 1510 7
non trivial sector 1514trivial sector 1514 7
non trivial sector 1518 518 8

non trivial sector non trivial sector 1515 88

non trivial sector 1517 517 8

non trivial sector 1519trivial sector 1519 9

non trivial sector 1523 523 8
non trivial sector 1516trivial sector 1516 77

non trivial sector 1525trivial sector 1525 88

non trivial sector 1522 522trivial sector  7

non trivial sector 1526trivial sector 1526 88

non trivial sector 1529trivial sector 1529 88

non trivial sector non trivial sector 1524 524 7

non trivial sector 1530trivial sector 1530 8

non trivial sector non trivial sector 1533 533 9
non trivial sector 1532 8
non trivial sector 1531 9
non trivial sector 1527trivial sector 1527 99

non trivial sector 1528trivial sector 1528 7

non trivial sector 1534trivial sector 1534 9

non trivial sector 1535trivial sector 1535 110

non trivial sector 1563trivial sector 1563  6
non trivial sector 1560trivial sector 1560 44
non trivial sector 1562trivial sector 1562 55

non trivial sector 1561trivial sector 1561 5

non trivial sector 1566trivial sector 1566 6

non trivial sector 1564trivial sector 1564 5

non trivial sector 1567 567 7

non trivial sector non trivial sector 15651565 6

non trivial sector 1577trivial sector 1577 5

non trivial sector 1579trivial sector 1579 6

non trivial sector 1578trivial sector 1578 5

non trivial sector 1581trivial sector 1581 66

non trivial sector 1580trivial sector 1580 5

non trivial sector 1576 576 4

non trivial sector 1583trivial sector 1583 77

non trivial sector 1582 582 6

non trivial sector 1596trivial sector 1596 6

non trivial sector 1594trivial sector 1594 66
non trivial sector non trivial sector 15921592 55

non trivial sector 1595 7

non trivial sector 1597trivial sector 1597 77

non trivial sector 1593trivial sector 1593 66

non trivial sector 1608trivial sector 1608 44
non trivial sector 1599trivial sector 1599 88
non trivial sector non trivial sector 1598 7

non trivial sector 1610 610 5

non trivial sector 1609trivial sector 1609 55
non trivial sector 1611trivial sector 1611 66

non trivial sector 1617trivial sector 1617 55

non trivial sector 1616trivial sector 1616 44

non trivial sector 1612trivial sector 1612 5

non trivial sector 1615 615 7
non trivial sector 1619trivial sector 1619 66
non trivial sector 1622trivial sector 1622 6
non trivial sector non trivial sector 1613 6
non trivial sector 1618 618 5

non trivial sector 1614trivial sector 1614 6

non trivial sector 1625 625 6
non trivial sector 1623trivial sector 1623 7
non trivial sector 1621trivial sector 1621 6
non trivial sector 1624trivial sector 1624 55
non trivial sector 1620 620 5

non trivial sector 1627trivial sector 1627 7

non trivial sector 1626trivial sector 1626 66
non trivial sector 1628trivial sector 1628 66

non trivial sector 1631trivial sector 1631 8
non trivial sector 1629trivial sector 1629 7

non trivial sector 1630trivial sector 1630 77

non trivial sector 1642 642 6

non trivial sector 1644trivial sector 1644 6
non trivial sector 1643trivial sector 1643 77
non trivial sector 1641trivial sector 1641 66

non trivial sector 1640trivial sector 1640 55
non trivial sector 1648trivial sector 1648 55

non trivial sector 1647trivial sector 1647 8

non trivial sector non trivial sector 1649 649 6

non trivial sector 1650trivial sector 1650 66
non trivial sector 1653trivial sector 1653 7
non trivial sector 1645trivial sector 1645 77
non trivial sector 1652trivial sector 1652 66

non trivial sector non trivial sector 1646 646 7

non trivial sector 1656 6

non trivial sector 1657trivial sector 1657 7

non trivial sector 1651trivial sector 1651 7
non trivial sector non trivial sector 1658 77

non trivial sector 1660trivial sector 1660 7

non trivial sector 1655trivial sector 1655 88

non trivial sector 1654trivial sector 1654 7

non trivial sector 1659trivial sector 1659 8

non trivial sector 1663trivial sector 1663 9
non trivial sector 1664 664trivial sector  3

non trivial sector 1666 666 4

non trivial sector 1662trivial sector 1662 88
non trivial sector 1667 55
non trivial sector 1670trivial sector 1670 5
non trivial sector 1665trivial sector 1665 4

non trivial sector 1674trivial sector 1674 5

non trivial sector 1672 4

non trivial sector 1676trivial sector 1676 55
non trivial sector 1669trivial sector 1669 5

non trivial sector 1679trivial sector 1679 7
non trivial sector 1661trivial sector 1661 8
non trivial sector 1668trivial sector 1668 4

non trivial sector 1673trivial sector 1673 5

non trivial sector 1682trivial sector 1682 55

non trivial sector 1680trivial sector 1680 4
non trivial sector 1675trivial sector 1675 66

non trivial sector 1671trivial sector 1671 6

non trivial sector 1678trivial sector 1678 66

non trivial sector 1684trivial sector 1684 55

non trivial sector 1681 5
non trivial sector 1683trivial sector 1683 66

non trivial sector 1687trivial sector 1687 77

non trivial sector 1685 685 6

non trivial sector 1689 689 66
non trivial sector 1692 6

non trivial sector 1688trivial sector 1688 55

non trivial sector 1686trivial sector 1686 66
non trivial sector 1690trivial sector 1690 6

non trivial sector 1677trivial sector 1677 66
non trivial sector 1698trivial sector 1698 55

non trivial sector 1696trivial sector 1696 4
non trivial sector 16951695 8

non trivial sector 1691trivial sector 1691 77
non trivial sector 1693trivial sector 1693 77

non trivial sector non trivial sector 1697 697 5

non trivial sector 1694trivial sector 1694 77

non trivial sector 1700trivial sector 1700 5

non trivial sector 1703trivial sector 1703 7
non trivial sector 1701trivial sector 1701 6

non trivial sector 17041704 55

non trivial sector 1702trivial sector 1702 66
non trivial sector 1699trivial sector 1699 66

non trivial sector 1707trivial sector 1707  7

non trivial sector non trivial sector 1705 66

non trivial sector 1712trivial sector 1712 55
non trivial sector 1709trivial sector 1709 77
non trivial sector 1706 706 6

non trivial sector 1710trivial sector 1710 7
non trivial sector 1708trivial sector 1708  6
non trivial sector 1713trivial sector 1713 66

non trivial sector 1711trivial sector 1711 88

non trivial sector 1717trivial sector 1717 77
non trivial sector 1718trivial sector 1718 77

non trivial sector non trivial sector 1714 66
non trivial sector 1721trivial sector 1721 77

non trivial sector 1722 7
non trivial sector 1716trivial sector 1716 6
non trivial sector 1720trivial sector 1720 66
non trivial sector 1719trivial sector 1719 88
non trivial sector 1715trivial sector 1715 7

non trivial sector non trivial sector 1724 77

non trivial sector 1729trivial sector 1729 55

non trivial sector 1725trivial sector 1725 88

non trivial sector 1727trivial sector 1727 99

non trivial sector 1733trivial sector 1733 6

non trivial sector 1730trivial sector 1730 5

non trivial sector 1728trivial sector 1728 44
non trivial sector 1731trivial sector 1731 66
non trivial sector 1723trivial sector 1723 88

non trivial sector non trivial sector 1726 726 8
non trivial sector 1734trivial sector 1734 6

non trivial sector 1736trivial sector 1736 55
non trivial sector 1737trivial sector 1737 66

non trivial sector 1735 735 7
non trivial sector 1732trivial sector 1732 55

non trivial sector 1744 5

non trivial sector 1739trivial sector 1739 7
non trivial sector non trivial sector 1738 6

non trivial sector 1740trivial sector 1740 66

non trivial sector 1742 742 7

non trivial sector 1745trivial sector 1745 6

non trivial sector 1747trivial sector 1747 7

non trivial sector 1746trivial sector 1746 6

non trivial sector 1741trivial sector 1741 7

non trivial sector 1750trivial sector 1750 7

non trivial sector 1743trivial sector 1743 88

non trivial sector 1748trivial sector 1748 66

non trivial sector non trivial sector 1752 66

non trivial sector 1749trivial sector 1749 7

non trivial sector 1755trivial sector 1755 88
non trivial sector 1754trivial sector 1754 7

non trivial sector 1757trivial sector 1757 8

non trivial sector non trivial sector 1751 751 8

non trivial sector 1758trivial sector 1758 8

non trivial sector non trivial sector 1753 753 7

non trivial sector 1763trivial sector 1763 77

non trivial sector 1756trivial sector 1756  7

non trivial sector 1760 760 5
non trivial sector 1764trivial sector 1764 6
non trivial sector 1762trivial sector 1762 66
non trivial sector 1759trivial sector 1759 9
non trivial sector 1761trivial sector 1761 66
non trivial sector 1765trivial sector 1765 77

non trivial sector 1771trivial sector 1771 88

non trivial sector 1766 77

non trivial sector 1768trivial sector 1768 66

non trivial sector 1776 6
non trivial sector 1773trivial sector 1773 8
non trivial sector 1772trivial sector 1772 77
non trivial sector 1767 88

non trivial sector 1770trivial sector 1770 77
non trivial sector non trivial sector 1769  7
non trivial sector 1778trivial sector 1778 77

non trivial sector 1775trivial sector 1775 9

non trivial sector 1774trivial sector 1774 88

non trivial sector 1781trivial sector 1781 88

non trivial sector 1777trivial sector 1777 77

non trivial sector 1783 9

non trivial sector 1784trivial sector 1784 77

non trivial sector 1780 780 7
non trivial sector 1779trivial sector 1779 8
non trivial sector 1782trivial sector 1782 8
non trivial sector 1785trivial sector 1785 88

non trivial sector 1788trivial sector 1788 88

non trivial sector 1786 786 8

non trivial sector 1787trivial sector 1787 99
non trivial sector 1789trivial sector 1789 99

non trivial sector 1790trivial sector 1790 9

non trivial sector 1800trivial sector 1800  4

non trivial sector 1791trivial sector 1791 10

non trivial sector 1803trivial sector 1803 6
non trivial sector non trivial sector 1802 5

non trivial sector non trivial sector 1801 801 5

non trivial sector 1805trivial sector 1805 66

non trivial sector 1809trivial sector 1809 55
non trivial sector 1807trivial sector 1807 7

non trivial sector 1804 804 5
non trivial sector 1811 6
non trivial sector 1810trivial sector 1810 55

non trivial sector 1806trivial sector 1806 6

non trivial sector 1808trivial sector 1808 44

non trivial sector 1812trivial sector 1812 5

non trivial sector 1814 814 6

non trivial sector 1819trivial sector 1819 7

non trivial sector 1816trivial sector 1816 5

non trivial sector 1821 821 7

non trivial sector 1817trivial sector 1817 66

non trivial sector 1818 6
non trivial sector 1815 815 7

non trivial sector 1822 822 7

non trivial sector 1813trivial sector 1813 66
non trivial sector 1824trivial sector 1824 4

non trivial sector 1825trivial sector 1825 5
non trivial sector 1823trivial sector 1823 88

non trivial sector 1820trivial sector 1820 66
non trivial sector 1826trivial sector 1826 55

non trivial sector 1830trivial sector 1830 66

non trivial sector 1828trivial sector 1828 55
non trivial sector 1827trivial sector 1827 6

non trivial sector 1833 833 6
non trivial sector non trivial sector 1835 835 7

non trivial sector 1834trivial sector 1834 66

non trivial sector 18291829 66

non trivial sector 1832trivial sector 1832 55
non trivial sector 1838trivial sector 1838 7
non trivial sector 1836trivial sector 1836 66

non trivial sector 1839 839 8
non trivial sector 1841trivial sector 1841 66

non trivial sector 1843trivial sector 1843 7

non trivial sector 1847 88
non trivial sector 1831 831 7
non trivial sector 1844trivial sector 1844 6

non trivial sector 1849trivial sector 1849 77

non trivial sector 1840 840 5

non trivial sector 1842trivial sector 1842 6

non trivial sector 1845trivial sector 1845 77

non trivial sector 1846trivial sector 1846 77

non trivial sector 1850trivial sector 1850 77
non trivial sector 1837trivial sector 1837 77
non trivial sector 1853trivial sector 1853  8

non trivial sector 1848trivial sector 1848 66

non trivial sector 1851trivial sector 1851 8
non trivial sector 1852trivial sector 1852 7

non trivial sector 1856trivial sector 1856 4

non trivial sector 1854trivial sector 1854 88
non trivial sector 1857trivial sector 1857 55
non trivial sector 1858trivial sector 1858 55
non trivial sector 1861trivial sector 1861 6
non trivial sector non trivial sector 1855 9

non trivial sector 1860trivial sector 1860 5
non trivial sector 1864 864 5
non trivial sector 1867trivial sector 1867 77
non trivial sector 1863trivial sector 1863 77
non trivial sector 1869 869 7

non trivial sector non trivial sector 1859 859 6

non trivial sector 1862trivial sector 1862 66
non trivial sector 1871trivial sector 1871 88

non trivial sector 1866trivial sector 1866 66

non trivial sector 1865 865 6

non trivial sector 1868trivial sector 1868  6

non trivial sector 1876 876 6

non trivial sector 1873trivial sector 1873 6

non trivial sector 1872trivial sector 1872 55

non trivial sector 1880trivial sector 1880 66

non trivial sector 1878trivial sector 1878 77
non trivial sector 1874trivial sector 1874 6
non trivial sector 1875trivial sector 1875 7

non trivial sector 1881trivial sector 1881 7

non trivial sector non trivial sector 1879 879 8

non trivial sector 1870trivial sector 1870 77

non trivial sector 1884trivial sector 1884 77
nnon trivial sector 1877 877 7

non trivial sector 1888trivial sector 1888 5

non trivial sector 1886 8
non trivial sector 1883trivial sector 1883 88

non trivial sector non trivial sector 1887 887 9

non trivial sector 1885trivial sector 1885 8

non trivial sector 1889trivial sector 1889 6
non trivial sector 1893trivial sector 1893 77
non trivial sector 1894 7
non trivial sector 18901890 66
non trivial sector 1892trivial sector 1892 6
non trivial sector non trivial sector 1882 882 77

non trivial sector 1896trivial sector 1896 66

non trivial sector 1891trivial sector 1891 7

non trivial sector 1895trivial sector 1895 8

non trivial sector 1897trivial sector 1897 7
non trivial sector 1905trivial sector 1905 77
non trivial sector 1901trivial sector 1901 88

non trivial sector 1898trivial sector 1898 77
non trivial sector 1899trivial sector 1899 8

non trivial sector 1903trivial sector 1903 99

non trivial sector 1904 904 6
non trivial sector 1906trivial sector 1906 7

non trivial sector 1908 908 7

non trivial sector 1907trivial sector 1907 88

non trivial sector 1902trivial sector 1902 88

non trivial sector non trivial sector 1911 9
non trivial sector 1900 900 7

non trivial sector 1909trivial sector 1909 88

non trivial sector 1910trivial sector 1910 8

non trivial sector 1913trivial sector 1913 88
non trivial sector 1917trivial sector 1917 99
non trivial sector 1912trivial sector 1912 7

non trivial sector 1914trivial sector 1914 88

non trivial sector 1916 8

non trivial sector 1918trivial sector 1918 9
non trivial sector 1915trivial sector 1915 99

non trivial sector 1920trivial sector 1920 44

non trivial sector 1922trivial sector 1922 55

non trivial sector 1926trivial sector 1926 66

non trivial sector non trivial sector 19191919 10

non trivial sector 1927trivial sector 1927 7

non trivial sector 1923trivial sector 1923 66

non trivial sector non trivial sector 1921 921 5

non trivial sector 1928trivial sector 1928 55

non trivial sector non trivial sector 1924 55

non trivial sector 1931trivial sector 1931 77

non trivial sector 1930 930 6
non trivial sector 1933 933 7
non trivial sector non trivial sector 1925 925 6

non trivial sector 1934trivial sector 1934 77

non trivial sector 1929 66

non trivial sector 1935trivial sector 1935 88

non trivial sector 1932trivial sector 1932 66
non trivial sector non trivial sector 1936 936 5

non trivial sector 1937trivial sector 1937  6

non trivial sector 1940trivial sector 1940 66
non trivial sector 1939 77
non trivial sector 1938trivial sector 1938 66

non trivial sector 1942trivial sector 1942 77

non trivial sector 1941 941 7

non trivial sector 1943trivial sector 1943 88

non trivial sector non trivial sector 1945 945 7

non trivial sector 1944trivial sector 1944 6

non trivial sector 1948trivial sector 1948 7

non trivial sector 1949 8
non trivial sector 19461946 77

non trivial sector non trivial sector 1950 950 8

non trivial sector 1952trivial sector 1952 55

non trivial sector 1947trivial sector 1947 8

non trivial sector 1951trivial sector 1951 99

non trivial sector 1953trivial sector 1953 66

non trivial sector 1956trivial sector 1956 6
non trivial sector 1955trivial sector 1955 77

non trivial sector 1957trivial sector 1957 7
non trivial sector 1961 961 7

non trivial sector 1958trivial sector 1958 77
non trivial sector 1964trivial sector 1964 7

non trivial sector 1959trivial sector 1959 8

non trivial sector 1960trivial sector 1960 66
non trivial sector 1954trivial sector 1954 6

non trivial sector 1968trivial sector 1968 66

non trivial sector 1962trivial sector 1962 77

non trivial sector 1963trivial sector 1963 88

non trivial sector 1969trivial sector 1969 7

non trivial sector 1966trivial sector 1966 8

non trivial sector non trivial sector 1965 965 8

non trivial sector 1971trivial sector 1971 8
non trivial sector 1967trivial sector 1967 99
non trivial sector 1976trivial sector 1976 7
non trivial sector 1970trivial sector 1970 7

non trivial sector 1972 77

non trivial sector 1974trivial sector 1974 8

non trivial sector 1975trivial sector 1975 99

non trivial sector 1973trivial sector 1973 88
non trivial sector 1978trivial sector 1978 8

non trivial sector 1979trivial sector 1979 99
non trivial sector 1986trivial sector 1986 66

non trivial sector 1981 981trivial sector  9

non trivial sector 1985trivial sector 1985 66

non trivial sector 1990 7
non trivial sector 1977trivial sector 1977 88

non trivial sector 1984 984 5
nnon trivial sector 1980 8

non trivial sector 1982trivial sector 1982 9

non trivial sector 1988trivial sector 1988 6

non trivial sector 1992 6

non trivial sector 1991trivial sector 1991 88

non trivial sector non trivial sector 1983 983 1010
non trivial sector 1994trivial sector 1994 7
non trivial sector 1989 7
non trivial sector 1987trivial sector 1987 7

non trivial sector 1995 88
non trivial sector 1996 7

non trivial sector non trivial sector 1998 998 8

non trivial sector 2000trivial sector 2000 66
non trivial sector non trivial sector 1993 7

non trivial sector 19971997 88

non trivial sector 2002trivial sector 2002 7
non trivial sector 1999trivial sector 1999 99

non trivial sector 2005trivial sector 2005 88

non trivial sector 2004trivial sector 2004 7

non trivial sector 2001trivial sector 2001 7

non trivial sector 2006trivial sector 2006 8

non trivial sector 2003trivial sector 2003 88

non trivial sector 2012 012 8
non trivial sector 2008trivial sector 2008 77

non trivial sector 2013trivial sector 2013 9
non trivial sector 2010 88

non trivial sector 2011trivial sector 2011 9

non trivial sector 2007trivial sector 2007 9

non trivial sector non trivial sector 2014 014 9

non trivial sector 2009trivial sector 2009 88

non trivial sector 2018trivial sector 2018 77
non trivial sector 2015trivial sector 2015 10

non trivial sector 2021 021 8

non trivial sector 2020trivial sector 2020 77

non trivial sector 2016trivial sector 2016 66

non trivial sector 2019trivial sector 2019  8
non trivial sector 2017 7

non trivial sector 2024trivial sector 2024 7

non trivial sector 2026 026 8

non trivial sector 2025trivial sector 2025 8

non trivial sector 2028trivial sector 2028 8

non trivial sector 2023trivial sector 2023 99

non trivial sector 2022trivial sector 2022 8

non trivial sector 2032trivial sector 2032 7
non trivial sector 2029 029 9

non trivial sector 2035trivial sector 2035 99
non trivial sector non trivial sector 2034 88

non trivial sector 2031 10
non trivial sector 2033trivial sector 2033 88

non trivial sector non trivial sector 2027 027 9

non trivial sector non trivial sector 2030 030 9

non trivial sector 2036trivial sector 2036 88
non trivial sector 2037trivial sector 2037 9

non trivial sector 2042 042 9

non trivial sector 2040 88

non trivial sector 2041trivial sector 2041 99

non trivial sector 2038trivial sector 2038 9

non trivial sector non trivial sector 2043 043 10

non trivial sector 2039 110

non trivial sector 2046trivial sector 2046  10
0
non trivial sector 2045trivial sector 2045 110

non trivial sector 2044 99

non trivial sector 2047trivial sector 2047 111

non trivial sector 2074 074 4
non trivial sector 2072trivial sector 2072 33
non trivial sector 2076trivial sector 2076 44

non trivial sector 2077trivial sector 2077 55

non trivial sector 2075trivial sector 2075 55

non trivial sector 2079trivial sector 2079 6

non trivial sector 2073trivial sector 2073 4

non trivial sector 2078trivial sector 2078 55

non trivial sector 2089 089 4
non trivial sector 2090trivial sector 2090 4
non trivial sector 2091trivial sector 2091 55

non trivial sector 2088trivial sector 2088 3

non trivial sector 2094trivial sector 2094 55
non trivial sector 2092trivial sector 2092 4

non trivial sector 2093trivial sector 2093 5

non trivial sector 2104 4
non trivial sector 2095trivial sector 2095 66

non trivial sector 2106trivial sector 2106 55

non trivial sector 2107 107 6

non trivial sector 2108trivial sector 2108 5

non trivial sector non trivial sector 2105 105 5

non trivial sector 2110trivial sector 2110 66
non trivial sector 2109trivial sector 2109 66

non trivial sector non trivial sector 2111 111 7

non trivial sector 2120trivial sector 2120 3

non trivial sector 2121trivial sector 2121 44

non trivial sector 2126trivial sector 2126 55

non trivial sector 2122trivial sector 2122 44
non trivial sector non trivial sector 2124 124 4

non trivial sector 2125trivial sector 2125 5

non trivial sector 2123trivial sector 2123 5

non trivial sector 2131trivial sector 2131 55
non trivial sector non trivial sector 2130 130 4

non trivial sector non trivial sector 2127 127 6

non trivial sector 2129trivial sector 2129 4

non trivial sector 2135trivial sector 2135 66

non trivial sector 2132trivial sector 2132 4

non trivial sector 2134trivial sector 2134 5
non trivial sector 2133trivial sector 2133 55

non trivial sector 2140trivial sector 2140 55

non trivial sector 2138trivial sector 2138 55

non trivial sector 2137trivial sector 2137 5

non trivial sector 2139trivial sector 2139 66

non trivial sector 2136trivial sector 2136 44

non trivial sector 2143trivial sector 2143 77

non trivial sector 2142trivial sector 2142 66

non trivial sector 2141trivial sector 2141 66
non trivial sector non trivial sector 2153 5
non trivial sector 2158 6

non trivial sector 2157trivial sector 2157  6

non trivial sector 2152trivial sector 2152 4

non trivial sector 2162trivial sector 2162 5

non trivial sector 2155trivial sector 2155 66
non trivial sector 2156trivial sector 2156 5
non trivial sector 2163 163 6
non trivial sector 2154 55
non trivial sector 2159trivial sector 2159 7
non trivial sector 2161trivial sector 2161 5

non trivial sector 2165trivial sector 2165 66
non trivial sector non trivial sector 2164 164 5

non trivial sector 2168trivial sector 2168 55

non trivial sector 2171trivial sector 2171 7

non trivial sector 2169trivial sector 2169 66

non trivial sector 2166trivial sector 2166 6

non trivial sector non trivial sector 2167 167 7

non trivial sector 2172 6

non trivial sector 2170trivial sector 2170 66
non trivial sector non trivial sector 2178 33
non trivial sector 2173trivial sector 2173 77

non trivial sector 2175trivial sector 2175 8

non trivial sector 2177 177 3
non trivial sector 2174trivial sector 2174 7

non trivial sector 2181trivial sector 2181 44
non trivial sector 2179trivial sector 2179 4
non trivial sector 2180trivial sector 2180 3

non trivial sector 2182trivial sector 2182 44

non trivial sector 2187trivial sector 2187 55

non trivial sector 2184trivial sector 2184 33

non trivial sector 2183trivial sector 2183 55

non trivial sector 2189 5

non trivial sector 2190 190 5

non trivial sector 2193trivial sector 2193 44

non trivial sector 2185trivial sector 2185 44
non trivial sector 2186trivial sector 2186 44
non trivial sector 2195trivial sector 2195 55

non trivial sector non trivial sector 2191 66
non trivial sector 2197trivial sector 2197 5

non trivial sector 2194trivial sector 2194 4

non trivial sector 2196 196 4
non trivial sector non trivial sector 2198 198 5

non trivial sector 2201 55

non trivial sector non trivial sector 2188 44
non trivial sector 2199trivial sector 2199 66

non trivial sector 2202trivial sector 2202 5

non trivial sector 2200trivial sector 2200 4

non trivial sector 22032203 6

non trivial sector 2211trivial sector 2211 5

non trivial sector 22092209 44

non trivial sector 2206trivial sector 2206 66
non trivial sector 2205 205 6

non trivial sector 2207 207 7

non trivial sector 2204trivial sector 2204 5

non trivial sector 2210trivial sector 2210 44

non trivial sector non trivial sector 2212 44
non trivial sector 2216 216 4

non trivial sector 2214 214 5

non trivial sector 2220trivial sector 2220 55
non trivial sector 2215 215 6
non trivial sector 2217trivial sector 2217 55
non trivial sector 2222trivial sector 2222 6

non trivial sector 2218 55

non trivial sector 2219 219 6
non trivial sector 2221trivial sector 2221 66
non trivial sector non trivial sector 2213 213 5

non trivial sector 2227trivial sector 2227 66

non trivial sector 2228trivial sector 2228 55
non trivial sector 2231trivial sector 2231 7
non trivial sector 2223trivial sector 2223 7

non trivial sector 2229trivial sector 2229 6

non trivial sector 2226trivial sector 2226 55

non trivial sector 2225trivial sector 2225 55

non trivial sector 2235trivial sector 2235 77

non trivial sector 2234trivial sector 2234 6

non trivial sector 2236trivial sector 2236 6
non trivial sector 2233trivial sector 2233 66
non trivial sector 2241 4

non trivial sector 2238trivial sector 2238 7
non trivial sector 2232 232 5
non trivial sector 22392239 88
non trivial sector non trivial sector 22302230 66
non trivial sector 2237trivial sector 2237 77

non trivial sector 2244trivial sector 2244 44

non trivial sector 2245trivial sector 2245 5

non trivial sector 2248 44
non trivial sector 2243trivial sector 2243 55
non trivial sector 2250trivial sector 2250 55

non trivial sector 2247trivial sector 2247 6

non trivial sector 2251trivial sector 2251 66

non trivial sector 2252trivial sector 2252 5
non trivial sector 2246 246 5
non trivial sector 2242trivial sector 2242 44
non trivial sector 2249trivial sector 2249 55

non trivial sector 2253 66

non trivial sector non trivial sector 2254 254 6

non trivial sector non trivial sector 2258 5

non trivial sector 2257trivial sector 2257 55

non trivial sector 2260 260 5

non trivial sector 2261 261 6

non trivial sector 2262trivial sector 2262 66
non trivial sector 2263 72637
non trivial sector non trivial sector 2255 7

non trivial sector 2266 62666
non trivial sector 2259trivial sector 2259 66

non trivial sector non trivial sector 2264 264 5

non trivial sector 2265trivial sector 2265 6

non trivial sector 2267 7

non trivial sector 2268 66
non trivial sector 2271trivial sector 2271 8

non trivial sector 2275trivial sector 2275 66
non trivial sector 2277trivial sector 2277 66
non trivial sector 2270trivial sector 2270 77

non trivial sector 2273 55
non trivial sector 2276trivial sector 2276 55

non trivial sector 2282trivial sector 2282 66

non trivial sector 2274 274 5

non trivial sector 2269trivial sector 2269 7
non trivial sector 2278 66
non trivial sector 2280trivial sector 2280 55

non trivial sector 2281trivial sector 2281 66

non trivial sector 2279trivial sector 2279 7

non trivial sector 2287trivial sector 2287 88

non trivial sector non trivial sector 22892289 6

non trivial sector 2285 285 7

non trivial sector non trivial sector 2284 284 6

non trivial sector non trivial sector 2283 283 7

non trivial sector 2293 293 7

non trivial sector 2286trivial sector 2286 77
non trivial sector 2296trivial sector 2296 6
non trivial sector 2291trivial sector 2291 7
non trivial sector 2292trivial sector 2292 6

non trivial sector 2290trivial sector 2290 6

non trivial sector 2295trivial sector 2295 8

non trivial sector 2298trivial sector 2298 77
non trivial sector non trivial sector 2294 294 7

non trivial sector 2297trivial sector 2297 77
non trivial sector non trivial sector 2301 301 8

non trivial sector 2300 7

non trivial sector 2299trivial sector 2299 88

non trivial sector 2302trivial sector 2302 8

non trivial sector 2303trivial sector 2303 9

non trivial sector 2313trivial sector 2313 4

non trivial sector 2314trivial sector 2314 44

non trivial sector 2315 315 5

non trivial sector 2317trivial sector 2317 55

non trivial sector 2312trivial sector 2312 33

non trivial sector non trivial sector 2321 321 4

non trivial sector 2323trivial sector 2323 55
non trivial sector 2316trivial sector 2316 4

non trivial sector 2326trivial sector 2326 5

non trivial sector 2318trivial sector 2318 55

non trivial sector 2319trivial sector 2319 6

non trivial sector non trivial sector 2324 324 4

non trivial sector 2322trivial sector 2322 4

non trivial sector non trivial sector 2330 330 5

non trivial sector 2327 327 6

non trivial sector 2331trivial sector 2331 66

non trivial sector 2334trivial sector 2334 6

non trivial sector 2325trivial sector 2325 55

non trivial sector 2332trivial sector 2332 55
non trivial sector 2329trivial sector 2329 55

non trivial sector 2328 328 4

non trivial sector non trivial sector 2335 77

non trivial sector 2339 339 5
non trivial sector 2337 337 4

non trivial sector 2345trivial sector 2345 55
non trivial sector 2338trivial sector 2338 44
non trivial sector 2333trivial sector 2333 6

non trivial sector 2346 346 5
non trivial sector 2342 5

non trivial sector 2341 5

non trivial sector 2344trivial sector 2344 4

non trivial sector 2340trivial sector 2340 4

non trivial sector 2343trivial sector 2343 66

non trivial sector 2348trivial sector 2348 55
non trivial sector 2347trivial sector 2347 66
non trivial sector 2349trivial sector 2349 6
non trivial sector 2350trivial sector 2350 66

non trivial sector 2356trivial sector 2356 55

non trivial sector 2358trivial sector 2358 66
non trivial sector 2355trivial sector 2355 66
non trivial sector 2357trivial sector 2357 66

non trivial sector 2354trivial sector 2354 5

non trivial sector 2359 359 7

non trivial sector 2351trivial sector 2351 7

non trivial sector 2353trivial sector 2353 5
non trivial sector 2360trivial sector 2360 5

non trivial sector 2363 7
non trivial sector 2361trivial sector 2361 66

non trivial sector 2362 362 6
non trivial sector 2364trivial sector 2364  6
non trivial sector 2371trivial sector 2371 5

non trivial sector 2369trivial sector 2369 4

non trivial sector non trivial sector 23672367 88

non trivial sector 2374trivial sector 2374 55
non trivial sector 2376trivial sector 2376 44

non trivial sector 2373trivial sector 2373 5
non trivial sector 2366 77

non trivial sector 2370trivial sector 2370 4

non trivial sector 2372trivial sector 2372 4
non trivial sector 2365trivial sector 2365 77

non trivial sector 2375trivial sector 2375 66
non trivial sector 2382trivial sector 2382 66
non trivial sector 2378trivial sector 2378 5

non trivial sector 2380trivial sector 2380  5

non trivial sector 2386trivial sector 2386 55

non trivial sector 2383 383 7

non trivial sector 2377 377 5

non trivial sector 2381trivial sector 2381 6
non trivial sector non trivial sector 2388 5

non trivial sector 2379trivial sector 2379 6
non trivial sector 2385trivial sector 2385 55

non trivial sector non trivial sector 2392 392 5

non trivial sector 2387trivial sector 2387 66

non trivial sector 2389 6
non trivial sector 2390trivial sector 2390 66

non trivial sector 2393trivial sector 2393 6

non trivial sector 2396trivial sector 2396 6

non trivial sector 2394trivial sector 2394 66

non trivial sector 2395 77

non trivial sector 2391 77

non trivial sector 2397 397 7

non trivial sector 2401trivial sector 2401 5

non trivial sector 2403trivial sector 2403 6

non trivial sector 2398trivial sector 2398 77

non trivial sector 2404 404 5

non trivial sector 2406  6

non trivial sector 2407 7

non trivial sector 2399trivial sector 2399 8

non trivial sector 2409trivial sector 2409 6

non trivial sector non trivial sector 2402 402 5

non trivial sector 2408trivial sector 2408 55

non trivial sector 2412trivial sector 2412 6

non trivial sector 2405trivial sector 2405 66

non trivial sector 2411trivial sector 2411 77

non trivial sector 2410trivial sector 2410 66
non trivial sector 2414trivial sector 2414 77
non trivial sector 2413trivial sector 2413 7
non trivial sector 2415trivial sector 2415 88
nnon trivial sector 2419 419 7
non trivial sector 2418 418 6

non trivial sector 2417trivial sector 2417 66
non trivial sector 2421trivial sector 2421 77

non trivial sector 2423 8

non trivial sector 2425trivial sector 2425 7

non trivial sector 2422trivial sector 2422 77

non trivial sector 2420trivial sector 2420 6

non trivial sector 2427trivial sector 2427 88

non trivial sector 2424 6

non trivial sector 2426trivial sector 2426 7

non trivial sector 2433trivial sector 2433  4
non trivial sector 2434trivial sector 2434 4
non trivial sector 2428 428 7

non trivial sector 2430trivial sector 2430 8

non trivial sector 2429trivial sector 2429 8

non trivial sector 2435trivial sector 2435 55

non trivial sector 2437trivial sector 2437 55

non trivial sector 2431trivial sector 2431 99

non trivial sector 2436trivial sector 2436 44
nnon trivial sector 2441 5

non trivial sector 2442trivial sector 2442 5

non trivial sector 2438 438 5

non trivial sector 2439trivial sector 2439 66

non trivial sector 2444trivial sector 2444  5

non trivial sector 2446trivial sector 2446 66

non trivial sector 2447 447 7
non trivial sector 2443trivial sector 2443  6

non trivial sector 2451  6

non trivial sector non trivial sector 2445 445 6

non trivial sector 2440trivial sector 2440 4
non trivial sector 2450trivial sector 2450 5

non trivial sector 2456 5
non trivial sector 2452trivial sector 2452 5

non trivial sector 2453trivial sector 2453 6
non trivial sector 2449trivial sector 2449 55
non trivial sector 2458trivial sector 2458 66

non trivial sector 2454trivial sector 2454 6

non trivial sector non trivial sector 2457 457 6

non trivial sector 2461 461 7

non trivial sector 2455trivial sector 2455 77
non trivial sector 2460trivial sector 2460 66

non trivial sector 2459trivial sector 2459 77

non trivial sector 2465trivial sector 2465 5
non trivial sector 2468 468trivial sector  5

non trivial sector non trivial sector 2463 463 8

non trivial sector 2462trivial sector 2462 77
non trivial sector 2469trivial sector 2469 66
non trivial sector 2470trivial sector 2470 66

non trivial sector 2473 6

non trivial sector 2467trivial sector 2467 6

non trivial sector 2466trivial sector 2466 55

non trivial sector 2472trivial sector 2472 55

non trivial sector 2475trivial sector 2475 7

non trivial sector 2474trivial sector 2474 6

non trivial sector 2476trivial sector 2476 66

non trivial sector 2471trivial sector 2471 77

non trivial sector 2481trivial sector 2481 66

non trivial sector 2478 7
non trivial sector 2477trivial sector 2477 77

non trivial sector 2484trivial sector 2484 66

non trivial sector 2479trivial sector 2479 88

non trivial sector 2482trivial sector 2482 66

non trivial sector 2483trivial sector 2483 7
non trivial sector 2488trivial sector 2488 6

non trivial sector 2486trivial sector 2486 7

non trivial sector 2487trivial sector 2487 88

non trivial sector 2489trivial sector 2489 77
non trivial sector 2485trivial sector 2485 77

non trivial sector 2492trivial sector 2492 77
non trivial sector 2493trivial sector 2493 88

non trivial sector 2495trivial sector 2495 9

non trivial sector non trivial sector 2491 491 8

non trivial sector 2497trivial sector 2497 5
non trivial sector 2498 498 5

non trivial sector non trivial sector 2494 494 8

non trivial sector 2502trivial sector 2502 6
non trivial sector 2490trivial sector 2490 77

non trivial sector 2501trivial sector 2501 66
non trivial sector 2500trivial sector 2500 55

non trivial sector 2499trivial sector 2499 6

non trivial sector 2507trivial sector 2507 77

non trivial sector 2504trivial sector 2504 55
non trivial sector 2503 503 7

non trivial sector 2509 77
non trivial sector non trivial sector 2506 506 6

non trivial sector 2505 66

non trivial sector 2513trivial sector 2513 66

non trivial sector 2508 508 6
non trivial sector 2510 7

non trivial sector 2511trivial sector 2511 88

non trivial sector 2515trivial sector 2515 77
non trivial sector 2514trivial sector 2514 66

non trivial sector 2520trivial sector 2520 66

non trivial sector 2524trivial sector 2524 7

non trivial sector 2516trivial sector 2516 6

non trivial sector 2519trivial sector 2519 88
non trivial sector 2521trivial sector 2521  7

non trivial sector 2526trivial sector 2526 88
non trivial sector 2522 522 77

non trivial sector 2518trivial sector 2518 77
non trivial sector 2523trivial sector 2523 8

non trivial sector 2517trivial sector 2517 77

non trivial sector 2530trivial sector 2530 6

non trivial sector 2531trivial sector 2531 7
non trivial sector 2525trivial sector 2525 88

non trivial sector 2527trivial sector 2527 9
non trivial sector 2529trivial sector 2529 6

non trivial sector 2532 532 6

non trivial sector non trivial sector 2533 533 7

non trivial sector 2539trivial sector 2539 88

non trivial sector 2535trivial sector 2535 88
non trivial sector 2534trivial sector 2534 7
non trivial sector non trivial sector 2536 536 6
non trivial sector 2537 7

non trivial sector 2542trivial sector 2542 88

non trivial sector 2538trivial sector 2538 77
non trivial sector 2541trivial sector 2541 88
non trivial sector 2540trivial sector 2540 7

non trivial sector 2549trivial sector 2549 88
non trivial sector 2548trivial sector 2548 77
non trivial sector 2545 545 7

non trivial sector 2543trivial sector 2543 99
non trivial sector 2547trivial sector 2547 88
non trivial sector 2553trivial sector 2553 88
non trivial sector 2551trivial sector 2551 9
non trivial sector 2555trivial sector 2555 9

non trivial sector 2546 7

non trivial sector 2556trivial sector 2556 88
non trivial sector 2558 9
non trivial sector 2552 77
non trivial sector 2557 9

non trivial sector 2559 559 10
non trivial sector 2550trivial sector 2550 88

non trivial sector 2554trivial sector 2554 8

non trivial sector 2585trivial sector 2585 55

non trivial sector 2586trivial sector 2586 5

non trivial sector 2588trivial sector 2588 5

non trivial sector 2584trivial sector 2584 4

non trivial sector 2587trivial sector 2587 66

non trivial sector 2589trivial sector 2589 66

non trivial sector 2591trivial sector 2591 77
non trivial sector 2590 590 6

non trivial sector non trivial sector 2600 600 4

non trivial sector 2602trivial sector 2602 55

non trivial sector non trivial sector 2604 604 5

non trivial sector 2605trivial sector 2605 6

non trivial sector 2601trivial sector 2601 55

non trivial sector 26062606  6

non trivial sector 2603trivial sector 2603 6
non trivial sector 2607trivial sector 2607 77

non trivial sector 2619trivial sector 2619 7
non trivial sector 2620 66
non trivial sector 2616trivial sector 2616 5

non trivial sector non trivial sector 2618 618 6

non trivial sector 2617trivial sector 2617 6

non trivial sector non trivial sector 2623 8

non trivial sector non trivial sector 2621 7

non trivial sector 2622trivial sector 2622 77

non trivial sector 2632trivial sector 2632 44

non trivial sector non trivial sector 2637 637 6

non trivial sector 2638trivial sector 2638 66

non trivial sector 2641trivial sector 2641 55
non trivial sector 2635trivial sector 2635 66

non trivial sector 2634trivial sector 2634 5

non trivial sector non trivial sector 2636 636 5
non trivial sector 2640trivial sector 2640 44

non trivial sector 2639trivial sector 2639 77

non trivial sector 2643trivial sector 2643 66

non trivial sector 2642trivial sector 2642 55

non trivial sector 2633trivial sector 2633 5

non trivial sector 2646trivial sector 2646 6

non trivial sector 2644trivial sector 2644 5
non trivial sector non trivial sector 2648 55

non trivial sector 2647 647 7

non trivial sector 2645 6

non trivial sector 2649trivial sector 2649 6

non trivial sector 2651 651 7
non trivial sector non trivial sector 2650 66

non trivial sector 2653trivial sector 2653 77
non trivial sector 2652trivial sector 2652 66
non trivial sector 2654trivial sector 2654 77

non trivial sector 2655trivial sector 2655 88
non trivial sector non trivial sector 2664 5
non trivial sector 2665trivial sector 2665 66

non trivial sector 2667trivial sector 2667 77
non trivial sector 2668trivial sector 2668 6

non trivial sector 2669trivial sector 2669 77

non trivial sector 2670trivial sector 2670 7

non trivial sector 2672trivial sector 2672 55

non trivial sector non trivial sector 2666 666 6

non trivial sector 2677trivial sector 2677 7

non trivial sector 2676trivial sector 2676 6

non trivial sector non trivial sector 2671 88

non trivial sector 2680trivial sector 2680 66
non trivial sector 2673trivial sector 2673 66

non trivial sector 2675trivial sector 2675 77
non trivial sector 2674 674 6
non trivial sector 2679trivial sector 2679 88
non trivial sector 2688trivial sector 2688 3

non trivial sector 2678trivial sector 2678 77

non trivial sector non trivial sector 2681 681 7

non trivial sector 2685trivial sector 2685 8

non trivial sector non trivial sector 2684 684 7

non trivial sector non trivial sector 2682 682 7

non trivial sector 2689trivial sector 2689 4
non trivial sector non trivial sector 2686 686 8

non trivial sector 2693trivial sector 2693 55
non trivial sector 2695 6
non trivial sector 2687trivial sector 2687 9

non trivial sector 2690 690 4
non trivial sector 2691trivial sector 2691 5

non trivial sector 2696 696 4

non trivial sector 2698 55

non trivial sector non trivial sector 2683 683 8

non trivial sector 2692trivial sector 2692 44

non trivial sector 2702trivial sector 2702 6
non trivial sector non trivial sector 2694 694 55

non trivial sector 2699trivial sector 2699 6

non trivial sector 2697trivial sector 2697 55

non trivial sector 2700trivial sector 2700 55
non trivial sector non trivial sector 2703 703 7

non trivial sector 2706 5

non trivial sector 2701 701 6

non trivial sector 2709 709 6

non trivial sector 2707trivial sector 2707 66

non trivial sector 2704trivial sector 2704 44

non trivial sector 2705trivial sector 2705 55

non trivial sector 2708 5

non trivial sector 2711 7
non trivial sector 2712 712 5
non trivial sector 2710trivial sector 2710 66

non trivial sector 2714trivial sector 2714 66

non trivial sector 2713trivial sector 2713 6

non trivial sector 2718trivial sector 2718 7

non trivial sector 2721 721 5

non trivial sector 2719 87198
non trivial sector 2715trivial sector 2715 77

non trivial sector 2717trivial sector 2717 77
non trivial sector 2720trivial sector 2720 44

non trivial sector 2727trivial sector 2727 7

non trivial sector 2728 55
non trivial sector 2722trivial sector 2722 55

non trivial sector 2725trivial sector 2725 66
non trivial sector 2723trivial sector 2723 66
non trivial sector 2726trivial sector 2726 6

non trivial sector 2731trivial sector 2731 77

non trivial sector 2730trivial sector 2730 66
non trivial sector 2736 5

non trivial sector 2716 716 66

non trivial sector 2738trivial sector 2738 66

non trivial sector 2732trivial sector 2732 6

non trivial sector 2733trivial sector 2733 77

non trivial sector 2737trivial sector 2737 6

non trivial sector 2739 739trivial sector  7

non trivial sector 2724trivial sector 2724 55

non trivial sector 2744 744 66

non trivial sector non trivial sector 2740 6

non trivial sector 2734 734 7

non trivial sector 2729trivial sector 2729 66
non trivial sector 2735trivial sector 2735 8

non trivial sector 2746trivial sector 2746 77

non trivial sector 2745 77

non trivial sector 2741trivial sector 2741 77

non trivial sector 2742trivial sector 2742  7

non trivial sector 2743trivial sector 2743 88

non trivial sector 2753 55
non trivial sector 2752 752 4
non trivial sector 2747trivial sector 2747 88
non trivial sector 2749trivial sector 2749 88

non trivial sector 2748trivial sector 2748 77
non trivial sector 2750trivial sector 2750 88
non trivial sector 2754trivial sector 2754 5

non trivial sector 2757 6

non trivial sector 2755trivial sector 2755 66

non trivial sector 2761trivial sector 2761 66
non trivial sector 2751 751trivial sector  9

non trivial sector 2756trivial sector 2756 55

non trivial sector 2765trivial sector 2765 77
non trivial sector 2759trivial sector 2759 7

non trivial sector 2764trivial sector 2764 6
non trivial sector 2758trivial sector 2758 66
non trivial sector non trivial sector 2766 766 7
non trivial sector 2762trivial sector 2762 6

non trivial sector 2770 6
non trivial sector 2760 760 5
non trivial sector non trivial sector 2763 7

non trivial sector non trivial sector 2768 55

non trivial sector non trivial sector 2772 772 6

non trivial sector 2767trivial sector 2767 88

non trivial sector 2769 6

non trivial sector 2771trivial sector 2771 77

non trivial sector 2773trivial sector 2773 7
non trivial sector 2775trivial sector 2775  8

non trivial sector 2776 6

non trivial sector 2774trivial sector 2774 77
non trivial sector 2777trivial sector 2777 77

non trivial sector 2782trivial sector 2782 8

non trivial sector non trivial sector 2780 780 77
non trivial sector non trivial sector 2779 779 88

non trivial sector 2783trivial sector 2783 99
non trivial sector 2781trivial sector 2781 88

non trivial sector 2785trivial sector 2785 6

non trivial sector 2778trivial sector 2778 7

non trivial sector 2788trivial sector 2788 6
non trivial sector 2791trivial sector 2791 88
non trivial sector 2784trivial sector 2784 55
non trivial sector 2789trivial sector 2789 7

non trivial sector 2792trivial sector 2792 66

non trivial sector 2787trivial sector 2787 77
non trivial sector 2795 8

non trivial sector 2796 77
non trivial sector 2793trivial sector 2793 77

non trivial sector 2798trivial sector 2798 8
non trivial sector 2786trivial sector 2786 66
non trivial sector 2802trivial sector 2802 7

non trivial sector 2794trivial sector 2794 77

non trivial sector non trivial sector 27972797 88
non trivial sector 2790trivial sector 2790 7

non trivial sector 2801trivial sector 2801 7
non trivial sector non trivial sector 2799 799 9

non trivial sector 2800trivial sector 2800 66

non trivial sector 2805 805 8

non trivial sector 2803trivial sector 2803 8

non trivial sector non trivial sector 2806 8

non trivial sector non trivial sector 2807 807 9

non trivial sector 2808 808 7
non trivial sector 2804trivial sector 2804 7

non trivial sector 2810trivial sector 2810 8

non trivial sector 2812trivial sector 2812 8

non trivial sector 2809trivial sector 2809 8

non trivial sector 2815trivial sector 2815 110

non trivial sector 2814trivial sector 2814 99
non trivial sector 2811trivial sector 2811 99

non trivial sector 2813trivial sector 2813 9
non trivial sector 2825trivial sector 2825 5

non trivial sector 2826trivial sector 2826 55

non trivial sector 2824trivial sector 2824 44

non trivial sector 2830trivial sector 2830 66
non trivial sector 2829trivial sector 2829 66

non trivial sector 2833trivial sector 2833 5
non trivial sector 2827trivial sector 2827 6
non trivial sector non trivial sector 2828 828 5

non trivial sector 2834trivial sector 2834 55

non trivial sector 2835 835 6

non trivial sector 2838trivial sector 2838 6

non trivial sector 2832 832 4
non trivial sector 2837trivial sector 2837 6

non trivial sector non trivial sector 2836 836 5

non trivial sector 2843trivial sector 2843 7

non trivial sector 2840trivial sector 2840 5

non trivial sector 2831trivial sector 2831 77
non trivial sector 2839trivial sector 2839 7

non trivial sector 2845trivial sector 2845 77
non trivial sector non trivial sector 2841 66
non trivial sector 2848 4

non trivial sector 2851trivial sector 2851 66

non trivial sector non trivial sector 2842 6

non trivial sector 2852 5

non trivial sector 2846trivial sector 2846 77

non trivial sector non trivial sector 2844 844 6

non trivial sector 2854trivial sector 2854 6
non trivial sector 2850trivial sector 2850 55

non trivial sector 2849trivial sector 2849 55

non trivial sector 2859trivial sector 2859 77

non trivial sector 2855trivial sector 2855 7

non trivial sector 2857 857 6

non trivial sector 2856trivial sector 2856 55

non trivial sector 2847trivial sector 2847  8

non trivial sector 2860 66
non trivial sector 2863 88
non trivial sector 2865trivial sector 2865 66
non trivial sector 2861trivial sector 2861 77

non trivial sector 2862trivial sector 2862 7

non trivial sector 2853trivial sector 2853 6

non trivial sector 2869trivial sector 2869 7

non trivial sector 2864trivial sector 2864 5

non trivial sector 2871trivial sector 2871 8
non trivial sector 2858trivial sector 2858 6

non trivial sector 2870trivial sector 2870 7

non trivial sector 2866trivial sector 2866 66

non trivial sector 2868trivial sector 2868 66
non trivial sector 2867trivial sector 2867 77

non trivial sector 2874trivial sector 2874 77

non trivial sector non trivial sector 2875 875 8

non trivial sector 2873trivial sector 2873 77
non trivial sector 2876trivial sector 2876 77

non trivial sector 2872trivial sector 2872 66

non trivial sector 2878trivial sector 2878 88

non trivial sector non trivial sector 2881 881 5
non trivial sector 2879 879 9

non trivial sector 2877trivial sector 2877 8

non trivial sector 2882trivial sector 2882 55
non trivial sector 2887 887 7
non trivial sector 2884trivial sector 2884 55
non trivial sector 2880trivial sector 2880 44
nnon trivial sector 2886 886 6

non trivial sector 2889trivial sector 2889 66
non trivial sector 2885trivial sector 2885 66

non trivial sector 2883trivial sector 2883 6
non trivial sector 2890trivial sector 2890 6

non trivial sector 2891 7

non trivial sector 2892 892 6

non trivial sector non trivial sector 2895 895 8

non trivial sector 2893trivial sector 2893 77
non trivial sector non trivial sector 28962896 55

non trivial sector 2900trivial sector 2900 6
non trivial sector 2894 77
non trivial sector 2888trivial sector 2888 55
non trivial sector 2897trivial sector 2897 66
non trivial sector non trivial sector 2898 898 6
non trivial sector 28992899 7

non trivial sector 2904trivial sector 2904 6

non trivial sector 2902trivial sector 2902 7

non trivial sector 2903trivial sector 2903 88
non trivial sector 2901trivial sector 2901 77
non trivial sector 2906trivial sector 2906 7

non trivial sector 2910trivial sector 2910 88

non trivial sector 2912trivial sector 2912 55

non trivial sector 2911trivial sector 2911 9
non trivial sector 2908trivial sector 2908 7

non trivial sector 2914 914 6

non trivial sector 2909trivial sector 2909 88

non trivial sector 2907trivial sector 2907 8

non trivial sector 2913trivial sector 2913 6

non trivial sector 2905trivial sector 2905 77
non trivial sector 2919trivial sector 2919 88

non trivial sector 2915trivial sector 2915 77

non trivial sector 2916trivial sector 2916 66

non trivial sector 2918 918 7

non trivial sector 2924trivial sector 2924 77
non trivial sector 2917trivial sector 2917 77

non trivial sector 2929trivial sector 2929 7

non trivial sector 2921trivial sector 2921 77

non trivial sector 2920trivial sector 2920 66

non trivial sector 2922trivial sector 2922 77
non trivial sector 2926 88
non trivial sector non trivial sector 2923 923 88

non trivial sector 2930 930 7
non trivial sector 2928trivial sector 2928 6

non trivial sector 2927 927 9
non trivial sector 2932trivial sector 2932 7
non trivial sector 2933 933 8

non trivial sector 2931trivial sector 2931 88
non trivial sector 2925trivial sector 2925 8

non trivial sector 2934trivial sector 2934 8
non trivial sector 2937trivial sector 2937 8
non trivial sector 2941trivial sector 2941 9

non trivial sector 2936 936trivial sector  77
non trivial sector 2935trivial sector 2935 99

non trivial sector 2939trivial sector 2939 99

non trivial sector 2940trivial sector 2940 8

non trivial sector 2938 938 8

non trivial sector 2944trivial sector 2944 44

non trivial sector 2946 5
non trivial sector 2942trivial sector 2942 99
non trivial sector 2948trivial sector 2948 5

non trivial sector 2945trivial sector 2945 5

non trivial sector non trivial sector 2949 949 6

non trivial sector 2947trivial sector 2947 6

non trivial sector 2952trivial sector 2952 5
non trivial sector non trivial sector 2950 66

non trivial sector 2943trivial sector 2943 110

non trivial sector 2953trivial sector 2953 66

non trivial sector non trivial sector 2954 954 6

non trivial sector 2955trivial sector 2955 7

non trivial sector 2958trivial sector 2958 7
non trivial sector 2951trivial sector 2951 7

non trivial sector 2957trivial sector 2957 7

non trivial sector non trivial sector 2964 964 6

non trivial sector 2956trivial sector 2956 6

non trivial sector 2961trivial sector 2961 66

non trivial sector 2968trivial sector 2968 66

non trivial sector 2959trivial sector 2959 8
non trivial sector 2960trivial sector 2960 55
non trivial sector 2962trivial sector 2962 6

non trivial sector 2965trivial sector 2965 7
non trivial sector 2967trivial sector 2967 8

non trivial sector 2970trivial sector 2970 77

non trivial sector 2971trivial sector 2971 8

non trivial sector 2975trivial sector 2975 99

non trivial sector non trivial sector 2963 963 7

non trivial sector 2978trivial sector 2978 6

non trivial sector non trivial sector 2966 966 7
non trivial sector 2979trivial sector 2979 7
non trivial sector 2973 973 8

non trivial sector 2977 66

non trivial sector 2972trivial sector 2972 77

non trivial sector 2974trivial sector 2974 88
non trivial sector 2981 981 7

non trivial sector 2983 8

non trivial sector 2969trivial sector 2969 77

non trivial sector 2976trivial sector 2976 55
non trivial sector 2980trivial sector 2980 66

non trivial sector 2984trivial sector 2984 66

non trivial sector 2982trivial sector 2982 77

non trivial sector 2988 7

non trivial sector 2985trivial sector 2985 77
non trivial sector 2987trivial sector 2987 88
non trivial sector 2986trivial sector 2986 7

non trivial sector 2990 990 8

non trivial sector 2996trivial sector 2996 77
non trivial sector 2993 7
non trivial sector 2989trivial sector 2989 88

non trivial sector 2994trivial sector 2994 7
non trivial sector 2991trivial sector 2991 99

non trivial sector non trivial sector 29922992 66

non trivial sector 2995trivial sector 2995 8

non trivial sector 2997 997 88
non trivial sector non trivial sector 2998 998 88

non trivial sector 2999trivial sector 2999 9

non trivial sector 3002trivial sector 3002 88
non trivial sector 3001trivial sector 3001 88

non trivial sector 3003trivial sector 3003  9

non trivial sector 3000trivial sector 3000 77

non trivial sector 3009 009 6
non trivial sector 3008trivial sector 3008 55

non trivial sector 3006 006 9
non trivial sector 3007trivial sector 3007 110
non trivial sector non trivial sector 3012 012 6

non trivial sector 3005trivial sector 3005 99
non trivial sector 3011trivial sector 3011 77

non trivial sector 3017trivial sector 3017 77
non trivial sector 3010trivial sector 3010 66
non trivial sector 3016trivial sector 3016 6

non trivial sector non trivial sector 3004 88
non trivial sector 3015trivial sector 3015 88

non trivial sector 3019trivial sector 3019 88
non trivial sector 3014 014 7

non trivial sector 3013trivial sector 3013 77

non trivial sector non trivial sector 3020 020 7

non trivial sector 3021trivial sector 3021 8

non trivial sector 3024trivial sector 3024 6

non trivial sector 3022trivial sector 3022 8

non trivial sector 3023trivial sector 3023 99
non trivial sector 3018trivial sector 3018 7

non trivial sector 3026trivial sector 3026 7

non trivial sector 3029trivial sector 3029 8
non trivial sector 3027trivial sector 3027 88

non trivial sector 3028trivial sector 3028 77

non trivial sector 3030 8

non trivial sector 3025trivial sector 3025 77

non trivial sector 3033trivial sector 3033 8

non trivial sector 3036 8

non trivial sector 3031trivial sector 3031 99

non trivial sector 3037trivial sector 3037 99

non trivial sector 3032trivial sector 3032 77

non trivial sector 3034trivial sector 3034 8

non trivial sector 3040trivial sector 3040 66

non trivial sector 3044trivial sector 3044 77
non trivial sector 3035trivial sector 3035 99
non trivial sector 3042trivial sector 3042 7

non trivial sector 3041 7

non trivial sector non trivial sector 3038 99

non trivial sector 3039trivial sector 3039 10

non trivial sector 3046 046 8

non trivial sector 3051 9

non trivial sector 3047trivial sector 3047 99

non trivial sector 3043trivial sector 3043 88
non trivial sector 3050trivial sector 3050 88

non trivial sector 3048trivial sector 3048 77

non trivial sector 3049trivial sector 3049 88

non trivial sector 3053trivial sector 3053 99

non trivial sector 3045trivial sector 3045 8

non trivial sector 3058trivial sector 3058 8
non trivial sector 3055trivial sector 3055 10

non trivial sector 3054trivial sector 3054 99

non trivial sector 3056trivial sector 3056 77

non trivial sector 3052trivial sector 3052 8

non trivial sector non trivial sector 3057 8

non trivial sector 3062trivial sector 3062 9
non trivial sector 3060trivial sector 3060 8
non trivial sector 3059 99
non trivial sector 3061trivial sector 3061 9

non trivial sector 3063trivial sector 3063 110
non trivial sector 3065trivial sector 3065 99

non trivial sector 3068trivial sector 3068 99

non trivial sector 3066trivial sector 3066 99

non trivial sector 3064trivial sector 3064  8
non trivial sector 3069trivial sector 3069 110

non trivial sector 3070trivial sector 3070 10
0
non trivial sector 3067trivial sector 3067 110

non trivial sector 3071trivial sector 3071  1111
non trivial sector non trivial sector 31003100 5

non trivial sector 3096trivial sector 3096 44

non trivial sector 3102trivial sector 3102 66

non trivial sector 3099trivial sector 3099 6

non trivial sector non trivial sector 3098 098 5
non trivial sector 3101trivial sector 3101 6

non trivial sector 3097trivial sector 3097 55
non trivial sector 3103trivial sector 3103 77

non trivial sector 3114 114 5

non trivial sector 3112trivial sector 3112 4

non trivial sector 3113 113 5

non trivial sector 3119 7

non trivial sector 3117trivial sector 3117 66
non trivial sector 3116trivial sector 3116 55
non trivial sector 3118trivial sector 3118 66

non trivial sector 3115trivial sector 3115  6
non trivial sector 3128trivial sector 3128 55

non trivial sector 3132 132 6
non trivial sector non trivial sector 3131 131 7

non trivial sector 3134trivial sector 3134 77
non trivial sector 3130trivial sector 3130 66

non trivial sector 3133trivial sector 3133 77
non trivial sector 3129trivial sector 3129 6

non trivial sector non trivial sector 31353135 88

non trivial sector 3146 146 5

non trivial sector non trivial sector 3147 147 6

non trivial sector 3144trivial sector 3144 4

non trivial sector 3150  6

non trivial sector 3145trivial sector 3145 55

non trivial sector 3152trivial sector 3152 44

non trivial sector 3153trivial sector 3153 55
non trivial sector non trivial sector 3148 55

non trivial sector 3155 155 6

non trivial sector 3158 66
non trivial sector 3149trivial sector 3149 66
non trivial sector 3157 157 6

non trivial sector 3156trivial sector 3156 55

non trivial sector 3159trivial sector 3159 7
non trivial sector non trivial sector 3154 154 5
non trivial sector 3160trivial sector 3160 55

non trivial sector non trivial sector 3151  7

non trivial sector 3164trivial sector 3164 66
non trivial sector 3165trivial sector 3165 7

non trivial sector 3163trivial sector 3163 7
non trivial sector 3161trivial sector 3161 66

non trivial sector 3162trivial sector 3162 6

non trivial sector 3167trivial sector 3167 8
non trivial sector 3166trivial sector 3166 7

non trivial sector 3178 66
non trivial sector non trivial sector 3176 176 5

non trivial sector 3180trivial sector 3180 6

non trivial sector 3179 179 7

non trivial sector non trivial sector 3181 77

non trivial sector 3182trivial sector 3182 77

non trivial sector 3187 187 7

non trivial sector 3186trivial sector 3186 66

non trivial sector 3183trivial sector 3183 88

non trivial sector 3177trivial sector 3177 66

non trivial sector 3184trivial sector 3184 5

non trivial sector 3190trivial sector 3190 7
non trivial sector 3192 192 6

non trivial sector 3189trivial sector 3189 77
non trivial sector non trivial sector 3185 185 6

non trivial sector 3191trivial sector 3191 8

non trivial sector 3193trivial sector 3193 77
non trivial sector 3194trivial sector 3194 77
non trivial sector 3195trivial sector 3195 8

non trivial sector non trivial sector 3201 44

non trivial sector 3188 188 6

non trivial sector 3196trivial sector 3196 77

non trivial sector 3197trivial sector 3197 8
non trivial sector 3199 199 99

non trivial sector non trivial sector 3200 200 3

non trivial sector 3198trivial sector 3198 88
non trivial sector 3202trivial sector 3202 44
non trivial sector 3204trivial sector 3204 44

non trivial sector 3203trivial sector 3203 55
non trivial sector 3208trivial sector 3208 44
non trivial sector 3211trivial sector 3211 66

non trivial sector 3205trivial sector 3205 5
non trivial sector 3206trivial sector 3206 55
non trivial sector 3207trivial sector 3207 6

non trivial sector 3214trivial sector 3214 66
non trivial sector 3212trivial sector 3212 55
non trivial sector 3218trivial sector 3218 55

non trivial sector 3216trivial sector 3216 44
non trivial sector 3210trivial sector 3210 5

non trivial sector 3215trivial sector 3215 7
non trivial sector 3209trivial sector 3209 55
non trivial sector 3220trivial sector 3220 55

non trivial sector 3217trivial sector 3217 55

non trivial sector 3222trivial sector 3222 66

non trivial sector non trivial sector 3213 213 6

non trivial sector 3219 66

non trivial sector 3221trivial sector 3221 66

non trivial sector 3224trivial sector 3224 55

non trivial sector 3226 226 6
non trivial sector 3228 66
non trivial sector 3225trivial sector 3225  6

non trivial sector 3229trivial sector 3229 77
non trivial sector 3232trivial sector 3232 4

non trivial sector 3235 235 6

non trivial sector 3227trivial sector 3227 77
non trivial sector 3230trivial sector 3230 77

non trivial sector 3223trivial sector 3223 7

non trivial sector 3233trivial sector 3233 5

non trivial sector 3237 6
nnon trivial sector 3234 5
non trivial sector 3236trivial sector 3236 55

non trivial sector 3239 77

non trivial sector 3231trivial sector 3231 8

non trivial sector 3238trivial sector 3238 6

non trivial sector 3240trivial sector 3240 5

non trivial sector 3246trivial sector 3246 77

non trivial sector 3241trivial sector 3241 6

non trivial sector 3244trivial sector 3244 6

non trivial sector 3243 243 7

non trivial sector non trivial sector 3242 242 6
non trivial sector 3247 8

non trivial sector 3248trivial sector 3248 5

non trivial sector 3249trivial sector 3249 6

non trivial sector 3250trivial sector 3250 6

non trivial sector 3245 245 7

non trivial sector 3251trivial sector 3251 77

non trivial sector 3253trivial sector 3253 77
non trivial sector 3255 8

non trivial sector 3252trivial sector 3252 66

non trivial sector 3259trivial sector 3259 88
non trivial sector 3256trivial sector 3256 6
non trivial sector 3254trivial sector 3254 77

non trivial sector 3257 257 7

non trivial sector 3258trivial sector 3258 77

non trivial sector 3266 266 5
non trivial sector 3265trivial sector 3265 55
non trivial sector 3261 8

non trivial sector 3262trivial sector 3262 88
non trivial sector 3260trivial sector 3260 7

non trivial sector 3263trivial sector 3263 99

non trivial sector non trivial sector 3264 44
non trivial sector 3271trivial sector 3271 77
non trivial sector 3270trivial sector 3270 6

non trivial sector 3268trivial sector 3268 5

non trivial sector 3267trivial sector 3267  6

non trivial sector 3273trivial sector 3273 66

non trivial sector 3269trivial sector 3269 66

non trivial sector 3272trivial sector 3272 55

non trivial sector 3274trivial sector 3274 6
non trivial sector 3275trivial sector 3275 77

non trivial sector 3277trivial sector 3277 77

non trivial sector 3280trivial sector 3280 55

non trivial sector 3278 77
non trivial sector non trivial sector 3276 276 6

non trivial sector 3279trivial sector 3279 88
non trivial sector 3284trivial sector 3284 66

non trivial sector 3281trivial sector 3281 66
non trivial sector 3287trivial sector 3287 88
non trivial sector 3286trivial sector 3286 77
non trivial sector 3283 283 77

non trivial sector 3282trivial sector 3282 66

non trivial sector 3288 66

non trivial sector 3285trivial sector 3285 7

non trivial sector 3291trivial sector 3291 88

non trivial sector 3297trivial sector 3297 66

non trivial sector 3290trivial sector 3290 77
non trivial sector 3293trivial sector 3293 8

non trivial sector 3289 289 7

non trivial sector 3292trivial sector 3292 77

non trivial sector 3299trivial sector 3299 77
non trivial sector 3295trivial sector 3295 99

non trivial sector 3300 6
non trivial sector 3296trivial sector 3296 55

non trivial sector non trivial sector 3302 302 7

non trivial sector 3294trivial sector 3294 88

non trivial sector 3298trivial sector 3298 66
non trivial sector 3304trivial sector 3304 66

non trivial sector 3308trivial sector 3308 7

non trivial sector 3306trivial sector 3306 77

non trivial sector 3301 7

non trivial sector 3305trivial sector 3305 77

non trivial sector 3307trivial sector 3307 8

non trivial sector 3303trivial sector 3303 8

non trivial sector 3309trivial sector 3309 88

non trivial sector 3313trivial sector 3313 7

non trivial sector 3312trivial sector 3312 66

non trivial sector 3317 317 8
non trivial sector 3314trivial sector 3314 7

non trivial sector 3310trivial sector 3310 88

non trivial sector 3311 9
non trivial sector 3316trivial sector 3316 77
non trivial sector 3320 320 7

non trivial sector 3322trivial sector 3322 88
non trivial sector 3321trivial sector 3321 8

non trivial sector 3319trivial sector 3319 9

non trivial sector 3326 99

non trivial sector 3318trivial sector 3318 88
non trivial sector 3315trivial sector 3315 8

non trivial sector 3324trivial sector 3324 8

non trivial sector 3325trivial sector 3325 99

non trivial sector 3327trivial sector 3327 110

non trivial sector 3323trivial sector 3323 9

non trivial sector 3337trivial sector 3337 55

non trivial sector 3341trivial sector 3341 66

non trivial sector 3336trivial sector 3336 44
non trivial sector 3338trivial sector 3338 55
non trivial sector 3343trivial sector 3343 7

non trivial sector 3339trivial sector 3339 66

non trivial sector 3342trivial sector 3342 66

non trivial sector 3340trivial sector 3340 55
non trivial sector 33473347 66

non trivial sector 3345trivial sector 3345 55

non trivial sector 3349trivial sector 3349 6

non trivial sector 3344trivial sector 3344 44

non trivial sector 3346trivial sector 3346 5

non trivial sector 3351trivial sector 3351 77
non trivial sector 3348trivial sector 3348 5

non trivial sector 3350trivial sector 3350 6

non trivial sector 3353trivial sector 3353 66
non trivial sector non trivial sector 3356 356 6

non trivial sector 3354trivial sector 3354 66

non trivial sector 3355trivial sector 3355 7

non trivial sector 3357trivial sector 3357 7

non trivial sector 3359trivial sector 3359 8

non trivial sector 3361 361 5
non trivial sector 3365 365 6
non trivial sector 3360trivial sector 3360  4

non trivial sector 3364trivial sector 3364  5

non trivial sector 3352trivial sector 3352 55

non trivial sector 3358trivial sector 3358 7

non trivial sector 3367 7

non trivial sector 3363trivial sector 3363 6

non trivial sector 3368trivial sector 3368 5

non trivial sector 3362 362 5

non trivial sector non trivial sector 3370  6
non trivial sector 3369trivial sector 3369 6

non trivial sector 3372trivial sector 3372 66
non trivial sector 3366trivial sector 3366 66

non trivial sector 3376 53765

non trivial sector 3371trivial sector 3371 7

non trivial sector 3374trivial sector 3374 7

non trivial sector 3373trivial sector 3373 77

non trivial sector 3375trivial sector 3375 8

non trivial sector 3379trivial sector 3379 77

non trivial sector non trivial sector 3384 6
non trivial sector 3380trivial sector 3380 6

non trivial sector 3382trivial sector 3382 7

non trivial sector 3377trivial sector 3377 66

non trivial sector 3381trivial sector 3381 77

non trivial sector 3378trivial sector 3378 66

non trivial sector 3388trivial sector 3388 77

non trivial sector non trivial sector 3385 385 7
non trivial sector 3390trivial sector 3390 8

non trivial sector 3386trivial sector 3386 7

non trivial sector non trivial sector 3387  8

non trivial sector 3394 394 5
non trivial sector non trivial sector 3392 44
non trivial sector 3389trivial sector 3389 88

non trivial sector 3391trivial sector 3391 99

non trivial sector 3383trivial sector 3383 8

non trivial sector 3399 77
non trivial sector 3393 393 5
non trivial sector 3400 5

non trivial sector non trivial sector 33963396 55

non trivial sector 3395trivial sector 3395 66

non trivial sector 3398trivial sector 3398 66
non trivial sector 3401trivial sector 3401 66

non trivial sector non trivial sector 3404 404 6

non trivial sector 3402trivial sector 3402 6
non trivial sector 3403trivial sector 3403 77

non trivial sector 3406 77
non trivial sector 3405trivial sector 3405 7

non trivial sector 3397trivial sector 3397 6

non trivial sector 3407trivial sector 3407 88

non trivial sector 3408trivial sector 3408 55

non trivial sector 3412trivial sector 3412 66
non trivial sector 3413 413 7

non trivial sector 3411trivial sector 3411 7

non trivial sector 3415 415 8

non trivial sector 3414 414 7

non trivial sector 3410trivial sector 3410 66
non trivial sector 3409trivial sector 3409 6

non trivial sector 3416trivial sector 3416 66

non trivial sector 3421trivial sector 3421  8

non trivial sector 3423 423 9
non trivial sector 3418trivial sector 3418 77

non trivial sector 3424trivial sector 3424 55
non trivial sector 3419trivial sector 3419 88

non trivial sector 3428 6
non trivial sector 3425 66
non trivial sector 3417 417 7
non trivial sector 3429trivial sector 3429 77

non trivial sector 3420trivial sector 3420 77

non trivial sector 3426trivial sector 3426 6

non trivial sector 3427trivial sector 3427 7
non trivial sector 3431trivial sector 3431 88

non trivial sector 34343434 7
non trivial sector 3422trivial sector 3422 8

non trivial sector non trivial sector 3435 8
non trivial sector 3430trivial sector 3430 77

non trivial sector 3433trivial sector 3433 7
non trivial sector 3432trivial sector 3432 6
non trivial sector 3440trivial sector 3440 6

non trivial sector 3441 441 7
non trivial sector 3438trivial sector 3438 88
non trivial sector 3436 7
non trivial sector 3437trivial sector 3437 8
non trivial sector 3444trivial sector 3444  7

non trivial sector 3439trivial sector 3439 99
non trivial sector non trivial sector 3443 443 8

non trivial sector 3446 8
non trivial sector 3448 448 7
non trivial sector 3442trivial sector 3442  7

non trivial sector 3452 452 8

non trivial sector 3445trivial sector 3445 8

non trivial sector non trivial sector 3449 449 8

non trivial sector 3450trivial sector 3450 8

non trivial sector 3447 447 9
non trivial sector 3451trivial sector 3451 9
non trivial sector 3455trivial sector 3455 10
0
non trivial sector 3454trivial sector 3454 99

non trivial sector 3457trivial sector 3457 5

non trivial sector 3458trivial sector 3458 55

non trivial sector non trivial sector 3456 456 4

non trivial sector 3460trivial sector 3460 5

non trivial sector 3465 465 6

non trivial sector 3453trivial sector 3453 99

non trivial sector 3462 66

non trivial sector 3459trivial sector 3459 66

non trivial sector 3464trivial sector 3464 55
non trivial sector 3468trivial sector 3468 6

non trivial sector 3463trivial sector 3463 77
non trivial sector non trivial sector 3473 473 6

non trivial sector 3466trivial sector 3466 66

non trivial sector 3461trivial sector 3461 66

non trivial sector 3472 472 5

non trivial sector 3474trivial sector 3474 66
non trivial sector 3467trivial sector 3467 77
non trivial sector 3470 77

non trivial sector 3476trivial sector 3476 66

non trivial sector 3469trivial sector 3469 77

non trivial sector non trivial sector 3471 471 8

non trivial sector 3475trivial sector 3475 7

non trivial sector non trivial sector 3483 483 8

non trivial sector 3480 6

non trivial sector 3477trivial sector 3477 77
non trivial sector 3478trivial sector 3478 7

non trivial sector 3479trivial sector 3479 88
non trivial sector 3481trivial sector 3481 7

non trivial sector 34883488 5
non trivial sector 3484trivial sector 3484 77

non trivial sector 3482trivial sector 3482 7

non trivial sector 3486trivial sector 3486 88
non trivial sector 3487trivial sector 3487 9

non trivial sector 3490trivial sector 3490 66
non trivial sector 3485trivial sector 3485 88

non trivial sector 3491trivial sector 3491 7
non trivial sector 3494trivial sector 3494  7

non trivial sector non trivial sector 3489 489 6

non trivial sector 3492trivial sector 3492 66

non trivial sector 3496trivial sector 3496 66

non trivial sector 3497trivial sector 3497 77
non trivial sector 3493 493 7
non trivial sector 3498trivial sector 3498 77

non trivial sector 3499 88
non trivial sector 3500  7

non trivial sector 3495trivial sector 3495 88
non trivial sector 3501trivial sector 3501 88

non trivial sector 3504trivial sector 3504 66
non trivial sector 3506trivial sector 3506 7
non trivial sector 3505 77
non trivial sector 3507trivial sector 3507 8

non trivial sector 3513trivial sector 3513 88
non trivial sector 3502trivial sector 3502 8

non trivial sector 3503trivial sector 3503 99
non trivial sector non trivial sector 3509 8

non trivial sector non trivial sector 3510 510 8

non trivial sector 3512trivial sector 3512 7

non trivial sector 3511trivial sector 3511 9
non trivial sector 3508trivial sector 3508 77

non trivial sector 3514 88
non trivial sector 3515trivial sector 3515 99
non trivial sector 3516trivial sector 3516 88
non trivial sector 3517trivial sector 3517 9

non trivial sector 3519 10

non trivial sector non trivial sector 35223522 66

non trivial sector 3521trivial sector 3521 66

non trivial sector 3524 66
non trivial sector 3518trivial sector 3518 99

non trivial sector 3520trivial sector 3520 55

non trivial sector non trivial sector 3525 525 7

non trivial sector 3529trivial sector 3529 7

non trivial sector 3527trivial sector 3527 8

non trivial sector 3531trivial sector 3531 8

non trivial sector 3523trivial sector 3523 7
non trivial sector 3526trivial sector 3526 7

non trivial sector 3528trivial sector 3528 6

non trivial sector 3530trivial sector 3530 77

non trivial sector non trivial sector 3537 7

non trivial sector 3532trivial sector 3532 77
non trivial sector 3533trivial sector 3533 8

non trivial sector 3538trivial sector 3538 7
non trivial sector non trivial sector 3535 535 9

non trivial sector 3534trivial sector 3534 88

non trivial sector 3536trivial sector 3536 66
non trivial sector 3539trivial sector 3539 8
non trivial sector 3542 542 8
non trivial sector 3544 544 7

non trivial sector 3541trivial sector 3541 8

non trivial sector 3543trivial sector 3543 99

non trivial sector 3545trivial sector 3545 88

non trivial sector 3550 550 9
non trivial sector 3540trivial sector 3540 7

non trivial sector non trivial sector 3552 66

non trivial sector 3549 9
non trivial sector non trivial sector 3548 548 8
non trivial sector 3546trivial sector 3546 88

non trivial sector 3551trivial sector 3551 110
non trivial sector 3547trivial sector 3547 99
non trivial sector 3555 555 8

non trivial sector 3554trivial sector 3554 77

non trivial sector non trivial sector 3560 560 7

non trivial sector 3556 556 7
non trivial sector 3557trivial sector 3557 8

non trivial sector 3558trivial sector 3558 88
non trivial sector 3559trivial sector 3559 9

non trivial sector 3561 88
non trivial sector 3553trivial sector 3553 77
non trivial sector 3562trivial sector 3562 88
non trivial sector 3565trivial sector 3565 9

non trivial sector 3568 568 7
non trivial sector 3569trivial sector 3569 88

non trivial sector 3563trivial sector 3563 99

non trivial sector 3570trivial sector 3570 88

non trivial sector 3566trivial sector 3566 99

non trivial sector 3564trivial sector 3564  8
non trivial sector 3567trivial sector 3567 110
non trivial sector 3574trivial sector 3574 9
non trivial sector 3572 8

non trivial sector 3575trivial sector 3575 110

non trivial sector non trivial sector 3573 99

non trivial sector 3571trivial sector 3571 99

non trivial sector 3577trivial sector 3577 99

non trivial sector 3579 579 10
non trivial sector 3576trivial sector 3576 8

non trivial sector non trivial sector 3578 578 9

non trivial sector 3581trivial sector 3581 10
0
non trivial sector 3583trivial sector 3583 11

non trivial sector 3582trivial sector 3582 110
non trivial sector 3580trivial sector 3580 99

non trivial sector 3609trivial sector 3609 6

non trivial sector 3611trivial sector 3611 7

non trivial sector 3608trivial sector 3608 5
non trivial sector 3610trivial sector 3610 66

non trivial sector 3613trivial sector 3613 77
non trivial sector 3615trivial sector 3615 8

non trivial sector 3614trivial sector 3614 77
non trivial sector 3612trivial sector 3612 66

non trivial sector 3627trivial sector 3627 7
non trivial sector 3625trivial sector 3625 66

non trivial sector 3629trivial sector 3629 77
non trivial sector 3624trivial sector 3624 5

non trivial sector 3626trivial sector 3626 66

non trivial sector 3628trivial sector 3628 66

non trivial sector 3630trivial sector 3630 77

non trivial sector non trivial sector 3640 640 6

non trivial sector 3631trivial sector 3631 8
non trivial sector 3641trivial sector 3641 7

non trivial sector 3644trivial sector 3644 7

non trivial sector 3645 645 8

non trivial sector 3642trivial sector 3642 77
non trivial sector non trivial sector 3643 88
non trivial sector non trivial sector 3647 647 9

non trivial sector 3658trivial sector 3658 6

non trivial sector 3661trivial sector 3661 7

non trivial sector 3657trivial sector 3657 6

non trivial sector 3646trivial sector 3646 88
non trivial sector 3660trivial sector 3660 6
nnon trivial sector 3656 656 5
non trivial sector 3659trivial sector 3659 7

non trivial sector 3664trivial sector 3664 55
non trivial sector 3665 66
non trivial sector 3666trivial sector 3666 6
non trivial sector 3668trivial sector 3668 66

non trivial sector non trivial sector 3670 7

non trivial sector 3671trivial sector 3671 88
non trivial sector 3667trivial sector 3667 7

non trivial sector non trivial sector 3672 672 6

non trivial sector 3663trivial sector 3663 8
non trivial sector 3669 7

non trivial sector non trivial sector 36753675 88

non trivial sector 3662trivial sector 3662 77

non trivial sector 3673 673 7

non trivial sector 3674trivial sector 3674 77
non trivial sector 3677trivial sector 3677 88

non trivial sector 3676trivial sector 3676 7
non trivial sector 3678trivial sector 3678 88

non trivial sector 3679trivial sector 3679 9

non trivial sector 3692trivial sector 3692 7

non trivial sector 3688trivial sector 3688 6

non trivial sector 3691trivial sector 3691 88

non trivial sector 3690 690 7

non trivial sector 3695trivial sector 3695 9

non trivial sector 3696trivial sector 3696 6
non trivial sector 3693 8

non trivial sector 3689 689 7

non trivial sector 3694trivial sector 3694 88

non trivial sector 3698 698 7

non trivial sector 3697trivial sector 3697 7
non trivial sector 3699trivial sector 3699 88
non trivial sector 3701trivial sector 3701 8
non trivial sector 3700trivial sector 3700 77

non trivial sector 3702trivial sector 3702 88

non trivial sector 3703trivial sector 3703 99

non trivial sector 3704trivial sector 3704 77
non trivial sector 3705trivial sector 3705 88
non trivial sector 3708 8
non trivial sector 3706trivial sector 3706 88
non trivial sector 3710trivial sector 3710 9

non trivial sector 3709trivial sector 3709 9
non trivial sector 3712trivial sector 3712 44
non trivial sector 3716trivial sector 3716 5

non trivial sector non trivial sector 3714 55

non trivial sector 3713trivial sector 3713 5

non trivial sector 3717trivial sector 3717 66
non trivial sector 3719 77

non trivial sector 3715trivial sector 3715 66
non trivial sector 3718trivial sector 3718 66
non trivial sector 3711trivial sector 3711 110
non trivial sector 3722trivial sector 3722 66

non trivial sector 3720 5

non trivial sector 3725trivial sector 3725 77
non trivial sector 3721trivial sector 3721 6

non trivial sector 3729trivial sector 3729 6
non trivial sector 3728trivial sector 3728 5

non trivial sector 3726 7

non trivial sector 3707trivial sector 3707 99

non trivial sector 3730trivial sector 3730 66

non trivial sector 3723 7

non trivial sector 3724trivial sector 3724 66

non trivial sector 3733trivial sector 3733 77
non trivial sector 3727trivial sector 3727 88

non trivial sector 3734 734 7

non trivial sector 3731trivial sector 3731 77

non trivial sector non trivial sector 3732 6
non trivial sector 3735trivial sector 3735 8

non trivial sector 3740 77

non trivial sector 3737trivial sector 3737 77

non trivial sector 3744trivial sector 3744 5

non trivial sector 3746trivial sector 3746 6

non trivial sector 3736 736 6

non trivial sector 3739trivial sector 3739 88

non trivial sector non trivial sector 37413741 88

non trivial sector 3738trivial sector 3738  7

non trivial sector 3745trivial sector 3745 6

non trivial sector 3743trivial sector 3743 99
non trivial sector 3747trivial sector 3747 7

non trivial sector 3750trivial sector 3750 77

non trivial sector 3748trivial sector 3748 6

non trivial sector 3749trivial sector 3749 7
non trivial sector 3742trivial sector 3742 88
non trivial sector 3751trivial sector 3751 8

non trivial sector 3756trivial sector 3756 77

non trivial sector 3752trivial sector 3752 66

non trivial sector 3759 9
non trivial sector 3758 8
non trivial sector non trivial sector 3754 754 7

non trivial sector 3755 755 88
non trivial sector 3764trivial sector 3764 77
non trivial sector 3765trivial sector 3765 8

non trivial sector 3753trivial sector 3753 77

non trivial sector 3757trivial sector 3757 88

non trivial sector 3763 763 8

non trivial sector 3760trivial sector 3760 6

non trivial sector 3762trivial sector 3762 77

non trivial sector 3766trivial sector 3766 8

non trivial sector 3768trivial sector 3768 77
non trivial sector non trivial sector 3769 769 8

non trivial sector 3761trivial sector 3761 7
non trivial sector 3767trivial sector 3767 99
non trivial sector 3770trivial sector 3770 88
non trivial sector 3777trivial sector 3777 66

non trivial sector 3774trivial sector 3774 99

non trivial sector 3773trivial sector 3773 99

non trivial sector 3776trivial sector 3776 55

non trivial sector 3778trivial sector 3778 6

non trivial sector 3772trivial sector 3772 88

non trivial sector 3775trivial sector 3775 10
0
non trivial sector 3782trivial sector 3782 7

non trivial sector 3783trivial sector 3783 8

non trivial sector 3771trivial sector 3771 99
non trivial sector non trivial sector 3785 785 7

non trivial sector 3779trivial sector 3779 7

non trivial sector 3781 7

non trivial sector 3780 66
non trivial sector 3787trivial sector 3787 8

non trivial sector 3789trivial sector 3789 8

non trivial sector 3792trivial sector 3792 6
non trivial sector 3788trivial sector 3788 77

non trivial sector 3786 786 7

non trivial sector 3790trivial sector 3790 88

non trivial sector 3784trivial sector 3784 6

non trivial sector 3796trivial sector 3796 7

non trivial sector non trivial sector 3794 794 7

non trivial sector 3798 87988
non trivial sector 3802trivial sector 3802 8

non trivial sector 3797trivial sector 3797 8

non trivial sector non trivial sector 3795 795 8

non trivial sector 3791trivial sector 3791 99

non trivial sector 3804trivial sector 3804 8

non trivial sector 3793trivial sector 3793 77
non trivial sector 3801 801 8

non trivial sector 3800trivial sector 3800 7

non trivial sector 3805trivial sector 3805 99

non trivial sector non trivial sector 38063806 9

non trivial sector 3799trivial sector 3799 99

non trivial sector non trivial sector 38083808 6

non trivial sector 3807trivial sector 3807 110

non trivial sector 3803trivial sector 3803 99

non trivial sector 3809trivial sector 3809 7
non trivial sector 3812trivial sector 3812 77

non trivial sector 3811 811 8

non trivial sector 3810trivial sector 3810 7
non trivial sector 3815trivial sector 3815 9

non trivial sector 3813trivial sector 3813 8
non trivial sector 3816 77

non trivial sector 3814trivial sector 3814 88
non trivial sector 3819trivial sector 3819 99

non trivial sector 3818trivial sector 3818  8

non trivial sector 3820trivial sector 3820 88

non trivial sector 3817trivial sector 3817 88

non trivial sector non trivial sector 3826 826 8

non trivial sector 3823 10
non trivial sector 3825trivial sector 3825 88

non trivial sector 3824trivial sector 3824 77
non trivial sector 3821trivial sector 3821 99
non trivial sector non trivial sector 3827 827 9

non trivial sector 3822trivial sector 3822 99

non trivial sector 3828trivial sector 3828 8

non trivial sector 3833trivial sector 3833 99
non trivial sector 3830 99
non trivial sector 3829trivial sector 3829  9
non trivial sector 3831trivial sector 3831 110

non trivial sector 3834trivial sector 3834 9

non trivial sector 3836trivial sector 3836 9

non trivial sector 3838trivial sector 3838 110

non trivial sector 3832trivial sector 3832 8

non trivial sector 3837trivial sector 3837 1010

non trivial sector 3835trivial sector 3835 10
non trivial sector non trivial sector 3848 848 5

non trivial sector 3839 111
non trivial sector non trivial sector 3849 66
non trivial sector 3850 850 6

non trivial sector 3852trivial sector 3852 6

non trivial sector 3851trivial sector 3851 77

non trivial sector 3856trivial sector 3856 5

non trivial sector 3853trivial sector 3853 7

non trivial sector 3854trivial sector 3854 7

non trivial sector 3855trivial sector 3855 88

non trivial sector 3857 6

non trivial sector 3859trivial sector 3859 7

non trivial sector 3862 862 7

non trivial sector 3861trivial sector 3861 77

non trivial sector 3868 868 7
non trivial sector 3858trivial sector 3858 6
non trivial sector 3860trivial sector 3860 66

non trivial sector 3863trivial sector 3863 8

non trivial sector 3865trivial sector 3865 7

non trivial sector 3867trivial sector 3867 8

non trivial sector 3869trivial sector 3869 88

non trivial sector 3866trivial sector 3866 77
nnon trivial sector 3864 66

non trivial sector 3871trivial sector 3871 99
non trivial sector 3874trivial sector 3874 66
non trivial sector non trivial sector 3877 877 7

non trivial sector 3876trivial sector 3876 66
non trivial sector 3880 880 6

non trivial sector 3873trivial sector 3873 6

non trivial sector 3870trivial sector 3870 8

non trivial sector 3881trivial sector 3881 77
non trivial sector 3878trivial sector 3878 7

non trivial sector 3879trivial sector 3879 88

non trivial sector 3882trivial sector 3882 77
non trivial sector 3875trivial sector 3875 7

non trivial sector 3872trivial sector 3872  5

non trivial sector 3884trivial sector 3884 7

non trivial sector 3886 88

non trivial sector 3888 6
non trivial sector 3889trivial sector 3889 77

non trivial sector 3883trivial sector 3883 88

non trivial sector 3885trivial sector 3885 88
non trivial sector 3887trivial sector 3887 99

non trivial sector 3892trivial sector 3892 7

non trivial sector non trivial sector 3893 893 8

non trivial sector 3895trivial sector 3895 9

non trivial sector 3896 7

non trivial sector non trivial sector 3891 8

non trivial sector 3894trivial sector 3894 8

non trivial sector non trivial sector 3897 88

non trivial sector 3890trivial sector 3890 77
non trivial sector 3899trivial sector 3899 99

non trivial sector 3898 898 8

non trivial sector 3905trivial sector 3905 66
non trivial sector 3904 55
non trivial sector 3902 9
non trivial sector 3900trivial sector 3900 88
non trivial sector 3907trivial sector 3907 77
non trivial sector 3906trivial sector 3906 66

non trivial sector 3903trivial sector 3903 10
0
non trivial sector non trivial sector 3901 901 9

non trivial sector 3913trivial sector 3913 7

non trivial sector 3909 909 7

non trivial sector 3914trivial sector 3914 77

non trivial sector 3918trivial sector 3918 8
non trivial sector 39083908 6
non trivial sector non trivial sector 3910 910 7

non trivial sector 3911trivial sector 3911 88

non trivial sector 3915trivial sector 3915 88

non trivial sector 3916trivial sector 3916 7
non trivial sector 3912 912 6

non trivial sector 3920trivial sector 3920 66

non trivial sector 3921trivial sector 3921 7

non trivial sector 3917trivial sector 3917 88

non trivial sector 3926trivial sector 3926 8

non trivial sector 3919trivial sector 3919 99

non trivial sector 3922trivial sector 3922 77

non trivial sector 3924trivial sector 3924 7

non trivial sector 3925 925 8

non trivial sector 3929trivial sector 3929 88
non trivial sector 3923trivial sector 3923 8

non trivial sector 3931trivial sector 3931 9
non trivial sector 3933trivial sector 3933 99

non trivial sector 3927trivial sector 3927 99

non trivial sector 3930trivial sector 3930 88

non trivial sector 3928trivial sector 3928 77
non trivial sector 3932trivial sector 3932 88

non trivial sector 3937trivial sector 3937 77

non trivial sector 3940trivial sector 3940 77

non trivial sector 3938trivial sector 3938 77
non trivial sector 3936 6

non trivial sector 3934trivial sector 3934 99
non trivial sector non trivial sector 3939 939 8

non trivial sector non trivial sector 3935 110

non trivial sector 3947 9
non trivial sector 3942trivial sector 3942 88

non trivial sector 3941trivial sector 3941 8
non trivial sector 3943 943 9

non trivial sector 3944trivial sector 3944 7

non trivial sector 3945trivial sector 3945 88
non trivial sector 3946 8

non trivial sector 3951 10

non trivial sector 3949trivial sector 3949 9

non trivial sector 3948trivial sector 3948 88
non trivial sector 3952trivial sector 3952 7

non trivial sector 3950trivial sector 3950 99

non trivial sector 3955trivial sector 3955 99

non trivial sector non trivial sector 3956 956 8

non trivial sector 3958 9
non trivial sector 3957 957 9

non trivial sector 3954 8

non trivial sector 3953trivial sector 3953 88

non trivial sector 3959trivial sector 3959 110
non trivial sector 3960trivial sector 3960 88
non trivial sector 3964 964 9

non trivial sector 3965 965 10

non trivial sector 3962trivial sector 3962 9

non trivial sector 3961trivial sector 3961 99

non trivial sector 3966trivial sector 3966 10
0
non trivial sector non trivial sector 3963 10
non trivial sector 3970trivial sector 3970 66
non trivial sector 3968trivial sector 3968  5

non trivial sector 3972trivial sector 3972 66
non trivial sector 3969trivial sector 3969 66
nnon trivial sector 3971 971 7
non trivial sector 3967trivial sector 3967 111

non trivial sector 3974 974 7

non trivial sector 3977trivial sector 3977 77
non trivial sector 3975 8

non trivial sector 3973trivial sector 3973 77
non trivial sector 3981 8

non trivial sector non trivial sector 39783978 7

non trivial sector 3979trivial sector 3979 8
non trivial sector 3980trivial sector 3980 7

non trivial sector 3976trivial sector 3976 66

non trivial sector 3984trivial sector 3984 66

non trivial sector 3989trivial sector 3989 8

non trivial sector 3982trivial sector 3982 8

non trivial sector 3983trivial sector 3983 99
non trivial sector non trivial sector 3987 987 8

non trivial sector non trivial sector 3986 7

non trivial sector 3988trivial sector 3988 77

non trivial sector 3993 993 8
non trivial sector 3985 985 7

non trivial sector 3990trivial sector 3990 88

non trivial sector 3994trivial sector 3994 8
non trivial sector 3991trivial sector 3991 99

non trivial sector 4000trivial sector 4000 6
non trivial sector 3992trivial sector 3992 77

non trivial sector 3996trivial sector 3996 88

non trivial sector non trivial sector 3995 9
non trivial sector 4001trivial sector 4001 77
non trivial sector 3999trivial sector 3999 10

non trivial sector non trivial sector 4003 003 8

non trivial sector 4005 8
non trivial sector 3998 998 9

non trivial sector 4004trivial sector 4004 7

non trivial sector 4006trivial sector 4006 88

non trivial sector 4002trivial sector 4002 77

non trivial sector 3997trivial sector 3997 99
non trivial sector 4009 009 8

non trivial sector 4008trivial sector 4008 7
non trivial sector 4007trivial sector 4007 9

non trivial sector 4010trivial sector 4010 88
non trivial sector 4012trivial sector 4012 88

non trivial sector 4011trivial sector 4011 99
non trivial sector 4017trivial sector 4017 88
non trivial sector 4016trivial sector 4016 7

non trivial sector 4020trivial sector 4020 88
non trivial sector non trivial sector 4014 99

non trivial sector 4013trivial sector 4013 9

non trivial sector 4018trivial sector 4018 88

non trivial sector 4019 9
non trivial sector non trivial sector 4021 021 9

non trivial sector 4015trivial sector 4015 110

non trivial sector 4023trivial sector 4023 10
non trivial sector 4022trivial sector 4022 99

non trivial sector 4026trivial sector 4026 9

non trivial sector 4024 024 8

non trivial sector 4032 032 6
non trivial sector 4029 10
non trivial sector 4027trivial sector 4027 10
non trivial sector 4025 025 9

non trivial sector 4028trivial sector 4028 9

non trivial sector 4034trivial sector 4034 7

non trivial sector 4033trivial sector 4033 77
non trivial sector 4035trivial sector 4035 8

non trivial sector 4030 110

non trivial sector 4031trivial sector 4031 11
1
non trivial sector 4036trivial sector 4036 7
non trivial sector 4037 8
non trivial sector 4038trivial sector 4038 8

non trivial sector 4039 039 9

non trivial sector 4040trivial sector 4040 7

non trivial sector 4046trivial sector 4046 99

non trivial sector 4045trivial sector 4045 99

non trivial sector 4043trivial sector 4043 9

non trivial sector non trivial sector 40424042 88
non trivial sector 4050 050 8
non trivial sector 4041trivial sector 4041 8

non trivial sector 4051trivial sector 4051 9
non trivial sector non trivial sector 40474047 110

non trivial sector 4049trivial sector 4049 8

non trivial sector 4044trivial sector 4044 88

non trivial sector 4053trivial sector 4053 99

non trivial sector 4057 057 9

non trivial sector 4048trivial sector 4048 7

non trivial sector 4055trivial sector 4055 10

non trivial sector 4054trivial sector 4054 99
non trivial sector 4056trivial sector 4056 88

non trivial sector 4052trivial sector 4052 8
non trivial sector 4059 105910

non trivial sector 4064trivial sector 4064 77

non trivial sector 4060trivial sector 4060 99

non trivial sector 4062trivial sector 4062 10

non trivial sector non trivial sector 4068 8

non trivial sector 4058trivial sector 4058 9

non trivial sector 4066 88

non trivial sector 4071 071 10

non trivial sector 4061trivial sector 4061 110
non trivial sector 4067trivial sector 4067 9

non trivial sector 4063trivial sector 4063 11
1
non trivial sector 4069trivial sector 4069 99
non trivial sector 4072trivial sector 4072 88
non trivial sector non trivial sector 4065 88
non trivial sector 4070trivial sector 4070 99

non trivial sector 4074 9
non trivial sector 4073trivial sector 4073 9

non trivial sector 4076trivial sector 4076 9

non trivial sector 4080trivial sector 4080 88

non trivial sector non trivial sector 40774077 110

non trivial sector 4075trivial sector 4075 10
0
non trivial sector non trivial sector 4079 11
non trivial sector 4083 10
non trivial sector 4078 078 10
non trivial sector non trivial sector 4081 081 9

non trivial sector 4082trivial sector 4082  9

non trivial sector 4084trivial sector 4084  9

non trivial sector 4089 10

non trivial sector 4085trivial sector 4085 110

non trivial sector non trivial sector 40864086 110

non trivial sector non trivial sector 40874087 11
1
non trivial sector 4091 11

non trivial sector 4090trivial sector 4090 10

non trivial sector 4095trivial sector 4095 112
non trivial sector non trivial sector 4088 99

non trivial sector 4092trivial sector 4092 110

non trivial sector 4094trivial sector 4094 11
1
non trivial sector 4093trivial sector 4093 111

non trivial sector 4111trivial sector 4111 55
non trivial sector 4109trivial sector 4109 4

non trivial sector 4123trivial sector 4123 55
non trivial sector 4125trivial sector 4125  5

non trivial sector 4121trivial sector 4121 44
non trivial sector non trivial sector 4127 127 6

non trivial sector 4135trivial sector 4135 55

non trivial sector 4138trivial sector 4138 44
non trivial sector 4133trivial sector 4133 44
non trivial sector 4142trivial sector 4142 5
non trivial sector 4139trivial sector 4139 55

non trivial sector 4140trivial sector 4140 44

non trivial sector 4149 5

non trivial sector 4143trivial sector 4143 66

non trivial sector 4137trivial sector 4137 44

non trivial sector 4141 55

non trivial sector 4151 151 6
non trivial sector 4156trivial sector 4156 55

non trivial sector 4157trivial sector 4157 6

non trivial sector 4159 159 7

non trivial sector 4154trivial sector 4154 5

non trivial sector 4155trivial sector 4155 66
non trivial sector 4165trivial sector 4165 44

non trivial sector 4153 5

non trivial sector 4158trivial sector 4158 66
non trivial sector 4167trivial sector 4167 55
non trivial sector non trivial sector 4170 170 4

non trivial sector non trivial sector 4169 169 4

non trivial sector 4171trivial sector 4171 5

non trivial sector 4172 172 4
non trivial sector 4174 174 5
non trivial sector 4173 173 5
non trivial sector 4175 6

non trivial sector 4187trivial sector 4187 66
non trivial sector non trivial sector 4181 181 5

non trivial sector 4188trivial sector 4188 5

non trivial sector 4186trivial sector 4186 5

non trivial sector non trivial sector 4183 6

non trivial sector 4189trivial sector 4189 6

non trivial sector 4191trivial sector 4191 77
non trivial sector 4190trivial sector 4190 6

non trivial sector non trivial sector 4185 55
non trivial sector 4197trivial sector 4197 55

non trivial sector 4203trivial sector 4203 6

non trivial sector 4199trivial sector 4199 66

non trivial sector 4204trivial sector 4204 5

non trivial sector non trivial sector 4205 205 6

non trivial sector 4206trivial sector 4206 66
non trivial sector 4202trivial sector 4202 55
non trivial sector 4201trivial sector 4201 55
non trivial sector non trivial sector 4215 7
non trivial sector non trivial sector 42194219  7

non trivial sector 4213 213trivial sector  6

non trivial sector 4207trivial sector 4207 7
non trivial sector 4218 218 6

non trivial sector 4223trivial sector 4223 88
non trivial sector 4217 217 6

non trivial sector 4220trivial sector 4220 66
non trivial sector 4222trivial sector 4222 77
non trivial sector 4221trivial sector 4221 77
non trivial sector 4233trivial sector 4233 44

non trivial sector 4234 234 4

non trivial sector 4229trivial sector 4229 44

non trivial sector 4237trivial sector 4237 5

non trivial sector 4236trivial sector 4236 44

non trivial sector 4238trivial sector 4238 5
non trivial sector 4231 231 5

non trivial sector 4235trivial sector 4235 55
non trivial sector 4247 247 6

non trivial sector 4239 239 6
non trivial sector 4245trivial sector 4245 5

non trivial sector non trivial sector 4252 252 5

non trivial sector non trivial sector 4249 55

non trivial sector 4253 66

non trivial sector 4250trivial sector 4250 55
nnon trivial sector 4255 77
non trivial sector 4251trivial sector 4251 66

non trivial sector non trivial sector 4254 254 6

non trivial sector 4261trivial sector 4261 5

non trivial sector 4265trivial sector 4265 5

non trivial sector 4263trivial sector 4263 66
non trivial sector 4268trivial sector 4268 5

non trivial sector 4266trivial sector 4266 5

non trivial sector non trivial sector 4270 6

non trivial sector 4271trivial sector 4271 77
non trivial sector 4267trivial sector 4267 66

non trivial sector 4269trivial sector 4269 66
non trivial sector 42844284 6

non trivial sector 4281trivial sector 4281 66
non trivial sector non trivial sector 4282 282 6

non trivial sector 4277trivial sector 4277 66

non trivial sector 4285trivial sector 4285 77
non trivial sector 4279trivial sector 4279 77
non trivial sector 4286trivial sector 4286 77
non trivial sector 4287trivial sector 4287  8
non trivial sector 4283trivial sector 4283 7

non trivial sector 4295trivial sector 4295 66
non trivial sector 4293trivial sector 4293 5

non trivial sector 4298trivial sector 4298 55

non trivial sector 4301trivial sector 4301 6

non trivial sector 4302trivial sector 4302 66
nnon trivial sector 43004300 55
non trivial sector 4297trivial sector 4297 5

non trivial sector 4303trivial sector 4303 77
non trivial sector 4299 299 6

non trivial sector 4311 77

non trivial sector 4309trivial sector 4309 6

non trivial sector 4314trivial sector 4314 6

non trivial sector 4317 317 7
non trivial sector 4315trivial sector 4315 77
non trivial sector 4318trivial sector 4318 7

non trivial sector 4316trivial sector 4316 66

non trivial sector non trivial sector 4313 313 6

non trivial sector 4325trivial sector 4325 66
non trivial sector 4319trivial sector 4319 88
non trivial sector 4330trivial sector 4330 66

non trivial sector 4327 327 7

non trivial sector 4329trivial sector 4329 66

non trivial sector 4331trivial sector 4331 77
non trivial sector 4333trivial sector 4333 77

non trivial sector 4332trivial sector 4332 66
non trivial sector 4334 334 7

non trivial sector 4335trivial sector 4335 8
non trivial sector 4341trivial sector 4341 7

non trivial sector 4343trivial sector 4343 88
non trivial sector 4347trivial sector 4347 8
non trivial sector 4345trivial sector 4345 77

non trivial sector 4349 88

non trivial sector 4346trivial sector 4346 77

non trivial sector 4350trivial sector 4350 8

non trivial sector 4348trivial sector 4348 77
non trivial sector 4351trivial sector 4351 99

non trivial sector 4364trivial sector 4364 4

non trivial sector 4367trivial sector 4367 6

non trivial sector 4373 373 5

non trivial sector 4365 55

non trivial sector non trivial sector 4366 366 5

non trivial sector 4378trivial sector 4378 55

non trivial sector non trivial sector 4375 375 6

non trivial sector non trivial sector 43794379 66
non trivial sector 4381trivial sector 4381 66

non trivial sector non trivial sector 4382 382 6

non trivial sector 4377 377 5

non trivial sector 4380trivial sector 4380 5

non trivial sector 4389 389 5
non trivial sector 4383trivial sector 4383 7

non trivial sector 4395trivial sector 4395 66
non trivial sector 4391trivial sector 4391 66

non trivial sector 4394trivial sector 4394 55

non trivial sector 4396trivial sector 4396 5

non trivial sector 4399trivial sector 4399 7

non trivial sector 4397trivial sector 4397 66
non trivial sector 4405trivial sector 4405 6

non trivial sector non trivial sector 4398 398 6

non trivial sector 4407 407 7

non trivial sector non trivial sector 4409 409 6

non trivial sector 4410trivial sector 4410  6
non trivial sector 4411trivial sector 4411 7
non trivial sector 4393trivial sector 4393 55

non trivial sector 4414trivial sector 4414 77
non trivial sector 4413trivial sector 4413 7

non trivial sector 4412trivial sector 4412 66

non trivial sector 4421trivial sector 4421 5

non trivial sector non trivial sector 4415 415 8

non trivial sector 4423trivial sector 4423 6

non trivial sector 4427 427 6

non trivial sector 4431trivial sector 4431 77
non trivial sector non trivial sector 4430 430 6

non trivial sector non trivial sector 4429 429 6

non trivial sector non trivial sector 4425 425 5

non trivial sector 4426trivial sector 4426 55

non trivial sector 4428trivial sector 4428 55
non trivial sector non trivial sector 4437 6

non trivial sector 4443trivial sector 4443 7
non trivial sector 4439trivial sector 4439 77

non trivial sector 4441trivial sector 4441 66

non trivial sector 4445trivial sector 4445 7
non trivial sector non trivial sector 4444 66

non trivial sector non trivial sector 4442  6

non trivial sector 4446trivial sector 4446 7
non trivial sector 4453 66

non trivial sector non trivial sector 4455 77
non trivial sector 4447trivial sector 4447 8

non trivial sector 4457trivial sector 4457 66

non trivial sector 4462trivial sector 4462 77

non trivial sector 4458trivial sector 4458 66

non trivial sector 4460 66
non trivial sector 4459trivial sector 4459 77

non trivial sector 4463trivial sector 4463 8

non trivial sector 4461trivial sector 4461 7

non trivial sector 4474trivial sector 4474 77

non trivial sector non trivial sector 4469 7

non trivial sector 4479trivial sector 4479 99

non trivial sector 4477trivial sector 4477 88

non trivial sector 4475 475 8

non trivial sector 4473trivial sector 4473 77

non trivial sector 4471 88

non trivial sector 4476trivial sector 4476 7
non trivial sector 4478trivial sector 4478 88

non trivial sector non trivial sector 4485 485 5

non trivial sector 4487 487 6
non trivial sector 4490trivial sector 4490 55
non trivial sector 4489 489 5
non trivial sector 4491trivial sector 4491 66

non trivial sector 4492trivial sector 4492 55
non trivial sector 4493trivial sector 4493 6

non trivial sector 4495trivial sector 4495 7
non trivial sector non trivial sector 4494 494 6
non trivial sector 4505 66

non trivial sector 4501trivial sector 4501 6

non trivial sector 4506trivial sector 4506 6

non trivial sector 4507trivial sector 4507 7

non trivial sector non trivial sector 4510 510 7

non trivial sector 4511 511 88
non trivial sector 4503trivial sector 4503 7

non trivial sector 4508 508 6

non trivial sector 4509trivial sector 4509 7

non trivial sector 4517trivial sector 4517 66

non trivial sector 4526trivial sector 4526  7

non trivial sector 4519trivial sector 4519 77
nnon trivial sector 4521 521 6

non trivial sector 4523 523 7

non trivial sector 4524trivial sector 4524 66
non trivial sector 4525trivial sector 4525 7

non trivial sector 4522trivial sector 4522 6
non trivial sector 4527trivial sector 4527 88
non trivial sector 4533trivial sector 4533 7

non trivial sector 4540trivial sector 4540 7
non trivial sector 4535trivial sector 4535 88

non trivial sector 4539trivial sector 4539 8

non trivial sector 4543trivial sector 4543 99
non trivial sector 4542 8

non trivial sector 4537trivial sector 4537 77
non trivial sector 4538trivial sector 4538 77
non trivial sector non trivial sector 4541 541 8
non trivial sector non trivial sector 4549 549 6

non trivial sector 4554trivial sector 4554 66
non trivial sector non trivial sector 4553 553 6
non trivial sector 4551 7

non trivial sector 4555 555 7
non trivial sector 4556trivial sector 4556 66

non trivial sector 4559trivial sector 4559 88

non trivial sector non trivial sector 4557 557 7

non trivial sector 4558trivial sector 4558 7
non trivial sector 4570trivial sector 4570 7

non trivial sector 4567trivial sector 4567 88

non trivial sector 4565trivial sector 4565 77

non trivial sector 4572trivial sector 4572 77
non trivial sector 4569trivial sector 4569 77
non trivial sector 4573 88
non trivial sector 4571trivial sector 4571 88

non trivial sector 4583trivial sector 4583 88
non trivial sector non trivial sector 45744574 88

non trivial sector 4581trivial sector 4581 77

non trivial sector 4575trivial sector 4575 99

non trivial sector 4588 7
non trivial sector 4586trivial sector 4586 7

non trivial sector 4585trivial sector 4585 7

non trivial sector 4587trivial sector 4587 8

non trivial sector 4590 88

non trivial sector 4597 597 8

non trivial sector 4589trivial sector 4589 88
non trivial sector 4602trivial sector 4602 8
non trivial sector 4591trivial sector 4591 99

non trivial sector 4603trivial sector 4603 99

non trivial sector 4601trivial sector 4601 88

non trivial sector non trivial sector 4599 599 9

non trivial sector 4606trivial sector 4606 99

non trivial sector 4604trivial sector 4604 8

non trivial sector 4607trivial sector 4607 10
0
non trivial sector 4605trivial sector 4605 99

non trivial sector 4620trivial sector 4620 44

non trivial sector 4617 617 4

non trivial sector non trivial sector 4621 621 5

non trivial sector 4616 616 3
non trivial sector 4623trivial sector 4623 66
non trivial sector 4619trivial sector 4619 5

non trivial sector 4618trivial sector 4618 4

non trivial sector 4622trivial sector 4622  5

non trivial sector 4632trivial sector 4632 4

non trivial sector 4633trivial sector 4633 55

non trivial sector 4636trivial sector 4636 55

non trivial sector 4634trivial sector 4634 5

non trivial sector 4635trivial sector 4635  6
non trivial sector 4638trivial sector 4638 66

non trivial sector 46454645 5

non trivial sector 4643trivial sector 4643 5

non trivial sector 4646trivial sector 4646 55
non trivial sector 4637trivial sector 4637 66
non trivial sector 4649trivial sector 4649 5
non trivial sector 4647trivial sector 4647 66
non trivial sector 4648trivial sector 4648 4
non trivial sector 4651 651 6

non trivial sector 4644trivial sector 4644 44
non trivial sector 4654trivial sector 4654 6

non trivial sector 4653 6

non trivial sector 4639trivial sector 4639 7

non trivial sector 4652trivial sector 4652 5

non trivial sector non trivial sector 4650 5

non trivial sector 4642trivial sector 4642 44

non trivial sector 4661trivial sector 4661 6

non trivial sector non trivial sector 4660 660 5

non trivial sector 4655trivial sector 4655 77

non trivial sector 4659trivial sector 4659 66

non trivial sector 4662trivial sector 4662 6

non trivial sector 46584658 5

non trivial sector 4666trivial sector 4666 66

non trivial sector 4667trivial sector 4667 7
non trivial sector non trivial sector 4663 77

non trivial sector 4665trivial sector 4665 66

non trivial sector 4668trivial sector 4668 66

non trivial sector 4664trivial sector 4664 55

non trivial sector 4670 77
non trivial sector non trivial sector 4671 671 8

non trivial sector 4669trivial sector 4669 77

non trivial sector 4674trivial sector 4674 44
non trivial sector 4675trivial sector 4675 55

non trivial sector 4676trivial sector 4676 44
non trivial sector 4681trivial sector 4681 5

non trivial sector 4678 55

non trivial sector 4679trivial sector 4679 6

non trivial sector 4677trivial sector 4677 55
non trivial sector 4680 4

non trivial sector 4682trivial sector 4682 55

non trivial sector non trivial sector 46864686 66

non trivial sector 4691 691 6

non trivial sector 4683 683 6

non trivial sector 4687trivial sector 4687 77
non trivial sector 4693trivial sector 4693 66

non trivial sector 4685trivial sector 4685 66

non trivial sector 4690trivial sector 4690 5

non trivial sector 4694trivial sector 4694 66
non trivial sector 4692trivial sector 4692 5

non trivial sector 4684trivial sector 4684 5

non trivial sector 4695trivial sector 4695 77
non trivial sector 4697trivial sector 4697 66
non trivial sector 4696trivial sector 4696 55
non trivial sector 4698trivial sector 4698 66

non trivial sector 4702 77

non trivial sector 4701trivial sector 4701 7

non trivial sector 4709 709 6

non trivial sector 4706trivial sector 4706 55
non trivial sector 4700trivial sector 4700 6
non trivial sector 4703trivial sector 4703 88
non trivial sector 4699 699 7

non trivial sector 4707trivial sector 4707 66

non trivial sector 4711trivial sector 4711 77

non trivial sector 4712trivial sector 4712 55
non trivial sector non trivial sector 4714 714 6

non trivial sector 4708trivial sector 4708 5

non trivial sector 4710trivial sector 4710 66

non trivial sector 4715trivial sector 4715 77

non trivial sector 4716trivial sector 4716 66

non trivial sector 4719 88

non trivial sector 4717trivial sector 4717 77
non trivial sector 4718trivial sector 4718 77

non trivial sector 4725trivial sector 4725 7

non trivial sector 4713trivial sector 4713 66

non trivial sector 4722trivial sector 4722 66

non trivial sector 4726trivial sector 4726 7
non trivial sector non trivial sector 4724 724 6

non trivial sector non trivial sector 4728 728 6

non trivial sector 4729 729 7

non trivial sector 4730trivial sector 4730 77
non trivial sector 4727trivial sector 4727 88

non trivial sector non trivial sector 4723 723 7
non trivial sector 4731trivial sector 4731 88

non trivial sector 4732trivial sector 4732 77

non trivial sector 4733trivial sector 4733 88

non trivial sector 4738trivial sector 4738 4
non trivial sector 4734trivial sector 4734 88
non trivial sector 4739trivial sector 4739 55

non trivial sector 4743 743 6

non trivial sector 4742  5

non trivial sector 4740 740 4

non trivial sector non trivial sector 4741 741 5

non trivial sector 4735trivial sector 4735 9

non trivial sector 4748trivial sector 4748 55
non trivial sector 4747 6

non trivial sector 4744trivial sector 4744 4

non trivial sector 4746trivial sector 4746 5

non trivial sector 4754trivial sector 4754 5

non trivial sector 4745 5
non trivial sector 4749trivial sector 4749 6
non trivial sector 4760trivial sector 4760 55

non trivial sector 4758 66

non trivial sector 4755trivial sector 4755 6
non trivial sector 4750 6

non trivial sector 4756trivial sector 4756 5

non trivial sector 4757trivial sector 4757 6
non trivial sector 4763 763 77
nnon trivial sector 4762 66

non trivial sector 4764trivial sector 4764 66

non trivial sector 4751trivial sector 4751 77

non trivial sector 4766trivial sector 4766 77

non trivial sector 4761trivial sector 4761 6
non trivial sector 4759trivial sector 4759 7

non trivial sector 4765trivial sector 4765 77

non trivial sector 4767trivial sector 4767 88

non trivial sector 4770trivial sector 4770 5

non trivial sector 4771trivial sector 4771 66

non trivial sector 4772 55
non trivial sector 4775 775 7

non trivial sector 4776trivial sector 4776 55
non trivial sector 4779trivial sector 4779 77

non trivial sector 4777 66

non trivial sector 4774trivial sector 4774 66

non trivial sector 4773trivial sector 4773 6
non trivial sector 4780trivial sector 4780 6

non trivial sector 4781trivial sector 4781 77
non trivial sector non trivial sector 4778 778 6

non trivial sector non trivial sector 4782 782 7

non trivial sector non trivial sector 4783 8

non trivial sector 4786trivial sector 4786 66

non trivial sector 4787trivial sector 4787 77

non trivial sector 4790trivial sector 4790 7
non trivial sector 4788trivial sector 4788 66

non trivial sector 4791trivial sector 4791 88
non trivial sector 4789trivial sector 4789 77

non trivial sector 47924792  6

non trivial sector 4796trivial sector 4796 77
non trivial sector non trivial sector 4793 793 7
non trivial sector 4802trivial sector 4802 55

non trivial sector 4794 7

non trivial sector 4795trivial sector 4795 8

non trivial sector 4798trivial sector 4798 88

non trivial sector 4799trivial sector 4799 99

non trivial sector 4797trivial sector 4797 88

non trivial sector 4805trivial sector 4805 66

non trivial sector 4807trivial sector 4807 77

non trivial sector 4803 66

non trivial sector 4806trivial sector 4806 6
non trivial sector 4810 66

non trivial sector 4808 55

non trivial sector 4812trivial sector 4812 66

non trivial sector 4814trivial sector 4814 77

non trivial sector 4804trivial sector 4804 55

non trivial sector 4818trivial sector 4818 66
non trivial sector 4813trivial sector 4813 77

non trivial sector non trivial sector 4822 7

non trivial sector 4809trivial sector 4809 6

non trivial sector 4819trivial sector 4819 77

non trivial sector 4824trivial sector 4824 6

non trivial sector 4815trivial sector 4815 88
non trivial sector 4826trivial sector 4826 77
non trivial sector 4823 823 8

non trivial sector 4820 820 6

non trivial sector non trivial sector 4821 821 7

non trivial sector 4811trivial sector 4811 77
non trivial sector 4827trivial sector 4827 88

non trivial sector 4831 9
non trivial sector 4829trivial sector 4829 88
non trivial sector 4825trivial sector 4825 7
non trivial sector 4828trivial sector 4828 77

non trivial sector 4835trivial sector 4835 7

non trivial sector 4837trivial sector 4837 7

non trivial sector 4838 7
non trivial sector non trivial sector 48304830 88

non trivial sector 4834trivial sector 4834 66

non trivial sector 4836trivial sector 4836 66
non trivial sector 4842trivial sector 4842 77

non trivial sector 4844trivial sector 4844 7
non trivial sector 4841trivial sector 4841 77

non trivial sector 4845trivial sector 4845 8
non trivial sector 4840trivial sector 4840 6

non trivial sector 4846trivial sector 4846 88
non trivial sector 4850trivial sector 4850 77
non trivial sector 4847trivial sector 4847 9

non trivial sector non trivial sector 4839 839 8

non trivial sector 4853  8

non trivial sector 4852trivial sector 4852 7
non trivial sector 4855trivial sector 4855 99
non trivial sector non trivial sector 4854 8
non trivial sector 4851trivial sector 4851 88

non trivial sector 4856trivial sector 4856 77

non trivial sector 4859 99
non trivial sector 4858trivial sector 4858 88

non trivial sector non trivial sector 4843 843 8

4860 860 8
non trivial sector 4857trivial sector 4857 88

non trivial sector 4862trivial sector 4862 9
non trivial sector 4861trivial sector 4861 9

non trivial sector 4863 10
0
non trivial sector 4873trivial sector 4873 55

non trivial sector non trivial sector 4874 874 5
non trivial sector 4879trivial sector 4879  7
non trivial sector 4872trivial sector 4872 44
non trivial sector 4878 66
non trivial sector 4876trivial sector 4876 5
non trivial sector 4877trivial sector 4877 66

non trivial sector 4882trivial sector 4882  5

non trivial sector 4889 889 6

non trivial sector 4883trivial sector 4883 66

non trivial sector non trivial sector 4875 875 6

non trivial sector 4887trivial sector 4887 7

non trivial sector 4885 6
non trivial sector 4886trivial sector 4886 6

non trivial sector 4884trivial sector 4884 5

non trivial sector 4890trivial sector 4890 66
non trivial sector non trivial sector 4888 888 5

non trivial sector non trivial sector 4891 891 7

non trivial sector 4893trivial sector 4893 77

non trivial sector 4899trivial sector 4899 66

non trivial sector 4898 898 5

non trivial sector 4901trivial sector 4901 6

non trivial sector non trivial sector 4894 77

non trivial sector 4895trivial sector 4895 8

non trivial sector 4900 900 5
non trivial sector 4892trivial sector 4892 66

non trivial sector 4907trivial sector 4907 77

non trivial sector 4902trivial sector 4902 66
non trivial sector 4904trivial sector 4904 5

non trivial sector 4908trivial sector 4908 66

non trivial sector 4906trivial sector 4906 66

non trivial sector 4903 903 7

non trivial sector non trivial sector 4910 910 7

non trivial sector non trivial sector 4905 6

non trivial sector 4914trivial sector 4914 6
non trivial sector 4909trivial sector 4909 7
non trivial sector 4911trivial sector 4911 8

non trivial sector 4919trivial sector 4919  8

non trivial sector 4916trivial sector 4916 66

non trivial sector 4915trivial sector 4915 7

non trivial sector 4921trivial sector 4921 77

non trivial sector 4917trivial sector 4917 7

non trivial sector 4920trivial sector 4920 6

non trivial sector 4918trivial sector 4918 77

non trivial sector 4922trivial sector 4922 77
non trivial sector 4924trivial sector 4924 77

non trivial sector 4923trivial sector 4923 8
non trivial sector non trivial sector 4926 926 8

non trivial sector 4930 5
non trivial sector 4927 927 9

non trivial sector 4925trivial sector 4925 8

non trivial sector non trivial sector 4933 933 6

non trivial sector 4936 55

non trivial sector non trivial sector 4937 937 6

non trivial sector 4935trivial sector 4935 7

non trivial sector 4932trivial sector 4932 55
non trivial sector 4934trivial sector 4934 6

non trivial sector 4931trivial sector 4931 66

non trivial sector non trivial sector 4938 938 6

non trivial sector 4943trivial sector 4943 88

non trivial sector 4939trivial sector 4939 7

non trivial sector 4946 6

non trivial sector 4940 940 6

non trivial sector 4941trivial sector 4941 77

non trivial sector 4942trivial sector 4942 7
non trivial sector 4951trivial sector 4951 8

non trivial sector 4950trivial sector 4950 7

non trivial sector 4948 66

non trivial sector 4949trivial sector 4949 77
non trivial sector 4947trivial sector 4947 77

non trivial sector 4953trivial sector 4953 77
non trivial sector 4956trivial sector 4956 77
non trivial sector 4955trivial sector 4955 8
non trivial sector 4952 952 6

non trivial sector non trivial sector 4959 959 9

non trivial sector 4957trivial sector 4957 88

non trivial sector 4962 66
non trivial sector 4958 958 8
non trivial sector 4954trivial sector 4954 77

non trivial sector 4964trivial sector 4964 6

non trivial sector 4968 968 6

non trivial sector 4966trivial sector 4966 77

non trivial sector 4969trivial sector 4969 7
non trivial sector 4963trivial sector 4963 77

non trivial sector 4965trivial sector 4965 77

non trivial sector 4971trivial sector 4971 8

non trivial sector 4973trivial sector 4973 88
non trivial sector 4975 975 9
non trivial sector non trivial sector 4972 77
non trivial sector 4970trivial sector 4970 77

non trivial sector 4981trivial sector 4981 88
non trivial sector 4980trivial sector 4980 77
non trivial sector 4974trivial sector 4974 88
non trivial sector 4982trivial sector 4982 88

non trivial sector 4978trivial sector 4978 77
non trivial sector 4984 7

non trivial sector 4979trivial sector 4979 8

non trivial sector 4967trivial sector 4967 8

non trivial sector 4986trivial sector 4986 88

non trivial sector 4983trivial sector 4983 99

non trivial sector 4989trivial sector 4989 9
non trivial sector 4985 985 8

non trivial sector 4996 996 5

non trivial sector non trivial sector 4990 990 9

non trivial sector 4988trivial sector 4988 8

non trivial sector non trivial sector 4997 66

non trivial sector 4987trivial sector 4987 9
non trivial sector 4991trivial sector 4991 10
non trivial sector 4994trivial sector 4994 55

non trivial sector 4999 999 7

non trivial sector non trivial sector 5001 001 6

non trivial sector 5000trivial sector 5000 55
non trivial sector 5006trivial sector 5006 77

non trivial sector 5002trivial sector 5002 66

non trivial sector 5003 7

non trivial sector 4995trivial sector 4995 6
non trivial sector 4998trivial sector 4998 66
non trivial sector 5005trivial sector 5005 77
non trivial sector 5004trivial sector 5004 66

non trivial sector 5011trivial sector 5011 7

non trivial sector 5013trivial sector 5013 7

non trivial sector 5007trivial sector 5007 88

non trivial sector 5014trivial sector 5014 77

non trivial sector 5010trivial sector 5010 66
non trivial sector 5020trivial sector 5020 7
non trivial sector 5016 66

non trivial sector 5017 017 7

non trivial sector 5012  6

non trivial sector 5018trivial sector 5018 77
non trivial sector 5015trivial sector 5015 88

non trivial sector 5021trivial sector 5021 8

non trivial sector 5023trivial sector 5023 9

non trivial sector 5019trivial sector 5019 88

non trivial sector 5022trivial sector 5022 88
non trivial sector 5029trivial sector 5029 77
non trivial sector 5028trivial sector 5028 6

non trivial sector 5026trivial sector 5026 66
non trivial sector 5027trivial sector 5027 77
non trivial sector 5031trivial sector 5031 88
non trivial sector non trivial sector 5033 033 7

non trivial sector 5032trivial sector 5032 6

non trivial sector 5034trivial sector 5034 77
non trivial sector 5037 037 8
non trivial sector 5038 88

non trivial sector 5030trivial sector 5030 77
non trivial sector 5039trivial sector 5039 9

non trivial sector 5036trivial sector 5036 77
non trivial sector 5042trivial sector 5042 77

non trivial sector 5045trivial sector 5045 8

non trivial sector 5043trivial sector 5043  8
non trivial sector 5047 047 9

non trivial sector 5035trivial sector 5035 8

non trivial sector 5050trivial sector 5050 8

non trivial sector 5048trivial sector 5048 77
non trivial sector 5046trivial sector 5046  8

non trivial sector 5044trivial sector 5044 7

non trivial sector 5054 9
non trivial sector 5053 053 9

non trivial sector 5051trivial sector 5051 9

non trivial sector 5049trivial sector 5049 8
non trivial sector 5052trivial sector 5052 8

non trivial sector 5059trivial sector 5059 7

non trivial sector 5058trivial sector 5058 6

non trivial sector 5055trivial sector 5055 10
non trivial sector 5063trivial sector 5063 8

non trivial sector 5062trivial sector 5062 7

non trivial sector 5064trivial sector 5064 66

non trivial sector 5066 066 7

non trivial sector 5065trivial sector 5065 7
non trivial sector 5060trivial sector 5060 6

non trivial sector 5061 7

non trivial sector 5069 8

non trivial sector 5070trivial sector 5070 8

non trivial sector 5067trivial sector 5067 8

non trivial sector 5068trivial sector 5068  7

non trivial sector 5071trivial sector 5071 9

non trivial sector 5077 8

non trivial sector 5074trivial sector 5074 7

non trivial sector 5076trivial sector 5076 77

non trivial sector 5075trivial sector 5075  8

non trivial sector 5080trivial sector 5080 7

non trivial sector 5084trivial sector 5084 88
non trivial sector 5082trivial sector 5082  8

non trivial sector 5078trivial sector 5078 88

non trivial sector 5079trivial sector 5079 99

non trivial sector 5083trivial sector 5083 99
non trivial sector 5081 88

non trivial sector 5085trivial sector 5085 99

non trivial sector 5086trivial sector 5086  9

non trivial sector 5090trivial sector 5090 7
non trivial sector 5087trivial sector 5087 10

non trivial sector 5094 094 8
non trivial sector 5096 096 7

non trivial sector 5093trivial sector 5093 8

non trivial sector 5098trivial sector 5098 88

non trivial sector 5092 77
non trivial sector 5091trivial sector 5091 88
non trivial sector 5101trivial sector 5101 99

non trivial sector 5097trivial sector 5097 8

non trivial sector 5102trivial sector 5102 9
non trivial sector 5095 9

non trivial sector 5099trivial sector 5099 99

non trivial sector 5107trivial sector 5107 99
non trivial sector 5100trivial sector 5100 88

non trivial sector non trivial sector 5106 8

non trivial sector 5103 110
non trivial sector 5108trivial sector 5108 88

non trivial sector non trivial sector 5112 112 8
non trivial sector 5113trivial sector 5113 9

non trivial sector 5109trivial sector 5109 99

non trivial sector 5116trivial sector 5116 9
non trivial sector 5118trivial sector 5118 10
non trivial sector 5114trivial sector 5114 9
non trivial sector 5111trivial sector 5111 110

non trivial sector 5110trivial sector 5110 9

non trivial sector 5115trivial sector 5115 10
0
non trivial sector 5128 3
non trivial sector 5117trivial sector 5117 10
0
non trivial sector 5119trivial sector 5119 11
non trivial sector 5132trivial sector 5132 4

non trivial sector 5129trivial sector 5129 4

non trivial sector 5130trivial sector 5130 4
non trivial sector non trivial sector 5131 131 5

non trivial sector 5133trivial sector 5133 5
non trivial sector 5134trivial sector 5134 55

non trivial sector 5135trivial sector 5135 6
non trivial sector 5148trivial sector 5148  5

non trivial sector 5145trivial sector 5145 55
non trivial sector 5144trivial sector 5144 44
non trivial sector 5149trivial sector 5149 66

non trivial sector 5146trivial sector 5146 55

non trivial sector 5147 6

non trivial sector 5151trivial sector 5151 77
non trivial sector 5150trivial sector 5150 6

non trivial sector 5158trivial sector 5158 5

non trivial sector 5156trivial sector 5156 44

non trivial sector 5155trivial sector 5155 5

non trivial sector 5157trivial sector 5157 55

non trivial sector 5164trivial sector 5164  5

non trivial sector 5159 159 6

non trivial sector 5154trivial sector 5154 44
non trivial sector 5161trivial sector 5161 5

non trivial sector 5163trivial sector 5163 66

non trivial sector 5160trivial sector 5160 44

non trivial sector 5165trivial sector 5165 66

non trivial sector 5162trivial sector 5162 55

non trivial sector 5171 171 6

non trivial sector 5170 170 55
non trivial sector 5167trivial sector 5167 7

non trivial sector 5166trivial sector 5166 66

non trivial sector 5172trivial sector 5172 55

non trivial sector 5176 176 5

non trivial sector 5175trivial sector 5175 7
non trivial sector 5173trivial sector 5173 66

non trivial sector 5174trivial sector 5174 66

non trivial sector 5177trivial sector 5177 66
non trivial sector 5179trivial sector 5179 7

non trivial sector 5178trivial sector 5178 66
non trivial sector 5181trivial sector 5181 77
non trivial sector 5180trivial sector 5180 66
non trivial sector 5186trivial sector 5186 44

non trivial sector 5187trivial sector 5187 5

non trivial sector 5192trivial sector 5192 44

non trivial sector 5183trivial sector 5183 8
non trivial sector 5191trivial sector 5191 66

non trivial sector 5182trivial sector 5182  7

non trivial sector 5195trivial sector 5195 6
non trivial sector non trivial sector 5193 193 5
non trivial sector 5189 189 5

non trivial sector 5188 44
non trivial sector 5190trivial sector 5190 55

non trivial sector 5198trivial sector 5198 6
non trivial sector 5194trivial sector 5194 5

non trivial sector non trivial sector 5197 197 6

non trivial sector 5196trivial sector 5196 5

non trivial sector 5205trivial sector 5205 6
non trivial sector 5202 5

non trivial sector 5206trivial sector 5206 66
non trivial sector 5203trivial sector 5203 66

non trivial sector 5208 208 5

non trivial sector 5209trivial sector 5209 6
non trivial sector 5199 199 7

non trivial sector 5204trivial sector 5204 55

non trivial sector 5207trivial sector 5207 7
non trivial sector non trivial sector 5213 213 7

non trivial sector 5211trivial sector 5211 77
non trivial sector 5210trivial sector 5210 6

non trivial sector 5212trivial sector 5212 6

non trivial sector 5214trivial sector 5214 7

non trivial sector 5219trivial sector 5219 6

non trivial sector non trivial sector 5218 218 5

non trivial sector 5215trivial sector 5215 8

non trivial sector 5224trivial sector 5224 55
nnon trivial sector 5227 227 7
non trivial sector 5221trivial sector 5221 66

non trivial sector 5225 225 6

non trivial sector 5226trivial sector 5226 66

non trivial sector 5222 222 6

non trivial sector 5223trivial sector 5223 7

non trivial sector 5229 7

non trivial sector 5228trivial sector 5228 66

non trivial sector 5220trivial sector 5220 55

non trivial sector 5230trivial sector 5230 7

non trivial sector 5236trivial sector 5236 6

non trivial sector 5237 7
non trivial sector 5234trivial sector 5234 66

non trivial sector 5231trivial sector 5231 8

non trivial sector 5235trivial sector 5235 77
non trivial sector 5241 7
non trivial sector 5240trivial sector 5240 6

non trivial sector 5238trivial sector 5238 7

non trivial sector 5243trivial sector 5243 88
non trivial sector 5242trivial sector 5242 77

non trivial sector 5247trivial sector 5247 9

non trivial sector 5244 244trivial sector  7

non trivial sector non trivial sector 5246 246 8

non trivial sector 5252 44
non trivial sector 5253 253 5

non trivial sector 5239trivial sector 5239 88

non trivial sector 5250trivial sector 5250 44

non trivial sector 5254trivial sector 5254 55

non trivial sector 5245 8

non trivial sector 5258trivial sector 5258 55

non trivial sector 5261trivial sector 5261 66

non trivial sector 5256trivial sector 5256 44
non trivial sector 5263trivial sector 5263 77

non trivial sector 5260trivial sector 5260 55

non trivial sector 5255 255 6
non trivial sector 5259 66
non trivial sector non trivial sector 5262 6

non trivial sector 5251trivial sector 5251 55

non trivial sector 5268trivial sector 5268 55

non trivial sector 5266trivial sector 5266 5

non trivial sector 5257trivial sector 5257 55

non trivial sector 5270trivial sector 5270 66

non trivial sector 5269trivial sector 5269 66

non trivial sector 5272trivial sector 5272 55
non trivial sector 5267trivial sector 5267 6

non trivial sector 5275trivial sector 5275 77

non trivial sector 5273trivial sector 5273 66

non trivial sector 5271 77
non trivial sector 5279 8

non trivial sector non trivial sector 5278 7

non trivial sector 5274trivial sector 5274 66

non trivial sector 5284trivial sector 5284 55
non trivial sector 5276trivial sector 5276 6
non trivial sector 5277trivial sector 5277 7

non trivial sector 5288trivial sector 5288 5
non trivial sector 5286trivial sector 5286 6
non trivial sector 5285trivial sector 5285 66

non trivial sector 5283trivial sector 5283 6

non trivial sector 5287trivial sector 5287 77
non trivial sector 5289 66

non trivial sector non trivial sector 5291 77
non trivial sector 5292trivial sector 5292 6
non trivial sector 5282trivial sector 5282 5

non trivial sector 5293trivial sector 5293 77

non trivial sector 5290 290 66

non trivial sector 5294trivial sector 5294 7

non trivial sector 5298trivial sector 5298 66

non trivial sector 5300trivial sector 5300 6

non trivial sector 5302trivial sector 5302 77

non trivial sector 5295 8

non trivial sector non trivial sector 5304 304 6

non trivial sector 5301trivial sector 5301 77
non trivial sector 5299trivial sector 5299 7

non trivial sector 5306 306trivial sector  7
non trivial sector 5303trivial sector 5303 88

non trivial sector 5307trivial sector 5307 88

non trivial sector 5308 308 7

non trivial sector 5309trivial sector 5309 88

non trivial sector 5305trivial sector 5305 7

non trivial sector 5311trivial sector 5311 99
non trivial sector 5315trivial sector 5315 66
non trivial sector 5316 316 55
non trivial sector 5317 6

non trivial sector 5314 5

non trivial sector non trivial sector 5320 320 5
non trivial sector 5318trivial sector 5318 66
non trivial sector 5319trivial sector 5319 77

non trivial sector 5323 7

non trivial sector 5310trivial sector 5310 88

non trivial sector 5321trivial sector 5321 66

non trivial sector 5322trivial sector 5322 66

non trivial sector 5324trivial sector 5324 6
non trivial sector 5330 6

non trivial sector 5325trivial sector 5325 77

non trivial sector 5331trivial sector 5331 77

non trivial sector 5327trivial sector 5327 88
non trivial sector 5326 326 7
non trivial sector 5332trivial sector 5332 66

non trivial sector 5333trivial sector 5333 77

non trivial sector 5335trivial sector 5335 88

non trivial sector non trivial sector 5334 77

non trivial sector 5336trivial sector 5336 6

non trivial sector 5339trivial sector 5339 8

non trivial sector non trivial sector 5341 341 8

non trivial sector 5343 9

non trivial sector 5337trivial sector 5337 7

non trivial sector 5346trivial sector 5346 66
non trivial sector 5342trivial sector 5342 88

non trivial sector non trivial sector 5340 340 7

non trivial sector 5338trivial sector 5338 77

non trivial sector non trivial sector 5350 350 7

non trivial sector non trivial sector 5348 348 6

non trivial sector 5347trivial sector 5347 77

non trivial sector 5351trivial sector 5351 8

non trivial sector 5352trivial sector 5352 66
non trivial sector 5349 349 7

non trivial sector 5353trivial sector 5353 77

non trivial sector 5354trivial sector 5354 77

non trivial sector 5356trivial sector 5356 7

non trivial sector 5355 355 8

non trivial sector 5357trivial sector 5357 8

non trivial sector 5358trivial sector 5358 8

non trivial sector 5359trivial sector 5359 99
non trivial sector 5362trivial sector 5362 7
non trivial sector 5363trivial sector 5363  8

non trivial sector 5368trivial sector 5368 77
non trivial sector 5370 8
non trivial sector 5366trivial sector 5366 8

non trivial sector 5367 367 99

non trivial sector 5364trivial sector 5364 77
non trivial sector non trivial sector 5365 365 8

non trivial sector 5374trivial sector 5374 99
non trivial sector 5371trivial sector 5371 99

non trivial sector 5372trivial sector 5372 88

non trivial sector 5369trivial sector 5369 8
non trivial sector 5373trivial sector 5373 9
non trivial sector 5375trivial sector 5375 110

non trivial sector 5386trivial sector 5386 5
non trivial sector 5387trivial sector 5387 6
non trivial sector non trivial sector 5388 55

non trivial sector 5385 385 5

non trivial sector 5390trivial sector 5390 66

non trivial sector 5391 77
non trivial sector non trivial sector 5384 384 4

non trivial sector 5394trivial sector 5394 55

non trivial sector 5396trivial sector 5396 5

non trivial sector non trivial sector 5395 395 6

non trivial sector 5389trivial sector 5389 66
non trivial sector 5401trivial sector 5401 6

non trivial sector 5398trivial sector 5398 6
non trivial sector 5404trivial sector 5404 6

non trivial sector 5397trivial sector 5397 6

non trivial sector 5402trivial sector 5402 66

non trivial sector 5403trivial sector 5403 7

non trivial sector 5405trivial sector 5405 77

non trivial sector 5399trivial sector 5399 77

non trivial sector non trivial sector 5400 400 5
non trivial sector 5407trivial sector 5407 88

non trivial sector 5406trivial sector 5406 77
non trivial sector 5412trivial sector 5412 5
non trivial sector 5410trivial sector 5410 55
non trivial sector 5413trivial sector 5413 66
non trivial sector 5414trivial sector 5414 66

non trivial sector 5411trivial sector 5411 66

non trivial sector 5416trivial sector 5416 5

non trivial sector 5419 419 7
non trivial sector 5418trivial sector 5418 66
non trivial sector 5417trivial sector 5417 66
non trivial sector 5415trivial sector 5415 7

non trivial sector 5420trivial sector 5420 66

non trivial sector 5421trivial sector 5421 7

non trivial sector 5426trivial sector 5426 66
non trivial sector 5422 422 7

non trivial sector 5427 427 7
non trivial sector non trivial sector 5423 423 8

non trivial sector 5428trivial sector 5428 6

non trivial sector 5429 7

non trivial sector 5430trivial sector 5430 77
non trivial sector 5431trivial sector 5431 88
non trivial sector 5434trivial sector 5434 77

non trivial sector 5432 432 6

non trivial sector 5439trivial sector 5439 99
non trivial sector 5437trivial sector 5437 88

non trivial sector 5435trivial sector 5435 88

non trivial sector 5433 7
non trivial sector 5436 436 7
non trivial sector 5444 444 5

non trivial sector 5445 445 6

non trivial sector 5443trivial sector 5443 66

non trivial sector non trivial sector 5438 88
non trivial sector 5447 447trivial sector  7
non trivial sector 5442trivial sector 5442 5
non trivial sector 5448 5

non trivial sector 5451trivial sector 5451 77

non trivial sector 5449trivial sector 5449 66
non trivial sector 5455 455 8
non trivial sector 5452 452 6

non trivial sector 5446trivial sector 5446 66

non trivial sector 5453trivial sector 5453 77

non trivial sector 5450trivial sector 5450 6
non trivial sector non trivial sector 5454 454 7

non trivial sector 5462trivial sector 5462 77

non trivial sector 5459trivial sector 5459 77

non trivial sector 5460 460 6

non trivial sector 5461 461 7

non trivial sector 5465trivial sector 5465 77

non trivial sector 5467trivial sector 5467 88
non trivial sector non trivial sector 5464 464 6

non trivial sector 5463trivial sector 5463 88

non trivial sector non trivial sector 5471 99

non trivial sector 5468trivial sector 5468 77

non trivial sector 5466trivial sector 5466 77

non trivial sector 5469 88

non trivial sector 5458trivial sector 5458 66

non trivial sector 5470trivial sector 5470 88

non trivial sector 5475 475 7

non trivial sector 5476 476 6

non trivial sector 5477 477 7

non trivial sector 5480trivial sector 5480 66
non trivial sector 5474trivial sector 5474 66
non trivial sector 5481 7

non trivial sector 5482trivial sector 5482 7
non trivial sector 5479 88

non trivial sector 5478trivial sector 5478 77

non trivial sector 5483trivial sector 5483 88
non trivial sector 5485trivial sector 5485 88

non trivial sector 5487trivial sector 5487 99

non trivial sector 5486trivial sector 5486 88

non trivial sector 5491trivial sector 5491 88

non trivial sector 5484trivial sector 5484 7
non trivial sector 5490trivial sector 5490 77

non trivial sector 54935493 8

non trivial sector 5492trivial sector 5492 7

non trivial sector 5496 7

non trivial sector 5502trivial sector 5502 9
non trivial sector 5498trivial sector 5498 88
non trivial sector 5501trivial sector 5501 9
non trivial sector 5495trivial sector 5495 99

non trivial sector 5500trivial sector 5500 8

non trivial sector 5497 497 8

non trivial sector 5494 494 88
nnon trivial sector 5499 499 9

non trivial sector 5503trivial sector 5503 110
non trivial sector 5506 55
non trivial sector 5508trivial sector 5508 55
non trivial sector 5510trivial sector 5510 6

non trivial sector 5514trivial sector 5514 66
non trivial sector 5509 66

non trivial sector 5511trivial sector 5511 77

non trivial sector 5507trivial sector 5507 66

non trivial sector 5515trivial sector 5515 7

non trivial sector 5518trivial sector 5518 77
non trivial sector 5512trivial sector 5512 55

non trivial sector 5517 77

non trivial sector 5513trivial sector 5513 6

non trivial sector 5522trivial sector 5522 6

non trivial sector non trivial sector 5516 516 6

non trivial sector 5525trivial sector 5525 77

non trivial sector 5523 523 7

non trivial sector 5519trivial sector 5519 88

non trivial sector 5528trivial sector 5528 66
nnon trivial sector 5529 77

non trivial sector 5524trivial sector 5524 6

non trivial sector non trivial sector 5527 527 8

non trivial sector 5530trivial sector 5530 77
non trivial sector 5532trivial sector 5532 7

non trivial sector 5526 7
non trivial sector 5534trivial sector 5534 88
nnon trivial sector 5531 88

non trivial sector 5533trivial sector 5533 88

non trivial sector 5535trivial sector 5535  9

non trivial sector non trivial sector 5538 66
non trivial sector 5542trivial sector 5542 77
non trivial sector 5541 541 7
non trivial sector 5543trivial sector 5543 88
non trivial sector non trivial sector 5539 539 7

non trivial sector 5540trivial sector 5540 66
non trivial sector 5546trivial sector 5546 7
non trivial sector 5544trivial sector 5544 66

non trivial sector 5548trivial sector 5548 77

non trivial sector 5550trivial sector 5550 8

non trivial sector 5545 77

non trivial sector 5549trivial sector 5549 88

non trivial sector 5547trivial sector 5547 8
non trivial sector 5551 551 9
non trivial sector 5554trivial sector 5554 77
non trivial sector non trivial sector 5555 555 8

non trivial sector 5556trivial sector 5556 77
non trivial sector 5560trivial sector 5560 77

non trivial sector 5557trivial sector 5557 88
non trivial sector non trivial sector 5559 99

non trivial sector non trivial sector 5558 558 8

non trivial sector 5562trivial sector 5562 88
non trivial sector 5561trivial sector 5561 8

non trivial sector non trivial sector 5566 99
non trivial sector 5565 565 9

non trivial sector non trivial sector 5567 567 10

non trivial sector non trivial sector 55635563 99

non trivial sector 5571trivial sector 5571 7
non trivial sector 5564trivial sector 5564 88
non trivial sector non trivial sector 5576 576 6
non trivial sector 5570trivial sector 5570 66

non trivial sector 5573trivial sector 5573 77

non trivial sector 5572trivial sector 5572 66

non trivial sector 5578trivial sector 5578 77

non trivial sector 5574 77
non trivial sector 5575trivial sector 5575 88

non trivial sector 5582trivial sector 5582 8

non trivial sector 5580trivial sector 5580 77

non trivial sector non trivial sector 5577 577 7

non trivial sector 5579trivial sector 5579 8

non trivial sector 5586trivial sector 5586 77

non trivial sector 5581trivial sector 5581 8
non trivial sector 5587trivial sector 5587 88
non trivial sector non trivial sector 5588 77

non trivial sector 5590trivial sector 5590  8
non trivial sector 5592trivial sector 5592 77

non trivial sector 5583trivial sector 5583 9
non trivial sector 5593trivial sector 5593 8

non trivial sector 5596trivial sector 5596 8

non trivial sector 5591trivial sector 5591 9

non trivial sector 5594trivial sector 5594 8

non trivial sector 5597trivial sector 5597 99

non trivial sector 5589trivial sector 5589 8

non trivial sector non trivial sector 5595 9

non trivial sector 5605 8

non trivial sector 5598trivial sector 5598  9

non trivial sector 5604trivial sector 5604 77
non trivial sector 5607trivial sector 5607 9
non trivial sector 5599trivial sector 5599 110

non trivial sector 5602trivial sector 5602 7

non trivial sector 5611 96119
non trivial sector non trivial sector 5612 612 8

non trivial sector 5610trivial sector 5610 8

non trivial sector 5603 603 8

non trivial sector non trivial sector 5606 8
non trivial sector 5613trivial sector 5613 9
non trivial sector non trivial sector 5608 77
non trivial sector 5614trivial sector 5614 9
non trivial sector 5609trivial sector 5609 88

non trivial sector 5620trivial sector 5620 8

non trivial sector 5618trivial sector 5618 88

non trivial sector 5621 621 9

non trivial sector 5615trivial sector 5615 110

non trivial sector 5622trivial sector 5622 99

non trivial sector 5619trivial sector 5619 99
non trivial sector 5626 9

non trivial sector 5628trivial sector 5628 9
non trivial sector 5625trivial sector 5625 9

non trivial sector 5624trivial sector 5624 8

non trivial sector 5623 110

non trivial sector 5627trivial sector 5627 110

non trivial sector 5630trivial sector 5630 110

non trivial sector 5629trivial sector 5629 10
0
non trivial sector non trivial sector 5643 6
non trivial sector 5640 640 4

non trivial sector 5641trivial sector 5641 55

non trivial sector 5642trivial sector 5642 55

non trivial sector 5645trivial sector 5645 66

non trivial sector 5644trivial sector 5644 55

non trivial sector 5646trivial sector 5646 6

non trivial sector 5631trivial sector 5631 11
1
non trivial sector 5647trivial sector 5647 77

non trivial sector 5659trivial sector 5659 7

non trivial sector 5665trivial sector 5665 5
non trivial sector 5656trivial sector 5656 55

non trivial sector 5657trivial sector 5657 66

non trivial sector 5658 6

non trivial sector 5667trivial sector 5667 66
non trivial sector 5661trivial sector 5661 77
non trivial sector 5660 660 6
non trivial sector 5664trivial sector 5664 44

non trivial sector non trivial sector 56625662 77

non trivial sector non trivial sector 5666 5

non trivial sector 5668trivial sector 5668 55

non trivial sector non trivial sector 5670 670 6

non trivial sector 5673trivial sector 5673 6
non trivial sector 5663trivial sector 5663 88
non trivial sector 5669trivial sector 5669 66

non trivial sector 5671trivial sector 5671 77
non trivial sector 5672trivial sector 5672 5

non trivial sector 5675 77

non trivial sector 5674trivial sector 5674 66
non trivial sector 5676trivial sector 5676 6
non trivial sector 5677trivial sector 5677 77

non trivial sector 5678trivial sector 5678 77
non trivial sector 5679trivial sector 5679 88
non trivial sector 5680trivial sector 5680 55

non trivial sector 5684trivial sector 5684 66

non trivial sector non trivial sector 5687 8

non trivial sector 5683trivial sector 5683 7

non trivial sector 5689 689 7
non trivial sector 5682trivial sector 5682 66
nnon trivial sector 5690 690 7

non trivial sector 5688 688 6

non trivial sector 5691trivial sector 5691 88

non trivial sector 5692 77

non trivial sector 5686trivial sector 5686 7

non trivial sector 5694trivial sector 5694 88
non trivial sector non trivial sector 5696 44

non trivial sector 5698 698 5

non trivial sector 5681trivial sector 5681 66

non trivial sector 5685trivial sector 5685 7
non trivial sector 5700trivial sector 5700 5
non trivial sector 5697trivial sector 5697 55
non trivial sector 5701trivial sector 5701 66

non trivial sector 5699trivial sector 5699 6

non trivial sector non trivial sector 5693 88

non trivial sector 5702trivial sector 5702 66

non trivial sector 5695trivial sector 5695 99

non trivial sector 5705trivial sector 5705 6

non trivial sector 5708trivial sector 5708 66
non trivial sector 5707 77

non trivial sector non trivial sector 5709 77
non trivial sector 5703trivial sector 5703 7

non trivial sector 5710trivial sector 5710 7

non trivial sector 5706trivial sector 5706 6

non trivial sector non trivial sector 5704 704 5
non trivial sector 5716trivial sector 5716 6

non trivial sector 5714trivial sector 5714 66
non trivial sector 5717 717 7

non trivial sector 5719trivial sector 5719 88

non trivial sector 5715trivial sector 5715 7

non trivial sector 5713trivial sector 5713 66

non trivial sector 5711trivial sector 5711 8

non trivial sector 5712trivial sector 5712 55
non trivial sector 5718trivial sector 5718 7

non trivial sector 5723 8

non trivial sector 5725 725 8

non trivial sector 5722 77

non trivial sector 5724 724 7

non trivial sector 5720trivial sector 5720 66

non trivial sector 5721trivial sector 5721 7

non trivial sector 5727trivial sector 5727 99

non trivial sector 5728trivial sector 5728 55
non trivial sector 5730trivial sector 5730 66

non trivial sector 5726trivial sector 5726 88
non trivial sector 5733trivial sector 5733 77

non trivial sector 5732trivial sector 5732 6

non trivial sector non trivial sector 5737 7
non trivial sector non trivial sector 5736 736 6

non trivial sector 5731trivial sector 5731 77

non trivial sector 5734trivial sector 5734 77

non trivial sector 5735trivial sector 5735 88
non trivial sector 5739trivial sector 5739 88

non trivial sector 5729 6
non trivial sector 5740trivial sector 5740 7
non trivial sector 5738trivial sector 5738 77

non trivial sector 5744trivial sector 5744 66

non trivial sector 5743trivial sector 5743 9

non trivial sector 5748 77
non trivial sector 5745trivial sector 5745 77
non trivial sector 5746trivial sector 5746 77
non trivial sector 5741trivial sector 5741 8

non trivial sector 5749trivial sector 5749 8

non trivial sector 5742 88

non trivial sector 5751trivial sector 5751 9

non trivial sector 5750trivial sector 5750 8

non trivial sector 5747trivial sector 5747 8

non trivial sector 5754 8

non trivial sector 57585758 9

non trivial sector 5755trivial sector 5755 99

non trivial sector 5752 752 7

non trivial sector 5756trivial sector 5756  8

non trivial sector 5753trivial sector 5753 88
non trivial sector 5763trivial sector 5763 6

non trivial sector 5759trivial sector 5759 110

non trivial sector 5757trivial sector 5757 9
non trivial sector non trivial sector 5766 766 6

non trivial sector 5762trivial sector 5762 5

non trivial sector 5764trivial sector 5764 5

non trivial sector 5761trivial sector 5761 5
non trivial sector 5770trivial sector 5770 6

non trivial sector 5769trivial sector 5769 6

non trivial sector 5760trivial sector 5760 44
non trivial sector 5771 771 7

non trivial sector 5765trivial sector 5765 6
non trivial sector 5767trivial sector 5767 77

non trivial sector non trivial sector 5768 768 5

non trivial sector 5773trivial sector 5773 7
non trivial sector 5772trivial sector 5772 66

non trivial sector 5775trivial sector 5775 88

non trivial sector 5776trivial sector 5776 55
non trivial sector 5774trivial sector 5774 7

non trivial sector 5781trivial sector 5781 77
non trivial sector 5778trivial sector 5778 6
non trivial sector 5779trivial sector 5779 7

non trivial sector 5782 782 7

non trivial sector 5780trivial sector 5780 66

non trivial sector 5777trivial sector 5777 66

non trivial sector 5784 784 6
non trivial sector 5783trivial sector 5783 8
non trivial sector 5787trivial sector 5787 88

non trivial sector 5788 77
non trivial sector 5789trivial sector 5789 8

non trivial sector 5792trivial sector 5792 55
non trivial sector 5785trivial sector 5785 77

non trivial sector 5786trivial sector 5786 77

non trivial sector 5793trivial sector 5793 66
non trivial sector 5795 795 7

non trivial sector 5790trivial sector 5790 8

non trivial sector 5794trivial sector 5794 6
non trivial sector 5791trivial sector 5791 99

non trivial sector 5796trivial sector 5796 6
non trivial sector 5801trivial sector 5801 77

non trivial sector 5798 798 7
non trivial sector 5800trivial sector 5800 6
non trivial sector 5799trivial sector 5799 88
non trivial sector 5803trivial sector 5803 88
non trivial sector 5802trivial sector 5802  7

non trivial sector 5804trivial sector 5804 7

non trivial sector 5807trivial sector 5807 99
non trivial sector 5808trivial sector 5808 66
non trivial sector 5797 797 7

non trivial sector 5806trivial sector 5806 88

non trivial sector 5805trivial sector 5805 88

non trivial sector 5810 810 7

non trivial sector 5814trivial sector 5814 88
non trivial sector 5813 813 8
non trivial sector 5811trivial sector 5811 88

non trivial sector 5816 816 7

non trivial sector 5817trivial sector 5817 8
non trivial sector 5812trivial sector 5812 7

non trivial sector 5809trivial sector 5809 77

non trivial sector 5815trivial sector 5815 99
non trivial sector 5819trivial sector 5819 9

non trivial sector 5818trivial sector 5818 8

non trivial sector 5821trivial sector 5821 99
non trivial sector 5820 88
non trivial sector 5822 9

non trivial sector 5826trivial sector 5826 66

non trivial sector 5829trivial sector 5829 77

non trivial sector 5828 66
non trivial sector non trivial sector 5827 827 7

non trivial sector 5824trivial sector 5824 55

non trivial sector 5832trivial sector 5832 66

non trivial sector 5830trivial sector 5830 7

non trivial sector 5831  8

non trivial sector 5835 835 8

non trivial sector 5825trivial sector 5825 6

non trivial sector 5834 834 7

non trivial sector 5838trivial sector 5838 8

non trivial sector 5833 833 7

non trivial sector 5836 836 7

non trivial sector 5841 77

non trivial sector 5840trivial sector 5840 66

non trivial sector 5823trivial sector 5823 110

non trivial sector 5837trivial sector 5837 8

non trivial sector 5844trivial sector 5844 7

non trivial sector 5839trivial sector 5839 99

non trivial sector 5845trivial sector 5845 8
non trivial sector 5843trivial sector 5843 88
non trivial sector 5842trivial sector 5842 77

non trivial sector 5848trivial sector 5848 77

non trivial sector 5851 9
non trivial sector non trivial sector 5849 88
non trivial sector 5846trivial sector 5846 88
non trivial sector 5847trivial sector 5847 9

non trivial sector 5857trivial sector 5857 7
non trivial sector 5854trivial sector 5854 9

non trivial sector 5853trivial sector 5853 99
non trivial sector 5860 7
nnon trivial sector 5852 852 8

non trivial sector 5850trivial sector 5850 88
non trivial sector 5856trivial sector 5856 6
non trivial sector non trivial sector 5859 8

non trivial sector 5858trivial sector 5858 77
non trivial sector 5864trivial sector 5864 7

non trivial sector 5862trivial sector 5862 88
non trivial sector 5855trivial sector 5855 110

non trivial sector 5863 99
non trivial sector 5866trivial sector 5866 88

non trivial sector 5865trivial sector 5865 88

non trivial sector 5861trivial sector 5861 88
non trivial sector 5870trivial sector 5870 9
non trivial sector non trivial sector 5868 868 8
non trivial sector 5867 867 9

non trivial sector 5869trivial sector 5869 9

non trivial sector 5872trivial sector 5872 77
nnon trivial sector 5876 876 8
non trivial sector 5871trivial sector 5871 110
non trivial sector non trivial sector 5873 8

non trivial sector 5874trivial sector 5874 88

non trivial sector 5877 9

non trivial sector 5875 875 9

non trivial sector 5878trivial sector 5878 9

non trivial sector non trivial sector 5880 880 8
non trivial sector 5879trivial sector 5879 10
0
non trivial sector 5883trivial sector 5883 110

non trivial sector 5886trivial sector 5886 10
non trivial sector non trivial sector 5884 884 99
non trivial sector 5882trivial sector 5882 9

non trivial sector 5881trivial sector 5881 99

non trivial sector 5897trivial sector 5897 66

non trivial sector non trivial sector 5899 7

non trivial sector non trivial sector 5887 887 11
1
non trivial sector 5896trivial sector 5896 55

non trivial sector 5885trivial sector 5885  10

non trivial sector 5898trivial sector 5898 6

non trivial sector 5904 5

non trivial sector non trivial sector 5900 66

non trivial sector 5901 77

non trivial sector 5902trivial sector 5902 7

non trivial sector 5906trivial sector 5906 66

non trivial sector 5905trivial sector 5905 66
non trivial sector 5910trivial sector 5910 77
non trivial sector 5913trivial sector 5913 77

non trivial sector 5903 903 8

non trivial sector 5908 908 6

non trivial sector 5912trivial sector 5912 6
non trivial sector 5911trivial sector 5911 8

non trivial sector 5907trivial sector 5907 7

non trivial sector 5909trivial sector 5909 77

non trivial sector 5915trivial sector 5915 8
non trivial sector 5920trivial sector 5920 5
nnon trivial sector 5918 918 8

non trivial sector 5919trivial sector 5919 99

non trivial sector 5917 917 8
non trivial sector 5916trivial sector 5916 7

non trivial sector 5922trivial sector 5922 66

non trivial sector 5921trivial sector 5921 6
non trivial sector non trivial sector 5924 6

non trivial sector 5923 77

non trivial sector 5928trivial sector 5928 6

non trivial sector 5914trivial sector 5914 7

non trivial sector 5927trivial sector 5927 88

non trivial sector 5926trivial sector 5926 7
non trivial sector 5929trivial sector 5929 77

non trivial sector 5933 933 8

non trivial sector 5931 8
non trivial sector 5930 930 7
non trivial sector 5937trivial sector 5937 77

non trivial sector 5925trivial sector 5925 77
non trivial sector 5936trivial sector 5936 6
non trivial sector 5940trivial sector 5940 7

non trivial sector 5935trivial sector 5935 99

non trivial sector 5932trivial sector 5932 7

non trivial sector 5939trivial sector 5939 8
non trivial sector 5934 8
non trivial sector 5938trivial sector 5938 77

non trivial sector 5944trivial sector 5944 77
non trivial sector 5941trivial sector 5941 8

non trivial sector 5947trivial sector 5947 9

non trivial sector 5945trivial sector 5945 88

non trivial sector 5943trivial sector 5943 99

non trivial sector 5948trivial sector 5948 88

non trivial sector non trivial sector 5942 942 8
non trivial sector 5946trivial sector 5946 88
non trivial sector 5949trivial sector 5949 99

non trivial sector 5954 66
non trivial sector 5950trivial sector 5950 9

non trivial sector 5953trivial sector 5953 6

non trivial sector 5952trivial sector 5952 55

non trivial sector 5957trivial sector 5957 7

non trivial sector 5955 77

non trivial sector 5960 960 6

non trivial sector 5956trivial sector 5956 66

non trivial sector 5951 951 10
0
non trivial sector 5961trivial sector 5961 77

non trivial sector 5965trivial sector 5965 8

non trivial sector 5958trivial sector 5958  7

non trivial sector 5964trivial sector 5964  7

non trivial sector 5959 89598
non trivial sector 5967 99
nnon trivial sector 5966 966 8

non trivial sector 5963trivial sector 5963 8

non trivial sector 5973trivial sector 5973 8
non trivial sector 5962trivial sector 5962 77
non trivial sector 5969trivial sector 5969 77
non trivial sector 5968trivial sector 5968 6
non trivial sector non trivial sector 5977 8

non trivial sector 5971trivial sector 5971 8

non trivial sector 5972 7

non trivial sector 5974 8

non trivial sector 5976trivial sector 5976 7
non trivial sector 5975trivial sector 5975 99
non trivial sector 5980 980 8

non trivial sector 5978trivial sector 5978 8

non trivial sector 5984 984 6

non trivial sector 5979 979 99

non trivial sector 5970trivial sector 5970 77

non trivial sector non trivial sector 5981 981 9

non trivial sector 5983trivial sector 5983 10
0
non trivial sector 5982trivial sector 5982 99

non trivial sector 5989trivial sector 5989 88

non trivial sector 5987trivial sector 5987 88

non trivial sector 5986trivial sector 5986 7

non trivial sector 5988trivial sector 5988 77

non trivial sector 5985trivial sector 5985 7

non trivial sector 5990trivial sector 5990 8

non trivial sector 5994trivial sector 5994 88
non trivial sector 5993trivial sector 5993 88

non trivial sector 5992trivial sector 5992 7
non trivial sector 5991 991 9
non trivial sector 5995trivial sector 5995 9

non trivial sector 5997trivial sector 5997 99

non trivial sector 5998trivial sector 5998 99

non trivial sector 60016001 88
non trivial sector 5996trivial sector 5996 88

non trivial sector 6005trivial sector 6005 99
non trivial sector 5999trivial sector 5999 10
0
non trivial sector 6002trivial sector 6002 8

non trivial sector 6006trivial sector 6006 99

non trivial sector non trivial sector 6000 000 7

non trivial sector 6003 003 9

non trivial sector 6004trivial sector 6004 8

non trivial sector 6010 99
non trivial sector 6007trivial sector 6007 110

non trivial sector 6008trivial sector 6008 8

non trivial sector 6016trivial sector 6016 55
non trivial sector 6009trivial sector 6009 99
non trivial sector 6013trivial sector 6013 110

non trivial sector 6014trivial sector 6014 110

non trivial sector 6012 012 9

non trivial sector 6018trivial sector 6018 66

non trivial sector 6020trivial sector 6020 66

non trivial sector 6017trivial sector 6017 6

non trivial sector 6021 021 7

non trivial sector 6011trivial sector 6011  10
non trivial sector 6024trivial sector 6024 66
non trivial sector 6019trivial sector 6019 77

non trivial sector 6025trivial sector 6025 7

non trivial sector 6027trivial sector 6027 88

non trivial sector 6023trivial sector 6023 88
non trivial sector 6015 11
non trivial sector 6022trivial sector 6022 7
non trivial sector non trivial sector 6026 026 7

non trivial sector 6028trivial sector 6028 77

non trivial sector non trivial sector 6029 88

non trivial sector non trivial sector 6033 7

non trivial sector 6034trivial sector 6034 7

non trivial sector 6035trivial sector 6035 8
non trivial sector 6030trivial sector 6030 88
non trivial sector 6032trivial sector 6032 66

non trivial sector 6036trivial sector 6036 77
non trivial sector 6031trivial sector 6031 99

non trivial sector 6040trivial sector 6040 77

non trivial sector 6041trivial sector 6041 88

non trivial sector 6037trivial sector 6037 8
non trivial sector 6038trivial sector 6038 88
non trivial sector 6042trivial sector 6042 88
non trivial sector 6046trivial sector 6046 99

non trivial sector 6044trivial sector 6044 88

non trivial sector 6048trivial sector 6048 66
non trivial sector 6043trivial sector 6043 99
non trivial sector 6047trivial sector 6047 10
0
non trivial sector non trivial sector 6039 9

non trivial sector 6050trivial sector 6050 77
nnon trivial sector 6052 77

non trivial sector 6054 88
non trivial sector non trivial sector 6051 8
non trivial sector 6053trivial sector 6053 8
non trivial sector 6045trivial sector 6045 99

non trivial sector 6049trivial sector 6049 77

non trivial sector 6056 056 7
non trivial sector 6057trivial sector 6057 8

non trivial sector 6059 9
non trivial sector 6055trivial sector 6055 99
non trivial sector 6060trivial sector 6060 88

non trivial sector 6058trivial sector 6058 8

non trivial sector 6061trivial sector 6061 99

non trivial sector non trivial sector 6065 065 8

non trivial sector 6068trivial sector 6068 88

non trivial sector 6064 064 77

non trivial sector 6062 99
non trivial sector 6072 072 8

non trivial sector 6073 99
non trivial sector 6066trivial sector 6066 8

non trivial sector 6063trivial sector 6063 10
0
non trivial sector 6067trivial sector 6067 99

non trivial sector 6076 9

non trivial sector 6077trivial sector 6077 110
non trivial sector 6071trivial sector 6071 110
non trivial sector 6074 074 9

non trivial sector 6070trivial sector 6070 9

non trivial sector 6069trivial sector 6069 99

non trivial sector 6081trivial sector 6081 77

non trivial sector 6082 7
non trivial sector 6080trivial sector 6080 6

non trivial sector non trivial sector 6075 075 10
non trivial sector 6078trivial sector 6078 10
0
non trivial sector 6083trivial sector 6083 88

non trivial sector 6087trivial sector 6087 9
non trivial sector 6079trivial sector 6079 11
1
non trivial sector 6084 084 7

non trivial sector 6088 088 7

non trivial sector 6089trivial sector 6089 88

non trivial sector 6085trivial sector 6085 8

non trivial sector 6096trivial sector 6096 7
non trivial sector 6090trivial sector 6090 88

non trivial sector non trivial sector 60866086 88
non trivial sector 6093trivial sector 6093 9
non trivial sector 6091trivial sector 6091  9

non trivial sector 6099 099 9

non trivial sector 6101 99

non trivial sector non trivial sector 6095 095 10
0
non trivial sector 6092trivial sector 6092 8

non trivial sector 6098 098 8

non trivial sector 6103trivial sector 6103 10

non trivial sector 61006100 88
non trivial sector non trivial sector 6094 9

non trivial sector 6097trivial sector 6097 88

non trivial sector 6105  9

non trivial sector 6104trivial sector 6104 8
non trivial sector non trivial sector 6102 102 9

non trivial sector 6109trivial sector 6109 10
0
non trivial sector non trivial sector 6106 106 9

non trivial sector 6107 110

non trivial sector 6113trivial sector 6113 8
non trivial sector 6108trivial sector 6108 99

non trivial sector 6112trivial sector 6112 7

non trivial sector 6116 8

non trivial sector 6110trivial sector 6110 110

non trivial sector 6111trivial sector 6111 111

non trivial sector 6119trivial sector 6119 110

non trivial sector 6118trivial sector 6118 9

non trivial sector 6122trivial sector 6122 9
non trivial sector 6117trivial sector 6117 9
non trivial sector 6114trivial sector 6114 88
non trivial sector 6120trivial sector 6120 8

non trivial sector 6115trivial sector 6115 99

non trivial sector 6121 99

non trivial sector 6127trivial sector 6127 11

non trivial sector 6125trivial sector 6125 10
non trivial sector 6123trivial sector 6123 10
non trivial sector 6126 126 10
0
non trivial sector 6133trivial sector 6133 10
non trivial sector 6130trivial sector 6130 9
non trivial sector 6124trivial sector 6124 99

non trivial sector 61296129 99

non trivial sector 6136trivial sector 6136 99
non trivial sector non trivial sector 6134 10

non trivial sector 6132trivial sector 6132 99

non trivial sector 6131 110

non trivial sector 6128trivial sector 6128 8

non trivial sector 6135 111
non trivial sector 6137trivial sector 6137 110
non trivial sector 6141 111

non trivial sector 6138trivial sector 6138 10
0
non trivial sector 6140trivial sector 6140 110
non trivial sector non trivial sector 6139 11
1
non trivial sector 6142trivial sector 6142 111

non trivial sector 6143trivial sector 6143 12
non trivial sector non trivial sector 6156 44
non trivial sector 6155trivial sector 6155 55
non trivial sector 6153trivial sector 6153 44
non trivial sector 6158trivial sector 6158 55
non trivial sector 6157trivial sector 6157 55

non trivial sector 6154trivial sector 6154 44

non trivial sector 6152trivial sector 6152 33
non trivial sector 6159trivial sector 6159 6

non trivial sector 6172trivial sector 6172 55

non trivial sector 6174trivial sector 6174 6

non trivial sector 6168trivial sector 6168 44

non trivial sector 6171trivial sector 6171 66

non trivial sector 6169trivial sector 6169 55
non trivial sector non trivial sector 6170 170 5

non trivial sector 6179trivial sector 6179 5

non trivial sector 6173trivial sector 6173 6

non trivial sector non trivial sector 6175 175 7
non trivial sector 6182trivial sector 6182 5

non trivial sector 6181trivial sector 6181 5
non trivial sector 6180trivial sector 6180 44

non trivial sector 6177 177 4

non trivial sector 6186trivial sector 6186 55
non trivial sector 6183trivial sector 6183 66
non trivial sector 6187trivial sector 6187 6

non trivial sector 6178trivial sector 6178 4
non trivial sector 6185trivial sector 6185 5

non trivial sector 6184trivial sector 6184 44
non trivial sector 6188trivial sector 6188 55

non trivial sector non trivial sector 6189 189 6

non trivial sector 6190trivial sector 6190 66

non trivial sector 6193trivial sector 6193 55

non trivial sector 6197trivial sector 6197 66

non trivial sector 6196trivial sector 6196 55

non trivial sector 6195trivial sector 6195 6
non trivial sector 6199trivial sector 6199 77

non trivial sector 6191trivial sector 6191 7
non trivial sector 6194trivial sector 6194 55

non trivial sector 6198trivial sector 6198 6

non trivial sector 6203 7

non trivial sector 6200trivial sector 6200 5

non trivial sector 6206trivial sector 6206 77
non trivial sector 6201 66
non trivial sector 6207trivial sector 6207 88
non trivial sector 6204 204trivial sector  6

non trivial sector 6213trivial sector 6213 5
non trivial sector 6205trivial sector 6205 7

non trivial sector non trivial sector 6210 210 4
non trivial sector 6209trivial sector 6209 4

non trivial sector 6216trivial sector 6216 4

non trivial sector 6202 66
non trivial sector 6214 5
non trivial sector 6212trivial sector 6212 4

non trivial sector 6215 215 6
non trivial sector 6211trivial sector 6211 55
non trivial sector 6218 218 5

non trivial sector 6221 6

non trivial sector 6217trivial sector 6217 5

non trivial sector 6220 220 5

non trivial sector 6222 6

non trivial sector 6230trivial sector 6230 6

non trivial sector 6223trivial sector 6223 7

non trivial sector 6225trivial sector 6225 5

non trivial sector 6227 227 6
non trivial sector non trivial sector 6226 226 5

non trivial sector 6229trivial sector 6229 66
non trivial sector 6232trivial sector 6232 5

non trivial sector 6228trivial sector 6228 55

non trivial sector 6231trivial sector 6231 77
non trivial sector 6219trivial sector 6219 6

non trivial sector 6238 238 7

non trivial sector 6239trivial sector 6239 88
non trivial sector 62356235 7
non trivial sector 6236trivial sector 6236 66

non trivial sector 6241trivial sector 6241 55

non trivial sector 6237trivial sector 6237 7

non trivial sector non trivial sector 6234 234 6

non trivial sector 6242trivial sector 6242 55

non trivial sector 6245trivial sector 6245 66

non trivial sector 6246trivial sector 6246 66

non trivial sector 6244 55

non trivial sector 6233trivial sector 6233 66

non trivial sector 6243trivial sector 6243 66

non trivial sector 6247trivial sector 6247 77
non trivial sector 6248trivial sector 6248 5

non trivial sector 6254trivial sector 6254 77

non trivial sector 6253 253 7

non trivial sector 6251trivial sector 6251 77

non trivial sector 6252 252 6

non trivial sector 6249trivial sector 6249 66

non trivial sector 6257trivial sector 6257 66

non trivial sector 6250trivial sector 6250 66

non trivial sector non trivial sector 6258 66

non trivial sector 6255trivial sector 6255 88

non trivial sector 6260trivial sector 6260 66

non trivial sector 6259trivial sector 6259 77
non trivial sector non trivial sector 6264 264 6

non trivial sector 6266 266 7

non trivial sector 6267 8

non trivial sector 6261trivial sector 6261 77
non trivial sector 6269trivial sector 6269 8

non trivial sector non trivial sector 6265 265 7

non trivial sector 6262trivial sector 6262 7

non trivial sector 6273trivial sector 6273 4

non trivial sector 6274trivial sector 6274 4
non trivial sector 6263trivial sector 6263 88

non trivial sector non trivial sector 62686268 77
non trivial sector 6275trivial sector 6275 55
nnon trivial sector 6278 278 5
non trivial sector 6279trivial sector 6279 66
non trivial sector 6280trivial sector 6280 4

non trivial sector 6277 55
non trivial sector 6270trivial sector 6270 88

non trivial sector 6283trivial sector 6283 66
non trivial sector 6276trivial sector 6276 44
non trivial sector 6271trivial sector 6271 99

non trivial sector non trivial sector 6281 281 5

non trivial sector 6287trivial sector 6287 77
non trivial sector 6286trivial sector 6286 6

non trivial sector 6284trivial sector 6284 55

non trivial sector non trivial sector 6289 55
non trivial sector 6282trivial sector 6282 55
non trivial sector 6290trivial sector 6290 5

non trivial sector 6293 6
non trivial sector 6285 66

non trivial sector 6291trivial sector 6291  6

non trivial sector 6294trivial sector 6294 66

non trivial sector 6299trivial sector 6299 7
non trivial sector 6295trivial sector 6295 77

non trivial sector 6292trivial sector 6292 5

non trivial sector 63006300 66

non trivial sector non trivial sector 6301 301 7

non trivial sector 6302trivial sector 6302 77

non trivial sector 6297trivial sector 6297 6

non trivial sector 6296trivial sector 6296 5

non trivial sector 6303 8
non trivial sector 6298trivial sector 6298 66
non trivial sector 6306trivial sector 6306 5
non trivial sector 6313trivial sector 6313 6

non trivial sector 6308trivial sector 6308  5

non trivial sector 6307trivial sector 6307 6
non trivial sector 6316 66

non trivial sector 6311trivial sector 6311 77
non trivial sector 6305trivial sector 6305 55

non trivial sector 6309trivial sector 6309 66

non trivial sector 6319trivial sector 6319 88
non trivial sector non trivial sector 6318 318 7

non trivial sector 6314trivial sector 6314 6
non trivial sector 6312trivial sector 6312 5

non trivial sector 6315 315 7

non trivial sector 6310trivial sector 6310 66
non trivial sector 6317trivial sector 6317 77
non trivial sector 6326trivial sector 6326 7

non trivial sector 6321trivial sector 6321 66

non trivial sector 6327trivial sector 6327 88

non trivial sector 6324trivial sector 6324 66
non trivial sector 6323trivial sector 6323 7

non trivial sector 6322trivial sector 6322 66

non trivial sector 6328 328 6

non trivial sector 6325trivial sector 6325 77

non trivial sector 6331trivial sector 6331 88

non trivial sector 6329trivial sector 6329 7

non trivial sector 6330trivial sector 6330 77
non trivial sector 6334 8

non trivial sector 6333trivial sector 6333 88

non trivial sector 6337trivial sector 6337 5

non trivial sector 6335trivial sector 6335 99
non trivial sector 6339trivial sector 6339 6

non trivial sector 6338trivial sector 6338 5

non trivial sector 6332 77
nnon trivial sector 6342 342 6
non trivial sector 6341trivial sector 6341 66

non trivial sector 6344trivial sector 6344 55

non trivial sector 6343trivial sector 6343 7
non trivial sector 6340trivial sector 6340 55
non trivial sector 6348 348trivial sector  66

non trivial sector 6350trivial sector 6350 77
non trivial sector 6347trivial sector 6347 7

non trivial sector 6349trivial sector 6349 77

non trivial sector 6353 6

non trivial sector 6345trivial sector 6345 66
non trivial sector 6355trivial sector 6355 77

non trivial sector 6356trivial sector 6356 6

non trivial sector 6357trivial sector 6357 7

non trivial sector 6360trivial sector 6360 66

non trivial sector 6351trivial sector 6351 8

non trivial sector 6359trivial sector 6359 88
non trivial sector 6362trivial sector 6362 77
non trivial sector 6358trivial sector 6358 7

non trivial sector non trivial sector 63546354 66
non trivial sector 6346trivial sector 6346 66

non trivial sector 6365trivial sector 6365 8
non trivial sector 6363trivial sector 6363 8
non trivial sector 6369trivial sector 6369 6

non trivial sector 6366trivial sector 6366 88

non trivial sector 6367 9
non trivial sector 6364trivial sector 6364 77
non trivial sector 6361trivial sector 6361 7

non trivial sector 6372trivial sector 6372 66

non trivial sector 6370 370 6

non trivial sector non trivial sector 6371 371 7

non trivial sector 6377trivial sector 6377 77
non trivial sector 6374trivial sector 6374 7

non trivial sector 6376 6
non trivial sector 6375trivial sector 6375 8
nnon trivial sector 6379 88
non trivial sector 6373trivial sector 6373 77

non trivial sector 6378trivial sector 6378 77
non trivial sector 6385trivial sector 6385  7
non trivial sector 6381trivial sector 6381 88

non trivial sector non trivial sector 6380 380 7

non trivial sector 6386trivial sector 6386  7

non trivial sector 6382 8

non trivial sector 6387trivial sector 6387 88

non trivial sector 6390trivial sector 6390 8
non trivial sector 6388trivial sector 6388 77
non trivial sector 6389trivial sector 6389 8

non trivial sector 6383trivial sector 6383 99

non trivial sector 6391trivial sector 6391 99

non trivial sector 6393trivial sector 6393 8

non trivial sector 6394trivial sector 6394 88

non trivial sector 6395trivial sector 6395 9

non trivial sector 6392trivial sector 6392 77
non trivial sector 6396trivial sector 6396 88
non trivial sector 6397trivial sector 6397 9

non trivial sector 6398trivial sector 6398 9

non trivial sector non trivial sector 6399 110

non trivial sector 6408trivial sector 6408 44

non trivial sector non trivial sector 6413 413 6

non trivial sector 6410trivial sector 6410 5

non trivial sector 6412trivial sector 6412 55

non trivial sector 6411trivial sector 6411 6

non trivial sector 6418 418 5

non trivial sector 6409 55
non trivial sector 6417trivial sector 6417 55
non trivial sector 6414trivial sector 6414 6
non trivial sector 6421trivial sector 6421 66

non trivial sector 6420trivial sector 6420 5
non trivial sector 6415trivial sector 6415 77

non trivial sector non trivial sector 6419 419 6

non trivial sector 6428trivial sector 6428 6
non trivial sector 6422trivial sector 6422 66
non trivial sector 6423trivial sector 6423 7

non trivial sector 6425trivial sector 6425 66

non trivial sector 6424trivial sector 6424 5
non trivial sector 6431trivial sector 6431 8
non trivial sector non trivial sector 6435 435 6

non trivial sector 6426trivial sector 6426 6
non trivial sector non trivial sector 6434 434 55
non trivial sector 6429trivial sector 6429 77

non trivial sector 6427trivial sector 6427 77

non trivial sector 6430trivial sector 6430 77
non trivial sector 6438 66
non trivial sector non trivial sector 6440 440 5

non trivial sector 6441 441 6

non trivial sector 6439 439 7

non trivial sector 64376437 66
non trivial sector non trivial sector 6436 436 5

non trivial sector non trivial sector 6433 433 5

non trivial sector non trivial sector 64426442 66

non trivial sector 6447 88
non trivial sector 6445 7
non trivial sector 6443trivial sector 6443 77

non trivial sector 6446trivial sector 6446 77

non trivial sector 6444trivial sector 6444 66

non trivial sector 6454trivial sector 6454 77

non trivial sector 6450trivial sector 6450 6

non trivial sector 6449trivial sector 6449  6

non trivial sector 6451trivial sector 6451 77

non trivial sector non trivial sector 6452 66

non trivial sector 6453trivial sector 6453 7
non trivial sector 6455trivial sector 6455 88

non trivial sector 6457trivial sector 6457 77

non trivial sector 6461 461 8
non trivial sector 6456trivial sector 6456 6
non trivial sector 6459trivial sector 6459 88

non trivial sector non trivial sector 6458 77

non trivial sector 6465trivial sector 6465 55

non trivial sector 6460trivial sector 6460 77

non trivial sector 6462trivial sector 6462 8

non trivial sector 6467trivial sector 6467 6
non trivial sector non trivial sector 6468 468 5

non trivial sector 6463trivial sector 6463 9
non trivial sector 6466trivial sector 6466 55

non trivial sector 6470trivial sector 6470 6

non trivial sector 6474trivial sector 6474 66

non trivial sector non trivial sector 6472 5

non trivial sector 6471trivial sector 6471 77

non trivial sector 6475trivial sector 6475 7
non trivial sector 6469trivial sector 6469 66

non trivial sector 6476trivial sector 6476 66
non trivial sector 6479trivial sector 6479 8

non trivial sector 6478trivial sector 6478 77

non trivial sector 6473trivial sector 6473 66
non trivial sector non trivial sector 6477 477 7

non trivial sector 6483 7

non trivial sector 6481trivial sector 6481 66

non trivial sector non trivial sector 6482 66
non trivial sector 6488trivial sector 6488 66

non trivial sector 6486 77

non trivial sector non trivial sector 6485 77

non trivial sector 6487 487 8

non trivial sector 6492 7
non trivial sector 6484trivial sector 6484 6

non trivial sector 6490trivial sector 6490 7

non trivial sector 6495trivial sector 6495 9

non trivial sector non trivial sector 6489 489 7

non trivial sector 6493trivial sector 6493 88

non trivial sector 6491trivial sector 6491 88

non trivial sector 6494trivial sector 6494 88

non trivial sector 6498trivial sector 6498 6
non trivial sector 6501trivial sector 6501 77

non trivial sector 6499 499 7

non trivial sector 6497 66

non trivial sector 6503trivial sector 6503 8

non trivial sector 6504trivial sector 6504 66
non trivial sector 6502trivial sector 6502 77

non trivial sector 6508 7
non trivial sector 6505trivial sector 6505  7

non trivial sector 6500trivial sector 6500 66
non trivial sector 6506trivial sector 6506 77
non trivial sector 6510trivial sector 6510 88

non trivial sector 6513 513 7

non trivial sector 6514trivial sector 6514 77

non trivial sector 6507trivial sector 6507 88
non trivial sector non trivial sector 6509 8

non trivial sector 6511trivial sector 6511 9

non trivial sector 6515trivial sector 6515 88

non trivial sector 6521trivial sector 6521 88

non trivial sector 6517trivial sector 6517 8

non trivial sector 6522trivial sector 6522 88
non trivial sector 6519trivial sector 6519 99
non trivial sector 6518 518 8

non trivial sector 6516trivial sector 6516 7
non trivial sector 6520trivial sector 6520 77
non trivial sector 6523trivial sector 6523 99

non trivial sector 6529trivial sector 6529  5

non trivial sector non trivial sector 6527 527 10
non trivial sector 6524trivial sector 6524 8
non trivial sector 65256525 99
non trivial sector 6526trivial sector 6526  9

non trivial sector 6533trivial sector 6533  6

non trivial sector 6532trivial sector 6532 5

non trivial sector 6530trivial sector 6530  5

non trivial sector 6535trivial sector 6535 7
non trivial sector 6536trivial sector 6536 5

non trivial sector 6534trivial sector 6534 6
non trivial sector non trivial sector 6538 538 6

non trivial sector 6531trivial sector 6531 6

non trivial sector 6537 6

non trivial sector 6541trivial sector 6541 7

non trivial sector 6543 543 8
non trivial sector 6540trivial sector 6540 6

non trivial sector 6539trivial sector 6539 77

non trivial sector non trivial sector 6547 547 7

non trivial sector 6546trivial sector 6546 66

non trivial sector 6542trivial sector 6542 77

non trivial sector 6552trivial sector 6552 66

non trivial sector 6545trivial sector 6545 66
non trivial sector 6548trivial sector 6548 66
non trivial sector 6550trivial sector 6550 77

non trivial sector non trivial sector 6549 7
non trivial sector 6556trivial sector 6556 77
non trivial sector 6555trivial sector 6555 8

non trivial sector non trivial sector 6553 553 7

non trivial sector 6561trivial sector 6561 6
non trivial sector non trivial sector 6554 554 7

non trivial sector 6551trivial sector 6551 88
non trivial sector 6558trivial sector 6558 88
non trivial sector 6562trivial sector 6562 66

non trivial sector 6565trivial sector 6565 77
non trivial sector 6557trivial sector 6557 88

non trivial sector 6564trivial sector 6564 66

non trivial sector 6559trivial sector 6559 9

non trivial sector 6567trivial sector 6567 8

non trivial sector 6563trivial sector 6563 77

non trivial sector 6568 6

non trivial sector 6566 7

non trivial sector 6571trivial sector 6571 8

non trivial sector 6569trivial sector 6569 7

non trivial sector 6574trivial sector 6574 88

non trivial sector non trivial sector 6573 8

non trivial sector 6570trivial sector 6570 77
non trivial sector 6577trivial sector 6577 77
non trivial sector 6578 7

non trivial sector 6579trivial sector 6579 88

non trivial sector 6572trivial sector 6572 7

non trivial sector 6575trivial sector 6575 99
non trivial sector 6580trivial sector 6580 77

non trivial sector 6582trivial sector 6582 88
non trivial sector 6584trivial sector 6584 77
non trivial sector 6581trivial sector 6581 88
non trivial sector 6586trivial sector 6586 88

non trivial sector 6585trivial sector 6585 8

non trivial sector 6591trivial sector 6591 10
0
non trivial sector 6583trivial sector 6583 9
non trivial sector non trivial sector 6588 88

non trivial sector 6587trivial sector 6587 9
non trivial sector 6589trivial sector 6589 99

non trivial sector 6594trivial sector 6594 66
non trivial sector non trivial sector 6590 590 99
non trivial sector 6593trivial sector 6593 6

non trivial sector 6596trivial sector 6596 66

non trivial sector 6595 595 7

non trivial sector 6600trivial sector 6600 6

non trivial sector 6597trivial sector 6597 77

non trivial sector 6598trivial sector 6598 77

non trivial sector 6601  7

non trivial sector 6602trivial sector 6602 77
non trivial sector 6605trivial sector 6605 88
non trivial sector 6599trivial sector 6599 88

non trivial sector 6609trivial sector 6609 77
non trivial sector 6603trivial sector 6603 88

non trivial sector 6606trivial sector 6606 88

non trivial sector 6604trivial sector 6604 77

non trivial sector 6612trivial sector 6612 7

non trivial sector 6607trivial sector 6607 9

non trivial sector 6610trivial sector 6610 7

non trivial sector 6611trivial sector 6611 8

non trivial sector 6613 88
non trivial sector non trivial sector 6619 619 9

non trivial sector 6615trivial sector 6615 9

non trivial sector 6617trivial sector 6617 88
non trivial sector 6621trivial sector 6621 99

non trivial sector 6616trivial sector 6616 7

non trivial sector 6614trivial sector 6614 88
non trivial sector 6620trivial sector 6620 88
non trivial sector 6625trivial sector 6625 77
non trivial sector 6623trivial sector 6623 110

non trivial sector non trivial sector 6618 618 88

non trivial sector 6626trivial sector 6626 77

non trivial sector 6627trivial sector 6627 88

non trivial sector 6622 622 9

non trivial sector 6631trivial sector 6631 9

non trivial sector 6630 88
non trivial sector 6628trivial sector 6628 7

non trivial sector 6632trivial sector 6632 77
non trivial sector 6629trivial sector 6629 88

non trivial sector 6633 633 8

non trivial sector 6634trivial sector 6634 88

non trivial sector 6635trivial sector 6635 99
non trivial sector 6639 639 10

non trivial sector non trivial sector 6637 9

non trivial sector 6638trivial sector 6638 99

non trivial sector 66426642 88

non trivial sector 6643trivial sector 6643 99
non trivial sector 6636trivial sector 6636 8

non trivial sector 6644trivial sector 6644  8
non trivial sector 6641trivial sector 6641 88

non trivial sector 6647 10
non trivial sector 6650trivial sector 6650 99
non trivial sector 6645trivial sector 6645 99

non trivial sector 6646trivial sector 6646 9

non trivial sector 6648trivial sector 6648 88

non trivial sector 6649trivial sector 6649 9

non trivial sector 6651 10

non trivial sector non trivial sector 6653 653 10
0
non trivial sector 6655trivial sector 6655 11
non trivial sector 6654trivial sector 6654 110

non trivial sector 6652trivial sector 6652 99

non trivial sector 6666trivial sector 6666 55

non trivial sector 6667trivial sector 6667 6

non trivial sector 6668trivial sector 6668 55

non trivial sector 6665 665 5

non trivial sector non trivial sector 66646664 44

non trivial sector 6669trivial sector 6669 6

non trivial sector 6670trivial sector 6670 66
non trivial sector 6671trivial sector 6671 7

non trivial sector 6686 7

non trivial sector 6681trivial sector 6681 66
non trivial sector 6684trivial sector 6684 6
non trivial sector 6683trivial sector 6683 7

non trivial sector 6682 6

non trivial sector 6691 6

non trivial sector non trivial sector 6680 680 5

non trivial sector 6685trivial sector 6685 77

non trivial sector 6688trivial sector 6688 44

non trivial sector 6694 694 6
non trivial sector 6690trivial sector 6690 55

non trivial sector 6689trivial sector 6689 55

non trivial sector 6698trivial sector 6698 66

non trivial sector 6695trivial sector 6695 77

non trivial sector 6696 696 5
non trivial sector 6687trivial sector 6687 8

non trivial sector 6697trivial sector 6697 66

non trivial sector 6693 693 6

non trivial sector 6702trivial sector 6702 7

non trivial sector 6692trivial sector 6692 55
non trivial sector 6699trivial sector 6699 7

non trivial sector 6700trivial sector 6700 6

non trivial sector 6701trivial sector 6701 77

non trivial sector 6707trivial sector 6707 77

non trivial sector 6703trivial sector 6703 88

non trivial sector 6706trivial sector 6706 66

non trivial sector 6709 709 7

non trivial sector 6708trivial sector 6708 6

non trivial sector 6704 5

non trivial sector 6711trivial sector 6711 8
non trivial sector 6710trivial sector 6710 77

non trivial sector 6705trivial sector 6705 66

non trivial sector 6714trivial sector 6714 77

non trivial sector 6713trivial sector 6713 77
non trivial sector 6718 718 8

non trivial sector 6720trivial sector 6720 44

non trivial sector 6712trivial sector 6712 6

non trivial sector 6716trivial sector 6716 7

non trivial sector 6717 8

non trivial sector 6715 715 8
non trivial sector 6719trivial sector 6719 9

non trivial sector 6724trivial sector 6724 55

non trivial sector 6723trivial sector 6723 66

non trivial sector 6722trivial sector 6722 5

non trivial sector non trivial sector 67276727 77

non trivial sector 6730trivial sector 6730 6

non trivial sector 6725trivial sector 6725 66
non trivial sector 6732 732 6

non trivial sector 6726 726 6

non trivial sector 6729trivial sector 6729 6

non trivial sector 6728trivial sector 6728 55
non trivial sector 6735 8

non trivial sector 6721trivial sector 6721 5

non trivial sector 6734trivial sector 6734 7
non trivial sector 6733trivial sector 6733 7

non trivial sector 6731trivial sector 6731 7

non trivial sector 6737trivial sector 6737 66
non trivial sector 6736trivial sector 6736 55

non trivial sector non trivial sector 6738 66

non trivial sector 6741 741 7
non trivial sector non trivial sector 6740 740 6

non trivial sector 6739 739 7

non trivial sector 6746 746 7

non trivial sector 6744trivial sector 6744 66

non trivial sector 6745trivial sector 6745 77

non trivial sector 6749trivial sector 6749 8

non trivial sector 6752 752 5

non trivial sector 6742 742 7

non trivial sector 6743trivial sector 6743 88

non trivial sector 6751 751 9

non trivial sector 6747trivial sector 6747 88
non trivial sector non trivial sector 6748  7
non trivial sector 6756 756 6

non trivial sector 6757trivial sector 6757 77
non trivial sector 6753 753 66

non trivial sector 6750 750 8

non trivial sector 6754trivial sector 6754 66
non trivial sector 6761trivial sector 6761 77
non trivial sector 6763trivial sector 6763  8

non trivial sector 6758 7

non trivial sector 6764trivial sector 6764 77
non trivial sector 6762trivial sector 6762 77

non trivial sector 67596759 88

non trivial sector 6755trivial sector 6755 7
non trivial sector 6760 760 6

non trivial sector 6766trivial sector 6766 88

non trivial sector 6767trivial sector 6767 99

non trivial sector 6765 765 8

non trivial sector 6770trivial sector 6770 77

non trivial sector 6768 768 6

non trivial sector 6773 88
non trivial sector 6772trivial sector 6772 77
non trivial sector 6769trivial sector 6769 77

non trivial sector non trivial sector 6771 8

non trivial sector 6780 780 8

non trivial sector 6775trivial sector 6775 9

non trivial sector 6777trivial sector 6777 88

non trivial sector 6778trivial sector 6778 8

non trivial sector 6774trivial sector 6774 88

non trivial sector non trivial sector 6776 77

non trivial sector 6779trivial sector 6779 99
nnon trivial sector 67836783 10
non trivial sector non trivial sector 6785 5

non trivial sector 6786 786 5

non trivial sector 6784trivial sector 6784 4

non trivial sector 6782trivial sector 6782 99

non trivial sector 6781trivial sector 6781 99

non trivial sector 6791trivial sector 6791 77

non trivial sector 6788trivial sector 6788 55

non trivial sector 6789trivial sector 6789 66

non trivial sector 6790trivial sector 6790 6
non trivial sector 6787trivial sector 6787 6

non trivial sector 6793trivial sector 6793 6

non trivial sector 6794trivial sector 6794 66

non trivial sector 6797trivial sector 6797 7

non trivial sector non trivial sector 6800 800 5
non trivial sector 6795 795 7
non trivial sector 6802 66
non trivial sector non trivial sector 6792 792 5

non trivial sector 6798 798 7

non trivial sector 6796trivial sector 6796 66
non trivial sector non trivial sector 6799 799 8

non trivial sector non trivial sector 6804 66
non trivial sector 6807trivial sector 6807 8
non trivial sector 6805 77

non trivial sector 6806trivial sector 6806 77

non trivial sector 6801trivial sector 6801 6
non trivial sector 6803trivial sector 6803 7

non trivial sector non trivial sector 6810 810 7

non trivial sector 6813trivial sector 6813 8

non trivial sector 68086808 6

non trivial sector 6817 817 6

non trivial sector 6809trivial sector 6809 77

non trivial sector 6815trivial sector 6815 99
non trivial sector 6814 88

non trivial sector 6812trivial sector 6812 7

non trivial sector 6820trivial sector 6820 6

non trivial sector 6818trivial sector 6818 66
non trivial sector 6823trivial sector 6823  8

non trivial sector non trivial sector 68116811 88

non trivial sector 6816 816 5

non trivial sector 6824trivial sector 6824 6
non trivial sector 6821trivial sector 6821 7
non trivial sector 6825trivial sector 6825 77

non trivial sector 6819trivial sector 6819 7
non trivial sector 6828trivial sector 6828 77

non trivial sector 6826trivial sector 6826 77
non trivial sector 6822trivial sector 6822 77

non trivial sector 6832trivial sector 6832 6

non trivial sector 6829trivial sector 6829 8
nnon trivial sector 6833 833 7
non trivial sector 6827trivial sector 6827 88

non trivial sector 6830trivial sector 6830 88

non trivial sector non trivial sector 6831 831 9

non trivial sector 6834trivial sector 6834 77
non trivial sector non trivial sector 6837 837 8

non trivial sector 6835trivial sector 6835 88

non trivial sector 6836trivial sector 6836 77

non trivial sector 6838trivial sector 6838 88

non trivial sector 6840trivial sector 6840 77
non trivial sector 6843trivial sector 6843 9
non trivial sector 6842trivial sector 6842 8
non trivial sector non trivial sector 6841 841 8

non trivial sector 6839trivial sector 6839 99
non trivial sector 6848trivial sector 6848 55
non trivial sector 6844trivial sector 6844 8

non trivial sector 6847trivial sector 6847 10
0
non trivial sector 6845trivial sector 6845 99

non trivial sector 6850trivial sector 6850  6

non trivial sector 6855trivial sector 6855 88
non trivial sector 6849trivial sector 6849 6
non trivial sector 6846trivial sector 6846 99
non trivial sector 6853trivial sector 6853 77

non trivial sector 6852trivial sector 6852 6

non trivial sector 6857trivial sector 6857 77

non trivial sector 6851 7

non trivial sector 6854trivial sector 6854 7
non trivial sector 6859trivial sector 6859 88
non trivial sector 6860trivial sector 6860 7

non trivial sector 6862trivial sector 6862 8

non trivial sector 6864 864 6

non trivial sector non trivial sector 6856 66
non trivial sector 6867 867 8

non trivial sector 6866 866 7
non trivial sector 6858trivial sector 6858 77
non trivial sector 6868trivial sector 6868 7

non trivial sector 6861trivial sector 6861 88

non trivial sector non trivial sector 6863 863 99

non trivial sector 6865trivial sector 6865 77

non trivial sector non trivial sector 6870 870 8

non trivial sector 6869trivial sector 6869 8
non trivial sector 6872trivial sector 6872 7
non trivial sector 6873trivial sector 6873  8

non trivial sector 6871trivial sector 6871 9

non trivial sector 6874trivial sector 6874 8

non trivial sector 6878trivial sector 6878 99
non trivial sector 6875trivial sector 6875 99

non trivial sector 6879trivial sector 6879 10
non trivial sector 6881trivial sector 6881 77
non trivial sector 6876 876 8
non trivial sector 6877 99
non trivial sector 6880trivial sector 6880 6

non trivial sector 6885trivial sector 6885 88
non trivial sector 6882trivial sector 6882 77

non trivial sector 6888trivial sector 6888 77

non trivial sector 6884trivial sector 6884 77

non trivial sector 6889trivial sector 6889 88

non trivial sector 6886 886 8

non trivial sector non trivial sector 6883 88
non trivial sector 6890trivial sector 6890 8

non trivial sector 6896 77

non trivial sector 6887trivial sector 6887 99

non trivial sector 6892 892 8

non trivial sector 6893 99
non trivial sector 6891 98919

non trivial sector 6894 894 9

non trivial sector non trivial sector 6900 900 8

non trivial sector 6898trivial sector 6898 88
non trivial sector 6899trivial sector 6899 9

non trivial sector 6904 8

non trivial sector 6897trivial sector 6897 88

non trivial sector 6903trivial sector 6903 10
non trivial sector 6895trivial sector 6895 110

non trivial sector 6905trivial sector 6905 99

non trivial sector 6902trivial sector 6902 99

non trivial sector 6901trivial sector 6901 9

non trivial sector 6906 906 9

non trivial sector 6909 10
non trivial sector 6910trivial sector 6910 10
0
non trivial sector non trivial sector 6908 908 9

non trivial sector 6907trivial sector 6907 110

non trivial sector 6911trivial sector 6911 111
nnon trivial sector 6920 920 5

non trivial sector 69266926 7

non trivial sector 6921trivial sector 6921 6

non trivial sector non trivial sector 6924 66

non trivial sector 6922 922 6

non trivial sector 6928 928 5

non trivial sector 6923 923 7

non trivial sector 6931 77

non trivial sector 6925 925 7

non trivial sector 6930trivial sector 6930 6
non trivial sector 6933trivial sector 6933 7

non trivial sector 6929  6

non trivial sector 6936trivial sector 6936 66

non trivial sector 6927trivial sector 6927 8

non trivial sector 6932trivial sector 6932 6
non trivial sector 6934 934 7

non trivial sector 6935trivial sector 6935 88
non trivial sector 6943 943 9
non trivial sector 6937trivial sector 6937 77
non trivial sector 6938trivial sector 6938 7

non trivial sector 6940trivial sector 6940 77

non trivial sector 6946 946 6

non trivial sector 6942trivial sector 6942 8

non trivial sector 6944 944 5
non trivial sector 6939trivial sector 6939 88

non trivial sector 6947 77
non trivial sector 6941trivial sector 6941 88

non trivial sector 6945trivial sector 6945 66

non trivial sector 6951trivial sector 6951 88
non trivial sector non trivial sector 6949 949 7

non trivial sector 6950trivial sector 6950 77
non trivial sector 6953trivial sector 6953 77
non trivial sector 6952trivial sector 6952 6

non trivial sector 6955 8

non trivial sector 6958trivial sector 6958 8
non trivial sector 6956trivial sector 6956 77

non trivial sector 6948trivial sector 6948 6
non trivial sector 6957 88

non trivial sector 6960trivial sector 6960 66

non trivial sector 6954trivial sector 6954 77

non trivial sector 6961 77

non trivial sector 6962trivial sector 6962 7

non trivial sector 6964 964 7

non trivial sector non trivial sector 6959 99

non trivial sector 6965trivial sector 6965 8

non trivial sector 6963trivial sector 6963 88

non trivial sector non trivial sector 69686968 77

non trivial sector 6970trivial sector 6970 8
non trivial sector 6966trivial sector 6966 88
non trivial sector 6969trivial sector 6969 88

non trivial sector 6971 9
non trivial sector 6972trivial sector 6972 88
non trivial sector 6975trivial sector 6975 10
non trivial sector 6976trivial sector 6976 55
non trivial sector 6967trivial sector 6967 99

non trivial sector 6973trivial sector 6973 99
non trivial sector 6980trivial sector 6980 66
non trivial sector 6978trivial sector 6978 6

non trivial sector 6974trivial sector 6974 99

non trivial sector 6981trivial sector 6981 7

non trivial sector 6984trivial sector 6984 6

non trivial sector 6979trivial sector 6979 77

non trivial sector 6977trivial sector 6977 66
non trivial sector 6985trivial sector 6985 77
non trivial sector non trivial sector 6982 982 7

non trivial sector 6986trivial sector 6986 7

non trivial sector 6989 989 8

non trivial sector non trivial sector 6987 987 8

non trivial sector non trivial sector 6992 992 6

non trivial sector 6995trivial sector 6995 8

non trivial sector 6996trivial sector 6996 7

non trivial sector 6991trivial sector 6991 9
non trivial sector 6993 77

non trivial sector non trivial sector 69836983 88

non trivial sector 6998trivial sector 6998 8
non trivial sector 6997 88
non trivial sector 6994trivial sector 6994 7

non trivial sector 7000trivial sector 7000 77

non trivial sector 6990 990 8

non trivial sector 6988 988 7

non trivial sector 6999 999 9

non trivial sector 7004trivial sector 7004 88
non trivial sector 7001trivial sector 7001 88
non trivial sector 7008trivial sector 7008 66

non trivial sector 7003trivial sector 7003 99
non trivial sector non trivial sector 7005 005 9

non trivial sector 7007trivial sector 7007 10
non trivial sector 7006trivial sector 7006 99

non trivial sector non trivial sector 7009 009 7

non trivial sector 7002trivial sector 7002 8

non trivial sector 7011 8
non trivial sector 7010trivial sector 7010 7

non trivial sector 7012trivial sector 7012 77

non trivial sector non trivial sector 7015 015 9

non trivial sector 7020trivial sector 7020 8

non trivial sector 7014trivial sector 7014 8

non trivial sector 7013trivial sector 7013  8
non trivial sector 7016trivial sector 7016 7

non trivial sector 7018trivial sector 7018 8

non trivial sector non trivial sector 70177017 8
non trivial sector 7024trivial sector 7024 77
non trivial sector 7019trivial sector 7019 99

non trivial sector 7025 025 8

non trivial sector 7022trivial sector 7022 99

non trivial sector 7027trivial sector 7027 9
non trivial sector 7021trivial sector 7021 9

non trivial sector 7026trivial sector 7026 88

non trivial sector 7023trivial sector 7023  10
0
non trivial sector 7030trivial sector 7030 9

non trivial sector 7034trivial sector 7034 9
non trivial sector 7028 8

non trivial sector 7032trivial sector 7032 88
non trivial sector 7033trivial sector 7033 99

non trivial sector 7040 55

non trivial sector 7036trivial sector 7036 9

non trivial sector 7031trivial sector 7031 10

non trivial sector 7042trivial sector 7042 6

non trivial sector 7039 11
1
non trivial sector 7041trivial sector 7041 66

non trivial sector 7038 10
0
non trivial sector 7029trivial sector 7029 9
non trivial sector 7035trivial sector 7035 110
non trivial sector 7037 110

non trivial sector 7043trivial sector 7043 7

non trivial sector non trivial sector 7047 047 8

non trivial sector non trivial sector 70447044 6

non trivial sector 7045trivial sector 7045 77
non trivial sector non trivial sector 7048 6

non trivial sector 7046trivial sector 7046 77
non trivial sector non trivial sector 7053 053 8

non trivial sector 7051trivial sector 7051 88

non trivial sector 7049trivial sector 7049 77

non trivial sector 7054trivial sector 7054 88

non trivial sector 7050trivial sector 7050 7

non trivial sector 7055trivial sector 7055 9
non trivial sector 7058 058 7

non trivial sector 7059trivial sector 7059 88
non trivial sector 7056trivial sector 7056 6

non trivial sector 7052trivial sector 7052 7

non trivial sector 7061trivial sector 7061 88
non trivial sector 7057trivial sector 7057 7

non trivial sector 7066 066 8

non trivial sector 7062 8

non trivial sector 7063trivial sector 7063 99
non trivial sector non trivial sector 7064 064 7
non trivial sector 7065 8

non trivial sector 7060trivial sector 7060 7

non trivial sector 7070trivial sector 7070 9

non trivial sector 7072trivial sector 7072 6
non trivial sector 7069trivial sector 7069 9

non trivial sector 7067trivial sector 7067 99
non trivial sector 7071trivial sector 7071 110

non trivial sector non trivial sector 7073 073 7

non trivial sector 7076trivial sector 7076 7
non trivial sector 7068trivial sector 7068 8
non trivial sector 7077trivial sector 7077 8

non trivial sector 7079trivial sector 7079 9
non trivial sector 7078trivial sector 7078 88
non trivial sector non trivial sector 7075 075 8

non trivial sector 7074trivial sector 7074 77

non trivial sector 7081trivial sector 7081 88
non trivial sector 7084trivial sector 7084 8

non trivial sector 7080 7

non trivial sector 7082trivial sector 7082 88

non trivial sector 7086 99

non trivial sector 7089trivial sector 7089 8

non trivial sector 7085 085 9

non trivial sector 7083trivial sector 7083 99

non trivial sector 7087trivial sector 7087 110
non trivial sector 7090trivial sector 7090 88

non trivial sector 7091 9
non trivial sector 7094 094 9
non trivial sector 7092trivial sector 7092  8
non trivial sector 7088trivial sector 7088 7

non trivial sector 7093trivial sector 7093 99
non trivial sector 7096trivial sector 7096 88

non trivial sector 7100trivial sector 7100 99

non trivial sector 7095trivial sector 7095 10
non trivial sector 7097trivial sector 7097 9

non trivial sector 7099 110

non trivial sector 7101trivial sector 7101 110
non trivial sector 7104trivial sector 7104 66

non trivial sector 7106trivial sector 7106 77
non trivial sector 7098trivial sector 7098 9
non trivial sector 7105trivial sector 7105 7

non trivial sector 7110 110 8

non trivial sector non trivial sector 7102 102 10
0
non trivial sector 7109trivial sector 7109 8

non trivial sector 7103trivial sector 7103 111
non trivial sector 7107trivial sector 7107 8

non trivial sector 7112trivial sector 7112 7

non trivial sector 7113trivial sector 7113 8

non trivial sector non trivial sector 7111 111 9
non trivial sector 7108trivial sector 7108 77

non trivial sector 7114trivial sector 7114 8
non trivial sector 7115trivial sector 7115 99

non trivial sector 7116trivial sector 7116 8

non trivial sector non trivial sector 7120 77

non trivial sector 7117trivial sector 7117 99

non trivial sector 7118trivial sector 7118 9

non trivial sector 7121trivial sector 7121 8

non trivial sector 7124 8

non trivial sector 7122trivial sector 7122 88
non trivial sector 7119trivial sector 7119 110

non trivial sector 7123 123 9
non trivial sector 7126trivial sector 7126 9

non trivial sector 7127trivial sector 7127 10
0
non trivial sector 7128trivial sector 7128 88

non trivial sector 7130 130 9

non trivial sector non trivial sector 71257125 9

non trivial sector 7132trivial sector 7132 9

non trivial sector 7136trivial sector 7136 7
non trivial sector 7129trivial sector 7129 99

non trivial sector non trivial sector 7138 88

non trivial sector 7133trivial sector 7133 110

non trivial sector 7141 9
non trivial sector 7134 10
0
non trivial sector 7139trivial sector 7139 99

non trivial sector 7137trivial sector 7137 88

non trivial sector 7143 143 10
non trivial sector 7140trivial sector 7140 88
non trivial sector 7135trivial sector 7135 11
non trivial sector 7145 145 9
non trivial sector non trivial sector 7131 10
0
non trivial sector 7142trivial sector 7142 99

non trivial sector 7148trivial sector 7148 99

non trivial sector 7147 10
non trivial sector 7146 99

non trivial sector 7152 88

non trivial sector non trivial sector 7149 10

non trivial sector 7144trivial sector 7144 88

non trivial sector 7154 99

non trivial sector 7150trivial sector 7150 10
0
non trivial sector 7151trivial sector 7151 111

non trivial sector 7158 110
non trivial sector 7155trivial sector 7155 10
non trivial sector 7153trivial sector 7153 9
non trivial sector 7156trivial sector 7156 9

non trivial sector 7159trivial sector 7159 111

non trivial sector 7164trivial sector 7164 10
non trivial sector non trivial sector 7160 160 99

non trivial sector non trivial sector 7157 157 10
0
non trivial sector 7161trivial sector 7161 110
non trivial sector 7163trivial sector 7163 111

non trivial sector non trivial sector 71627162 110

non trivial sector 7165trivial sector 7165 11

non trivial sector 7166trivial sector 7166 11
1
non trivial sector 7176trivial sector 7176 44

non trivial sector 7180trivial sector 7180 55

non trivial sector 7181trivial sector 7181 6

non trivial sector 7177trivial sector 7177 55

non trivial sector 7182trivial sector 7182 66
non trivial sector 7179trivial sector 7179  6

non trivial sector 7178trivial sector 7178 5

non trivial sector 7167trivial sector 7167 112
non trivial sector 7183trivial sector 7183 77
non trivial sector 7192trivial sector 7192 55
non trivial sector 7193 66

non trivial sector 7195trivial sector 7195 7

non trivial sector 7194 66
non trivial sector 7197trivial sector 7197 7

non trivial sector 7196trivial sector 7196 66
non trivial sector 7199 199 8

non trivial sector 7203trivial sector 7203 66

non trivial sector 7205trivial sector 7205 6

non trivial sector 7200trivial sector 7200 44
non trivial sector 7202trivial sector 7202 55

non trivial sector 7207trivial sector 7207 77

non trivial sector 7206trivial sector 7206 66

non trivial sector non trivial sector 72047204 55

non trivial sector 7210 66

non trivial sector 7209trivial sector 7209 66
non trivial sector 7208trivial sector 7208 55

non trivial sector 7214 77

non trivial sector non trivial sector 7198 198 7

non trivial sector 7201trivial sector 7201 55
non trivial sector 7218trivial sector 7218 6

non trivial sector 7212trivial sector 7212 6

non trivial sector non trivial sector 7213 213 7

non trivial sector non trivial sector 7215 8

non trivial sector 7211trivial sector 7211 77

non trivial sector 7217 217 6

non trivial sector 7219 219 7

non trivial sector 7220trivial sector 7220 6

non trivial sector 7216trivial sector 7216 5
non trivial sector 7221trivial sector 7221 7

non trivial sector 7222trivial sector 7222 77

non trivial sector 7230trivial sector 7230 8
non trivial sector non trivial sector 7227 227 8
non trivial sector 7229 229 8

non trivial sector 7224  6
non trivial sector 7226trivial sector 7226 77
non trivial sector 7225trivial sector 7225 77
non trivial sector 7228trivial sector 7228 77
non trivial sector 7233trivial sector 7233 5
non trivial sector non trivial sector 7232 44

non trivial sector non trivial sector 7223 223 8

non trivial sector 7235trivial sector 7235  6

non trivial sector 7234trivial sector 7234 5

non trivial sector 7240 5
non trivial sector 7236trivial sector 7236 5
non trivial sector 7238trivial sector 7238 66
non trivial sector 7231 9

non trivial sector 7239trivial sector 7239 77
non trivial sector 7237trivial sector 7237 66

non trivial sector 7243trivial sector 7243 7

non trivial sector 7245trivial sector 7245 77

non trivial sector 7246trivial sector 7246 77

non trivial sector 7242trivial sector 7242 66
non trivial sector 7247 247 8
non trivial sector 7250trivial sector 7250 6

non trivial sector 7248trivial sector 7248 55

non trivial sector non trivial sector 7244 6
non trivial sector 7241trivial sector 7241 6
non trivial sector 7249trivial sector 7249 6

non trivial sector 7252 6
non trivial sector 7255trivial sector 7255 88

non trivial sector 7253trivial sector 7253 77
non trivial sector 7251trivial sector 7251 77
non trivial sector 7258trivial sector 7258 77

non trivial sector 7261 261 8

non trivial sector 7254trivial sector 7254 77

non trivial sector 7256trivial sector 7256 66

non trivial sector non trivial sector 7260 260 7

non trivial sector 7257trivial sector 7257 77
non trivial sector 7265trivial sector 7265 66
non trivial sector 7262trivial sector 7262 88
non trivial sector 7263trivial sector 7263 99

non trivial sector 7266 66
non trivial sector 7259trivial sector 7259 8

non trivial sector 7267trivial sector 7267 77
non trivial sector 7270trivial sector 7270 7
non trivial sector 7264trivial sector 7264 55

non trivial sector 7269trivial sector 7269 7

non trivial sector 7268trivial sector 7268 66

non trivial sector 7274 274 7

non trivial sector 7272trivial sector 7272 66

non trivial sector non trivial sector 7271 8

non trivial sector 7273trivial sector 7273 77

non trivial sector 7277 277 8

non trivial sector 7279trivial sector 7279 9
non trivial sector 7275trivial sector 7275 88
non trivial sector 72837283 88

non trivial sector 7278trivial sector 7278  8
non trivial sector 7281trivial sector 7281 7
non trivial sector 7280trivial sector 7280 66

non trivial sector 7282trivial sector 7282 77

non trivial sector 7286trivial sector 7286 88
non trivial sector 7276trivial sector 7276 7

non trivial sector 7287trivial sector 7287 99

non trivial sector 7284trivial sector 7284 7

non trivial sector 7290 290 8
non trivial sector 7288trivial sector 7288 77
non trivial sector 7289trivial sector 7289 8

non trivial sector 7285trivial sector 7285 88

non trivial sector 7291trivial sector 7291 9

non trivial sector 7292trivial sector 7292 8

non trivial sector 7293trivial sector 7293 9

non trivial sector 7296trivial sector 7296 44

non trivial sector 7303 303 7

non trivial sector 7297trivial sector 7297 55

non trivial sector 7298trivial sector 7298 5
non trivial sector 7301trivial sector 7301 66
non trivial sector 7300trivial sector 7300 5

non trivial sector 7304 304 5

non trivial sector 7305 6
non trivial sector non trivial sector 7294 294 9

non trivial sector 7299trivial sector 7299 66

non trivial sector 7302 302 6

non trivial sector 7295trivial sector 7295 110

non trivial sector non trivial sector 7307  7

non trivial sector 7306trivial sector 7306 6

non trivial sector 7309 77
non trivial sector 7312trivial sector 7312 5

non trivial sector 7310trivial sector 7310 7

non trivial sector 7311trivial sector 7311 8
non trivial sector 7313trivial sector 7313 6

non trivial sector 7317trivial sector 7317 7
non trivial sector non trivial sector 7318 318 7

non trivial sector 7308trivial sector 7308 6

non trivial sector 7314trivial sector 7314 66

non trivial sector 7315trivial sector 7315 77

non trivial sector 7316 316 6
non trivial sector 7321trivial sector 7321 7

non trivial sector 7322trivial sector 7322 7

non trivial sector 7328trivial sector 7328 55

non trivial sector 7324 324 7

non trivial sector 7320trivial sector 7320 66

non trivial sector 7323trivial sector 7323 8
non trivial sector 7319trivial sector 7319 88

non trivial sector 7326trivial sector 7326 8

non trivial sector 7329 66

non trivial sector 7330trivial sector 7330 66
non trivial sector 7327trivial sector 7327 9

non trivial sector 7333trivial sector 7333 7

non trivial sector 7336trivial sector 7336 66

non trivial sector 7325trivial sector 7325 88

non trivial sector 7331trivial sector 7331 77

non trivial sector 7332trivial sector 7332 66

non trivial sector 7337 337 7
non trivial sector 7340 340 7

non trivial sector 7334 334 7

non trivial sector 7339trivial sector 7339 8

non trivial sector 7335trivial sector 7335 88

non trivial sector 7338trivial sector 7338 7

non trivial sector 7345 7

non trivial sector non trivial sector 7341 88

non trivial sector 7342trivial sector 7342 8

non trivial sector 7344trivial sector 7344 66
non trivial sector 7343trivial sector 7343 99
non trivial sector 7351trivial sector 7351 9

non trivial sector 7347trivial sector 7347 88

non trivial sector 7346trivial sector 7346 77
non trivial sector 7352trivial sector 7352 77

non trivial sector 7349 349 8

non trivial sector 73487348  7
non trivial sector non trivial sector 7354 88

non trivial sector non trivial sector 7350 350 8

non trivial sector 7356trivial sector 7356 8
non trivial sector 7355trivial sector 7355 9

non trivial sector non trivial sector 7358 99

non trivial sector 7357trivial sector 7357 9

non trivial sector 7359 110

non trivial sector 7361trivial sector 7361 6

non trivial sector non trivial sector 7353 353 8

non trivial sector 7360trivial sector 7360 5

non trivial sector 7362 362 6

non trivial sector 7363trivial sector 7363 77
non trivial sector 7365 7
non trivial sector 7368trivial sector 7368 66

non trivial sector 7366trivial sector 7366 7
non trivial sector 7364trivial sector 7364 66
non trivial sector 7367trivial sector 7367 88

non trivial sector 7369trivial sector 7369 77
non trivial sector 7376trivial sector 7376 6

non trivial sector 7370trivial sector 7370  7

non trivial sector 7372trivial sector 7372 7

non trivial sector 7371trivial sector 7371 8
non trivial sector 7374trivial sector 7374 8
non trivial sector 7379trivial sector 7379 8

non trivial sector 7373 373 8
non trivial sector 7377 377 7

non trivial sector non trivial sector 7375 375 9

non trivial sector 7378trivial sector 7378 77

non trivial sector non trivial sector 7382 382 8
non trivial sector 7381trivial sector 7381 88
nnon trivial sector 7386 8

non trivial sector 7380trivial sector 7380 77

non trivial sector 7384trivial sector 7384 7
non trivial sector 7385trivial sector 7385 8

non trivial sector 7389trivial sector 7389 99

non trivial sector 7388trivial sector 7388 88
non trivial sector 7392trivial sector 7392 66
non trivial sector 7394trivial sector 7394 77
non trivial sector 7387trivial sector 7387 9

non trivial sector 7383 383 9

non trivial sector 7398 88
non trivial sector 7390trivial sector 7390 99

non trivial sector 7397trivial sector 7397 88
non trivial sector 7396  7

non trivial sector 7395trivial sector 7395 8
non trivial sector 7393trivial sector 7393 77
non trivial sector 7401trivial sector 7401 88
nnon trivial sector 7402 8

non trivial sector 7391trivial sector 7391 110
non trivial sector 7399trivial sector 7399 9
non trivial sector 7403trivial sector 7403 9

non trivial sector 7405trivial sector 7405 9

non trivial sector 7404trivial sector 7404 88
non trivial sector 7408trivial sector 7408 7

non trivial sector 7410trivial sector 7410 8

non trivial sector 7400trivial sector 7400 7

non trivial sector 7406trivial sector 7406 99

non trivial sector 7409 409 8

non trivial sector 7412trivial sector 7412 88

non trivial sector 7413trivial sector 7413  9

non trivial sector 7416trivial sector 7416 88

non trivial sector 7407trivial sector 7407 10
0
non trivial sector non trivial sector 74117411 99
non trivial sector 7417trivial sector 7417 99

non trivial sector 7414trivial sector 7414 9

non trivial sector 7418trivial sector 7418 99

non trivial sector 7415 415 10
0
non trivial sector 7419trivial sector 7419 110

non trivial sector 7422 422 10

non trivial sector non trivial sector 7420 420 9

non trivial sector 7421trivial sector 7421 110
non trivial sector 7432trivial sector 7432 55

non trivial sector non trivial sector 7423 111
non trivial sector 7433trivial sector 7433 6

non trivial sector 7434trivial sector 7434 66
non trivial sector 7436 436 66
non trivial sector non trivial sector 7438 438 7

non trivial sector 7441trivial sector 7441 66
non trivial sector 7437trivial sector 7437 77

non trivial sector 7435 74357

non trivial sector 7443 77
non trivial sector 7442trivial sector 7442 66
non trivial sector 7439trivial sector 7439 88
non trivial sector 7446trivial sector 7446 7

non trivial sector 7440trivial sector 7440 55

non trivial sector 7445trivial sector 7445 77

non trivial sector 7448 448 6

non trivial sector 7447trivial sector 7447 88

non trivial sector 7449trivial sector 7449  7

non trivial sector 7444trivial sector 7444 66

non trivial sector 7453trivial sector 7453 88
non trivial sector 7450trivial sector 7450 7

non trivial sector 7455trivial sector 7455 9

non trivial sector 7451trivial sector 7451 88

non trivial sector 7452trivial sector 7452 77

non trivial sector 7457trivial sector 7457 6

non trivial sector 7461 7

non trivial sector 74587458trivial sector  6
non trivial sector 7459trivial sector 7459 77
non trivial sector non trivial sector 7454 454 8

non trivial sector 7466trivial sector 7466 7

non trivial sector 7465trivial sector 7465 77

non trivial sector 7462trivial sector 7462 77

non trivial sector 74567456 5

non trivial sector non trivial sector 7467 88

non trivial sector 7464trivial sector 7464 66

non trivial sector 7463trivial sector 7463 8

non trivial sector 7460trivial sector 7460 66

non trivial sector 7468trivial sector 7468  7

non trivial sector 7469trivial sector 7469 88

non trivial sector 7470 88
non trivial sector 7471trivial sector 7471 9

non trivial sector non trivial sector 7472 472 6

non trivial sector 7475 475 8
non trivial sector 7474 474 7

non trivial sector 7476trivial sector 7476 77

non trivial sector 7473trivial sector 7473 77
non trivial sector 7478trivial sector 7478 88

non trivial sector 7480trivial sector 7480 7

non trivial sector 7484trivial sector 7484 8
non trivial sector 7482trivial sector 7482 88

non trivial sector 7479 479 9

non trivial sector 7477trivial sector 7477 88

non trivial sector 7488trivial sector 7488 55
non trivial sector 7481trivial sector 7481 88

non trivial sector 7487trivial sector 7487 10
nnon trivial sector 7485 485 9

non trivial sector 7486trivial sector 7486 99

non trivial sector 7489trivial sector 7489 6

non trivial sector 7490trivial sector 7490 66
non trivial sector 7483trivial sector 7483 99
nnon trivial sector 7491 77

non trivial sector 7493 7

non trivial sector 7494trivial sector 7494 77

non trivial sector 7498trivial sector 7498 7

non trivial sector non trivial sector 7496 66

non trivial sector non trivial sector 7495 495 8

non trivial sector 7492trivial sector 7492 66

non trivial sector 7501trivial sector 7501 8
non trivial sector 7497trivial sector 7497 77

non trivial sector 7499trivial sector 7499 88
non trivial sector 7504trivial sector 7504 66
non trivial sector 7506trivial sector 7506 77

non trivial sector 7503 9

non trivial sector 7502 502 8

non trivial sector 7505trivial sector 7505 7

non trivial sector 7507trivial sector 7507 88
non trivial sector 7508trivial sector 7508 7

non trivial sector 7500trivial sector 7500 7

non trivial sector non trivial sector 7514 514 8
non trivial sector 7509trivial sector 7509 8

non trivial sector 7511 99
non trivial sector 7519trivial sector 7519 110

non trivial sector 7510trivial sector 7510 88
non trivial sector 7512trivial sector 7512 7

non trivial sector 7515trivial sector 7515 99

non trivial sector 7513 513trivial sector  8

non trivial sector 7518trivial sector 7518 99

non trivial sector 7522 522 7

non trivial sector non trivial sector 7516 8

non trivial sector 7521trivial sector 7521 7

non trivial sector 7517trivial sector 7517 99
non trivial sector 7520trivial sector 7520 66
non trivial sector 7526trivial sector 7526 88
non trivial sector 7523trivial sector 7523 8
nnon trivial sector 7525 8

non trivial sector 7524trivial sector 7524 7

non trivial sector 7528trivial sector 7528 7

non trivial sector 7529trivial sector 7529 88

non trivial sector non trivial sector 7530 530 8

non trivial sector 7531trivial sector 7531 9

non trivial sector non trivial sector 7527 527 9
non trivial sector 7532trivial sector 7532 88
non trivial sector 7533trivial sector 7533 99

non trivial sector 7536trivial sector 7536 7

non trivial sector 7537trivial sector 7537 88

non trivial sector 7535trivial sector 7535 10
0
non trivial sector 7538trivial sector 7538 8

non trivial sector 7539trivial sector 7539 99

non trivial sector 7540trivial sector 7540 88

non trivial sector non trivial sector 7544 88
non trivial sector 7541trivial sector 7541 9

non trivial sector 7545trivial sector 7545 99
non trivial sector 7543trivial sector 7543 10
0
non trivial sector 7546trivial sector 7546 99

non trivial sector 7548trivial sector 7548  9

non trivial sector 7542trivial sector 7542 99
non trivial sector 7550trivial sector 7550 110

non trivial sector 7552 552 5

non trivial sector 7534trivial sector 7534 9

non trivial sector 7547trivial sector 7547 10
0
non trivial sector 7553trivial sector 7553 66
non trivial sector 7551trivial sector 7551 11
1
non trivial sector 7556trivial sector 7556 66

non trivial sector 7549trivial sector 7549 110

non trivial sector 7555trivial sector 7555 7

non trivial sector 7554trivial sector 7554 6

non trivial sector 7561trivial sector 7561 7

non trivial sector 7559trivial sector 7559 8
non trivial sector 7557 557 7
non trivial sector 7558 77

non trivial sector 7562trivial sector 7562 7

non trivial sector 7560 560 6

non trivial sector 7563trivial sector 7563 88

non trivial sector 7567trivial sector 7567 9
non trivial sector non trivial sector 7566 566 8

non trivial sector 7565trivial sector 7565 8
non trivial sector 7571trivial sector 7571 8
non trivial sector 7569trivial sector 7569 77
non trivial sector 7574 574 8

non trivial sector 7570trivial sector 7570 7

non trivial sector 7568trivial sector 7568 66
non trivial sector 7564trivial sector 7564  7

non trivial sector 7573trivial sector 7573 88
non trivial sector 7572trivial sector 7572 77

non trivial sector 7576trivial sector 7576 7

non trivial sector 7579 579 9
non trivial sector 7578trivial sector 7578 88

non trivial sector non trivial sector 7580 88
non trivial sector 7577trivial sector 7577 8
non trivial sector 7581trivial sector 7581 9
non trivial sector 7585 77
non trivial sector 7575trivial sector 7575 99
non trivial sector 7588trivial sector 7588 77
non trivial sector 7582trivial sector 7582 9

non trivial sector 7591trivial sector 7591 99

non trivial sector 7584 584 66

non trivial sector 7583 10
non trivial sector 7589 88
non trivial sector 7587 587 8

non trivial sector 7586trivial sector 7586 77
non trivial sector 7594trivial sector 7594 88
non trivial sector 7593 593 8

non trivial sector 7596trivial sector 7596 88

non trivial sector 7590trivial sector 7590 88
non trivial sector 7592trivial sector 7592 7

non trivial sector non trivial sector 75977597 99

non trivial sector 7595trivial sector 7595 9

non trivial sector 7598trivial sector 7598 9
non trivial sector non trivial sector 7599 10
0
non trivial sector 7602trivial sector 7602 88

non trivial sector non trivial sector 7600 600 7

non trivial sector 7601trivial sector 7601 88
non trivial sector 7605trivial sector 7605 99
non trivial sector non trivial sector 7603 603 9

non trivial sector 7606trivial sector 7606 9
non trivial sector 7604trivial sector 7604  8

non trivial sector 7608 608 8

non trivial sector 7607 10
0
non trivial sector 7609trivial sector 7609 9

non trivial sector 7612 99
non trivial sector 7617trivial sector 7617 7

non trivial sector non trivial sector 7613 613 10
0
non trivial sector 7610trivial sector 7610 99
non trivial sector 7618trivial sector 7618 77

non trivial sector 7611trivial sector 7611 110

non trivial sector 7616 616 6

non trivial sector 7614trivial sector 7614 110

non trivial sector 7620trivial sector 7620 7
non trivial sector 7615trivial sector 7615 111

non trivial sector 7624trivial sector 7624 7

non trivial sector 7621trivial sector 7621 8

non trivial sector non trivial sector 7622 622 8

non trivial sector 7619trivial sector 7619 88

non trivial sector 7625trivial sector 7625 8

non trivial sector 7630 9

non trivial sector non trivial sector 7629 629 9

non trivial sector 7623trivial sector 7623 99

non trivial sector 7635trivial sector 7635 9
non trivial sector 7633trivial sector 7633 88

non trivial sector 7628trivial sector 7628 88

non trivial sector 7627 627 9

non trivial sector non trivial sector 7626 88
non trivial sector 7634trivial sector 7634 88
non trivial sector 7638trivial sector 7638 9
non trivial sector non trivial sector 7637 637 9

non trivial sector 7640trivial sector 7640 88

non trivial sector 7641 9

non trivial sector 7631 10
non trivial sector 7636trivial sector 7636 8

non trivial sector 7632trivial sector 7632 77

non trivial sector non trivial sector 7639 639 10
0
non trivial sector 7642trivial sector 7642 9

non trivial sector 7645trivial sector 7645 110
non trivial sector 7647trivial sector 7647 111
non trivial sector 7643trivial sector 7643 110
non trivial sector 7649 8

non trivial sector 7648trivial sector 7648 77

non trivial sector 7653trivial sector 7653 9

non trivial sector 7644trivial sector 7644 99
non trivial sector 7652trivial sector 7652 8

non trivial sector 7646trivial sector 7646 10
non trivial sector 7650trivial sector 7650 88

non trivial sector non trivial sector 7654 99
non trivial sector 7657trivial sector 7657 9

non trivial sector 7655trivial sector 7655 10
0
non trivial sector 7656trivial sector 7656 88
non trivial sector non trivial sector 7651 651 9

non trivial sector 7658trivial sector 7658 99

non trivial sector 7659trivial sector 7659 110

non trivial sector 7661trivial sector 7661 110

non trivial sector 7664trivial sector 7664 8

non trivial sector 7665 665 9

non trivial sector 7660trivial sector 7660 99
non trivial sector 7662 662trivial sector  10
0
non trivial sector non trivial sector 7666 99
non trivial sector 7668trivial sector 7668 99

non trivial sector 7669trivial sector 7669 110
non trivial sector 7672trivial sector 7672 99
non trivial sector 7671 671 1111

non trivial sector 7663trivial sector 7663 11

non trivial sector 7667trivial sector 7667 110
non trivial sector 7670trivial sector 7670 10

non trivial sector 7674trivial sector 7674 110
non trivial sector 7673trivial sector 7673 1010

non trivial sector 7675trivial sector 7675 111

non trivial sector 7677trivial sector 7677 111

non trivial sector 7676trivial sector 7676 10
0
non trivial sector 7679trivial sector 7679 12
non trivial sector 7678trivial sector 7678 11
1
non trivial sector 7692trivial sector 7692 6

non trivial sector 7691 7

non trivial sector non trivial sector 7690 66

non trivial sector 7688trivial sector 7688 55

non trivial sector 7694trivial sector 7694 77

non trivial sector 7689trivial sector 7689 66
non trivial sector 7695trivial sector 7695 8

non trivial sector 7693trivial sector 7693 77
non trivial sector 7706trivial sector 7706 7

non trivial sector 7704trivial sector 7704 6

non trivial sector 7710trivial sector 7710 8

non trivial sector 7705trivial sector 7705  7

non trivial sector 7712trivial sector 7712 55

non trivial sector 7708trivial sector 7708 77

non trivial sector 7707trivial sector 7707 8

non trivial sector 7713trivial sector 7713 66
non trivial sector 7709trivial sector 7709 8

non trivial sector 7714trivial sector 7714 66
non trivial sector non trivial sector 77167716 66
non trivial sector 7711 711 9

non trivial sector 7717trivial sector 7717 77
non trivial sector non trivial sector 7715 715 7

non trivial sector non trivial sector 7720 720 6

non trivial sector non trivial sector 77187718 77
non trivial sector 7721 721 7

non trivial sector 7723trivial sector 7723 8

non trivial sector 7728 66
non trivial sector 7726trivial sector 7726  8

non trivial sector 7724trivial sector 7724 7
non trivial sector 7719trivial sector 7719  8

non trivial sector 7722trivial sector 7722 7

non trivial sector 7725trivial sector 7725 88
non trivial sector 7727 99
non trivial sector 7734trivial sector 7734 88

non trivial sector 7730trivial sector 7730 77
non trivial sector 7729trivial sector 7729 77

non trivial sector non trivial sector 7732 77
non trivial sector 7735trivial sector 7735 99
nnon trivial sector 7737 88

non trivial sector 7731trivial sector 7731 88
non trivial sector 7736trivial sector 7736 77

non trivial sector 7733trivial sector 7733 8

non trivial sector 7738trivial sector 7738 88
non trivial sector 77447744 55

non trivial sector 7739trivial sector 7739 99
non trivial sector 7741trivial sector 7741 99
non trivial sector 7740 88
non trivial sector 7748trivial sector 7748 66

non trivial sector 7742trivial sector 7742 9

non trivial sector 7747trivial sector 7747 77

non trivial sector 7750trivial sector 7750 77
non trivial sector 7743trivial sector 7743 10

non trivial sector 7751trivial sector 7751 8

non trivial sector 7749trivial sector 7749 77
non trivial sector 7746trivial sector 7746 6

non trivial sector 7754trivial sector 7754 7

non trivial sector 7745trivial sector 7745 66

non trivial sector 7753trivial sector 7753 77

non trivial sector 7752trivial sector 7752 6

non trivial sector 7755trivial sector 7755  8

non trivial sector 7756 7

non trivial sector 7759 759 9

non trivial sector 7766 88

non trivial sector 7761 7

non trivial sector 7757trivial sector 7757 88

non trivial sector 7762trivial sector 7762 77

non trivial sector 7760trivial sector 7760 6

non trivial sector 7769trivial sector 7769 8

non trivial sector 7758 88

non trivial sector 7763trivial sector 7763 88

non trivial sector 7765 765 8

non trivial sector 7768  7

non trivial sector 7764trivial sector 7764 77

non trivial sector 7770trivial sector 7770 88
non trivial sector 7771 771 99
non trivial sector 7772trivial sector 7772 8

non trivial sector 7778 7
non trivial sector 7767trivial sector 7767 99

non trivial sector 7773trivial sector 7773 9
non trivial sector 7776trivial sector 7776 6

non trivial sector 7779trivial sector 7779 8

non trivial sector 7777trivial sector 7777 7

non trivial sector 7775 775 10
0
non trivial sector 7774trivial sector 7774 9

non trivial sector 7783trivial sector 7783 99

non trivial sector 7780trivial sector 7780 77
non trivial sector 7784 784 7

non trivial sector 7781trivial sector 7781 8

non trivial sector 7788trivial sector 7788 88

non trivial sector 7782 782 8

non trivial sector 7785 785 8

non trivial sector 7786trivial sector 7786 88

non trivial sector 7790trivial sector 7790 99

non trivial sector 7789trivial sector 7789 99

non trivial sector 7793 8

non trivial sector 7792trivial sector 7792 7
non trivial sector 7796trivial sector 7796 8
non trivial sector 7787trivial sector 7787  9

non trivial sector 7797trivial sector 7797 99

non trivial sector 7800trivial sector 7800 8
non trivial sector non trivial sector 7791 110
non trivial sector 7801trivial sector 7801 9

non trivial sector 7795trivial sector 7795 9
non trivial sector 7794trivial sector 7794 8

non trivial sector non trivial sector 78027802 99
non trivial sector 7799trivial sector 7799 10
0
non trivial sector 7803trivial sector 7803 110

non trivial sector 7804trivial sector 7804 99

non trivial sector 7805 10
0
non trivial sector 7808trivial sector 7808 55

non trivial sector 7798 798 9

non trivial sector 7807trivial sector 7807 11
non trivial sector 7810trivial sector 7810 6
non trivial sector 7809trivial sector 7809 66
non trivial sector 7806trivial sector 7806 10
0
non trivial sector 7814trivial sector 7814 77
non trivial sector 7811trivial sector 7811 7

non trivial sector 7815trivial sector 7815 8

non trivial sector 7817 7
non trivial sector 7813 77

non trivial sector 7812trivial sector 7812 6

non trivial sector 7818trivial sector 7818 7

non trivial sector 7821trivial sector 7821 88

non trivial sector 7816trivial sector 7816 6

non trivial sector 7819trivial sector 7819 88

non trivial sector 7824trivial sector 7824 66

non trivial sector 7826trivial sector 7826 77
non trivial sector 7825 7

non trivial sector 7822trivial sector 7822 88

non trivial sector 7823trivial sector 7823 9

non trivial sector non trivial sector 7832 7

non trivial sector 7820trivial sector 7820 7

non trivial sector 7827trivial sector 7827 88
non trivial sector 7830trivial sector 7830 88

non trivial sector non trivial sector 7828 828 7

non trivial sector 7831trivial sector 7831 9

non trivial sector 7833trivial sector 7833 8
non trivial sector 7829trivial sector 7829 88

non trivial sector 7836trivial sector 7836 88

non trivial sector 7835trivial sector 7835 99

non trivial sector 7834trivial sector 7834 8

non trivial sector 7842trivial sector 7842 7

non trivial sector 7840trivial sector 7840 6

non trivial sector 7837trivial sector 7837 99
non trivial sector 7839trivial sector 7839 10
non trivial sector 7843trivial sector 7843 88

non trivial sector 7841 7

non trivial sector 7838trivial sector 7838 99
non trivial sector 7845 88

non trivial sector 7844trivial sector 7844 77

non trivial sector 7849trivial sector 7849 8

non trivial sector 7846 846 8

non trivial sector 7850trivial sector 7850 8

non trivial sector 7848trivial sector 7848 77
non trivial sector 7847trivial sector 7847 9
non trivial sector 7851trivial sector 7851 99
non trivial sector 7854trivial sector 7854 99

non trivial sector 7856 77
non trivial sector 7858 858 8

non trivial sector 7857trivial sector 7857 88

non trivial sector 7852trivial sector 7852 88

non trivial sector 7855 10
0
non trivial sector 7860trivial sector 7860 88
non trivial sector 7853trivial sector 7853 99

non trivial sector 7859trivial sector 7859 99
non trivial sector 7862trivial sector 7862 99
non trivial sector 7861trivial sector 7861 9

non trivial sector 7864 864 8

non trivial sector 7863trivial sector 7863 110
non trivial sector 7868trivial sector 7868 99

non trivial sector non trivial sector 7866 99

non trivial sector 7867trivial sector 7867 110
non trivial sector 7870trivial sector 7870 10
non trivial sector 7865trivial sector 7865 9

non trivial sector 7875trivial sector 7875 88
non trivial sector 7873trivial sector 7873 7
non trivial sector 7872trivial sector 7872 6

non trivial sector 7871trivial sector 7871 1111

non trivial sector 7869trivial sector 7869 110
non trivial sector 7874trivial sector 7874 7
non trivial sector 7879trivial sector 7879 9
non trivial sector 7876trivial sector 7876 77

non trivial sector 7881trivial sector 7881 88

non trivial sector 7878trivial sector 7878 88
non trivial sector 7880trivial sector 7880 7
non trivial sector 7884trivial sector 7884 88

non trivial sector 7877trivial sector 7877 88

non trivial sector 7883 883 9

non trivial sector 7885 9

non trivial sector 7882 882 8
non trivial sector 7888trivial sector 7888 77

non trivial sector 7889trivial sector 7889 8
non trivial sector 7890trivial sector 7890 8
non trivial sector 7887trivial sector 7887 110

non trivial sector 7897 99
non trivial sector 7893trivial sector 7893 99
non trivial sector 7891trivial sector 7891 99

non trivial sector 7886trivial sector 7886 99
non trivial sector 7896trivial sector 7896 88

non trivial sector 7894trivial sector 7894 99

non trivial sector 7900 99009
non trivial sector 7898trivial sector 7898 99
non trivial sector non trivial sector 7892 892 8

non trivial sector 7895trivial sector 7895 10

non trivial sector 7899trivial sector 7899  10
0
non trivial sector 7902trivial sector 7902 10

non trivial sector 7901trivial sector 7901 110
non trivial sector 7903 111

non trivial sector 7905trivial sector 7905 8

non trivial sector 7904trivial sector 7904 77

non trivial sector 7906trivial sector 7906 8

non trivial sector 7907 907 9

non trivial sector 7908trivial sector 7908 88
non trivial sector 7912trivial sector 7912 8

non trivial sector 7909trivial sector 7909 9
non trivial sector 7911trivial sector 7911 110

non trivial sector 7916trivial sector 7916 99

non trivial sector 7913trivial sector 7913 9

non trivial sector 7914trivial sector 7914 99
non trivial sector 7910trivial sector 7910 9

non trivial sector non trivial sector 7917 10

non trivial sector 7915trivial sector 7915 10
non trivial sector 7922 922 9
non trivial sector 7921trivial sector 7921 99

non trivial sector 7920trivial sector 7920 88

non trivial sector 7919trivial sector 7919 111

non trivial sector non trivial sector 79237923 10
0
non trivial sector 7924trivial sector 7924 99

non trivial sector 7918trivial sector 7918 10
non trivial sector 7926 110
non trivial sector 7927 927 11
1
non trivial sector non trivial sector 7928 99

non trivial sector 7929 929 10
non trivial sector 7930trivial sector 7930 110
non trivial sector non trivial sector 7925 925 10
0
non trivial sector 7935trivial sector 7935 12

non trivial sector 7932trivial sector 7932  10

non trivial sector 7931 931 11
non trivial sector 7933trivial sector 7933 111
non trivial sector 7934trivial sector 7934 11

non trivial sector 7944trivial sector 7944 6

non trivial sector 7946trivial sector 7946 7

non trivial sector 7947trivial sector 7947 8

non trivial sector 7953trivial sector 7953 77
non trivial sector 7945trivial sector 7945 77
non trivial sector 7950trivial sector 7950 88
non trivial sector 7955trivial sector 7955 8

non trivial sector 7951trivial sector 7951 99
non trivial sector 7949trivial sector 7949  88

non trivial sector 7954trivial sector 7954 77

non trivial sector 7948trivial sector 7948  7

non trivial sector 7952trivial sector 7952 66
non trivial sector 7956trivial sector 7956 77
non trivial sector 7957trivial sector 7957 88
non trivial sector 7958 958 88

non trivial sector non trivial sector 7961 88

non trivial sector 7960 77
non trivial sector non trivial sector 7959 959 9

non trivial sector 7962trivial sector 7962 88
non trivial sector 7963trivial sector 7963 99
non trivial sector 7966trivial sector 7966 9

non trivial sector 7965trivial sector 7965 99
non trivial sector 7964trivial sector 7964 88
non trivial sector 7969 7
non trivial sector 7968trivial sector 7968 6

non trivial sector 7970trivial sector 7970 77

non trivial sector 7971trivial sector 7971 8

non trivial sector 7972trivial sector 7972 7

non trivial sector 7976trivial sector 7976 77

non trivial sector 7967trivial sector 7967  10
0
non trivial sector non trivial sector 7978 978 8
non trivial sector 7977trivial sector 7977 88

non trivial sector 7974trivial sector 7974 88

non trivial sector 7980 980 8

non trivial sector 7975trivial sector 7975 99

non trivial sector 7979trivial sector 7979 99
non trivial sector 7981trivial sector 7981  9

non trivial sector 7973 88

non trivial sector 7983trivial sector 7983 10
0
non trivial sector 7984trivial sector 7984 77
non trivial sector 7982trivial sector 7982 99
non trivial sector 7986 986 8

non trivial sector 7985 88
non trivial sector 7988trivial sector 7988 8

non trivial sector 7991trivial sector 7991 10
0
non trivial sector 7992trivial sector 7992 8

non trivial sector 7996trivial sector 7996 9
non trivial sector 7989trivial sector 7989 99

non trivial sector 7987trivial sector 7987 99

non trivial sector 7995trivial sector 7995 110
non trivial sector 7990trivial sector 7990 99

non trivial sector 7993trivial sector 7993 99
non trivial sector 8000trivial sector 8000 6

non trivial sector 8002 002 7

non trivial sector 8001trivial sector 8001 77
non trivial sector 7997 997 10
non trivial sector 8005 8

non trivial sector 7998trivial sector 7998 10
non trivial sector non trivial sector 8003 8

non trivial sector 8004trivial sector 8004 77

non trivial sector 8009trivial sector 8009 88

non trivial sector 7994trivial sector 7994 99

non trivial sector 8008trivial sector 8008  7

non trivial sector 8006 8

non trivial sector 8011trivial sector 8011 9
non trivial sector 8012trivial sector 8012  8

non trivial sector 7999trivial sector 7999 111

non trivial sector 8007trivial sector 8007 99
non trivial sector 8013trivial sector 8013 9

non trivial sector 8010trivial sector 8010 8

non trivial sector 8018 8
non trivial sector 8017 017trivial sector  8

non trivial sector 8015trivial sector 8015 110

non trivial sector 8020trivial sector 8020 8
non trivial sector 8014 9

non trivial sector 8016trivial sector 8016 7

non trivial sector 8019trivial sector 8019 9

non trivial sector 8025 025 9

non trivial sector 8024trivial sector 8024 88
non trivial sector non trivial sector 8026 99
non trivial sector 8027trivial sector 8027 110
non trivial sector 8021trivial sector 8021 9

non trivial sector 8023trivial sector 8023 10

non trivial sector 8022trivial sector 8022 9

non trivial sector 8030trivial sector 8030 110

non trivial sector 8029trivial sector 8029 10
non trivial sector 8031trivial sector 8031 11

non trivial sector 8032 032 7

non trivial sector 8033trivial sector 8033 8

non trivial sector 8028trivial sector 8028 99
non trivial sector 8035trivial sector 8035 9

non trivial sector 8040trivial sector 8040 8
non trivial sector 8034trivial sector 8034 8

non trivial sector 8037trivial sector 8037 9
non trivial sector non trivial sector 8038 038 9

non trivial sector 8036trivial sector 8036 8
non trivial sector 8039trivial sector 8039 10
0
non trivial sector 8041 9

non trivial sector 8044trivial sector 8044 99

non trivial sector 8043 043 10

non trivial sector 8042trivial sector 8042 9
non trivial sector 8046 046 10
0
non trivial sector 8045 045 10

non trivial sector 8048trivial sector 8048 88

non trivial sector non trivial sector 8050 9

non trivial sector 8047trivial sector 8047 11
1
non trivial sector 8051trivial sector 8051 110
non trivial sector 8056trivial sector 8056 9

non trivial sector 8052trivial sector 8052 99

non trivial sector non trivial sector 8053 053 10
0
non trivial sector 8049trivial sector 8049 99

non trivial sector 8054trivial sector 8054 10

non trivial sector 8055 055 1111

non trivial sector 8057trivial sector 8057 110
nnon trivial sector 8060 060 10
0
non trivial sector non trivial sector 8064 064 6

non trivial sector 8059trivial sector 8059 11

non trivial sector 8061trivial sector 8061 11
1
non trivial sector 8066trivial sector 8066 77
non trivial sector 8058trivial sector 8058 10
0
non trivial sector 8062trivial sector 8062 111
non trivial sector 8065trivial sector 8065 7

non trivial sector 8068trivial sector 8068 77

non trivial sector 8063trivial sector 8063 112

non trivial sector 80678067 8
non trivial sector 8074trivial sector 8074 88

non trivial sector 8072 77

non trivial sector 8070trivial sector 8070  8

non trivial sector 8071trivial sector 8071 9

non trivial sector 8069trivial sector 8069 8

non trivial sector 8076trivial sector 8076 8

non trivial sector 8073trivial sector 8073 88
non trivial sector 8078trivial sector 8078 99
non trivial sector 8083 9
non trivial sector 8080trivial sector 8080 7

non trivial sector non trivial sector 8075 075 9

non trivial sector 8077trivial sector 8077 99

non trivial sector 8079trivial sector 8079  10
0
non trivial sector 8087trivial sector 8087 10
non trivial sector 8081trivial sector 8081 88

non trivial sector 8084trivial sector 8084 88

non trivial sector 8088trivial sector 8088 88

non trivial sector 8086trivial sector 8086 99
non trivial sector 8082trivial sector 8082 8

non trivial sector 8092 9
non trivial sector 8085 9

non trivial sector 8090trivial sector 8090 9

non trivial sector 8089trivial sector 8089 99
non trivial sector non trivial sector 8096 096 7

non trivial sector non trivial sector 8091 091 10
0
non trivial sector 8093trivial sector 8093 110

non trivial sector non trivial sector 8094 10
0
non trivial sector 8100 100trivial sector  8
non trivial sector 8102 99
non trivial sector 8097 097 8

non trivial sector 8099trivial sector 8099 99
non trivial sector 8095 095 1111

non trivial sector 8098trivial sector 8098 8

non trivial sector 8106 99
non trivial sector 8103trivial sector 8103 10

non trivial sector 8101trivial sector 8101 99

non trivial sector 8105trivial sector 8105 99

non trivial sector 8104 104 8

non trivial sector 8107 100710
non trivial sector non trivial sector 81088108 99

non trivial sector 8112 112 8

non trivial sector 8113trivial sector 8113 99

non trivial sector 8114trivial sector 8114 99

non trivial sector 8109trivial sector 8109  10

non trivial sector 8110trivial sector 8110 110

non trivial sector 8116 99
non trivial sector 8111trivial sector 8111 111

non trivial sector 8115trivial sector 8115 110

non trivial sector 8119trivial sector 8119 11
non trivial sector 8117 117 10

non trivial sector 8120trivial sector 8120 9

non trivial sector 8121trivial sector 8121 110

non trivial sector 8118trivial sector 8118 10
0
non trivial sector 8122trivial sector 8122 110

non trivial sector 8124 110
non trivial sector 8128trivial sector 8128 7

non trivial sector 8127trivial sector 8127 12
non trivial sector 8130trivial sector 8130 88

non trivial sector 8125trivial sector 8125 11
1
non trivial sector 8123trivial sector 8123 111

non trivial sector 8126trivial sector 8126 111

non trivial sector 8129trivial sector 8129 88

non trivial sector 8131trivial sector 8131 99
non trivial sector 8134trivial sector 8134 9

non trivial sector 8137trivial sector 8137 99
non trivial sector 8133trivial sector 8133 9

non trivial sector 8135 135 10
non trivial sector 8136trivial sector 8136 8

non trivial sector 8132trivial sector 8132 8

non trivial sector 8138trivial sector 8138 9
non trivial sector 8142trivial sector 8142 10
0
non trivial sector 8144trivial sector 8144 8
non trivial sector non trivial sector 8140 140 9
non trivial sector 8139trivial sector 8139 10

non trivial sector 8145trivial sector 8145 99

non trivial sector 8141trivial sector 8141 10
0
non trivial sector 8148trivial sector 8148 99
non trivial sector 8150trivial sector 8150 10
non trivial sector 8146trivial sector 8146 99
non trivial sector 8149trivial sector 8149 10
non trivial sector 8147 10

non trivial sector non trivial sector 8143 143 1111

non trivial sector 8152trivial sector 8152 99
non trivial sector 8156trivial sector 8156 10

non trivial sector 8151 111

non trivial sector 8153 10
0
non trivial sector 8155trivial sector 8155 11

non trivial sector 8158trivial sector 8158 11
1
non trivial sector 8161 99

non trivial sector 8160trivial sector 8160 8

non trivial sector 8162trivial sector 8162 99

non trivial sector 8157trivial sector 8157 11
1
non trivial sector 8154trivial sector 8154 10
non trivial sector 8159trivial sector 8159  12
2
non trivial sector 8163trivial sector 8163 10
non trivial sector 8164trivial sector 8164 99
non trivial sector 8166trivial sector 8166 10

non trivial sector 8165trivial sector 8165 10
0
non trivial sector 8167 11

non trivial sector 8169 10
non trivial sector 8168trivial sector 8168 9

non trivial sector 8178 178 10

non trivial sector 8174 174 11
1
non trivial sector 8171trivial sector 8171 111

non trivial sector non trivial sector 8170 170 10
0
non trivial sector 8180trivial sector 8180 110
non trivial sector 8172 110
non trivial sector 8176 9

non trivial sector non trivial sector 8177 177 10
0
non trivial sector 8173trivial sector 8173 11
1
non trivial sector 8181trivial sector 8181 111

non trivial sector 8184trivial sector 8184 10
non trivial sector 8179trivial sector 8179 111

non trivial sector 8175 175 12
non trivial sector 8182trivial sector 8182 11

non trivial sector 8185trivial sector 8185 11
1
non trivial sector 8190 112
non trivial sector 8186 186 11
1
non trivial sector 8183trivial sector 8183 112

non trivial sector 8189trivial sector 8189 12

non trivial sector 8187 12
non trivial sector 8188 11
non trivial sector 8191 13

Non trivial sectors in total: 6808
Trivial sectors in total: 1384
( 0.9 s )

Search symmetry relations: 

( 0.3 s )
***********************************************************
Prepare Symmetries for the topology: hxb
***********************************************************
Build symmetries for hxb x hxb 
Kira maps this sector 133 to this sector 133
with external Symmetry 0
Kira maps this sector 268 to this sector 268
with external Symmetry 0
Kira maps this sector 268 to this sector 268
with external Symmetry 0
Kira maps this sector 268 to this sector 268
with external Symmetry 0
Kira maps this sector 268 to this sector 268
with external Symmetry 0
Kira maps this sector 268 to this sector 268
with external Symmetry 0
Kira maps this sector 25 to this sector 268
with external Symmetry 0
Kira maps this sector 25 to this sector 268
with external Symmetry 0
Kira maps this sector 25 to this sector 268
with external Symmetry 0
Kira maps this sector 25 to this sector 268
with external Symmetry 0
Kira maps this sector 25 to this sector 268
with external Symmetry 0
Kira maps this sector 25 to this sector 268
with external Symmetry 0
Kira maps this sector 41 to this sector 41
with external Symmetry 0
Kira maps this sector 41 to this sector 41
with external Symmetry 0
Kira maps this sector 41 to this sector 41
with external Symmetry 0
Kira maps this sector 41 to this sector 41
with external Symmetry 0
Kira maps this sector 41 to this sector 41
with external Symmetry 0
Kira maps this sector 42 to this sector 42
with external Symmetry 0
Kira maps this sector 42 to this sector 42
with external Symmetry 0
Kira maps this sector 42 to this sector 42
with external Symmetry 0
Kira maps this sector 42 to this sector 42
with external Symmetry 0
Kira maps this sector 42 to this sector 42
with external Symmetry 0
Kira maps this sector 73 to this sector 73
with external Symmetry 0
Kira maps this sector 73 to this sector 73
with external Symmetry 0
Kira maps this sector 73 to this sector 73
with external Symmetry 0
Kira maps this sector 73 to this sector 73
with external Symmetry 0
Kira maps this sector 73 to this sector 73
with external Symmetry 0
Kira maps this sector 74 to this sector 74
with external Symmetry 0
Kira maps this sector 74 to this sector 74
with external Symmetry 0
Kira maps this sector 74 to this sector 74
with external Symmetry 0
Kira maps this sector 74 to this sector 74
with external Symmetry 0
Kira maps this sector 74 to this sector 74
with external Symmetry 0
Kira maps this sector 76 to this sector 76
with external Symmetry 0
Kira maps this sector 76 to this sector 76
with external Symmetry 0
Kira maps this sector 76 to this sector 76
with external Symmetry 0
Kira maps this sector 76 to this sector 76
with external Symmetry 0
Kira maps this sector 76 to this sector 76
with external Symmetry 0
Kira maps this sector 137 to this sector 137
with external Symmetry 0
Kira maps this sector 138 to this sector 138
with external Symmetry 0
Kira maps this sector 140 to this sector 140
with external Symmetry 0
Kira maps this sector 277 to this sector 277
with external Symmetry 0
Kira maps this sector 277 to this sector 277
with external Symmetry 0
Kira maps this sector 277 to this sector 277
with external Symmetry 0
Kira maps this sector 277 to this sector 277
with external Symmetry 0
Kira maps this sector 277 to this sector 277
with external Symmetry 0
Kira maps this sector 277 to this sector 277
with external Symmetry 0
Kira maps this sector 277 to this sector 277
with external Symmetry 0
Kira maps this sector 293 to this sector 293
with external Symmetry 0
Kira maps this sector 293 to this sector 293
with external Symmetry 0
Kira maps this sector 293 to this sector 293
with external Symmetry 0
Kira maps this sector 325 to this sector 325
with external Symmetry 0
Kira maps this sector 325 to this sector 325
with external Symmetry 0
Kira maps this sector 325 to this sector 325
with external Symmetry 0
Kira maps this sector 85 to this sector 85
with external Symmetry 0
Kira maps this sector 85 to this sector 85
with external Symmetry 0
Kira maps this sector 85 to this sector 85
with external Symmetry 0
Kira maps this sector 389 to this sector 389
with external Symmetry 0
no propagator flow, only for dots: Kira maps this sector 197 to this sector 389
with external Symmetry 0
no propagator flow, only for dots: Kira maps this sector 197 to this sector 389
with external Symmetry 0
no propagator flow, only for dots: Kira maps this sector 135 to this sector 135
with external Symmetry 0
Kira maps this sector 149 to this sector 149
with external Symmetry 0
Kira maps this sector 165 to this sector 165
with external Symmetry 0
Kira maps this sector 269 to this sector 269
with external Symmetry 0
Kira maps this sector 281 to this sector 269
with external Symmetry 0
Kira maps this sector 281 to this sector 269
with external Symmetry 0
Kira maps this sector 29 to this sector 269
with external Symmetry 0
Kira maps this sector 29 to this sector 269
with external Symmetry 0
Kira maps this sector 284 to this sector 269
with external Symmetry 0
Kira maps this sector 284 to this sector 269
with external Symmetry 0
Kira maps this sector 270 to this sector 270
with external Symmetry 0
no propagator flow, only for dots: Kira maps this sector 27 to this sector 270
with external Symmetry 0
no propagator flow, only for dots: Kira maps this sector 27 to this sector 270
with external Symmetry 0
no propagator flow, only for dots: Kira maps this sector 282 to this sector 282
with external Symmetry 0
Kira maps this sector 282 to this sector 282
with external Symmetry 0
no propagator flow, only for dots: Kira maps this sector 282 to this sector 282
with external Symmetry 0
Kira maps this sector 297 to this sector 297
with external Symmetry 0
Kira maps this sector 43 to this sector 43
with external Symmetry 0
Kira maps this sector 298 to this sector 298
with external Symmetry 0
Kira maps this sector 45 to this sector 45
with external Symmetry 0
Kira maps this sector 300 to this sector 300
with external Symmetry 0
Kira maps this sector 46 to this sector 46
with external Symmetry 0
no propagator flow, only for dots: Kira maps this sector 58 to this sector 46
with external Symmetry 0
no propagator flow, only for dots: Kira maps this sector 58 to this sector 46
with external Symmetry 0
Kira maps this sector 57 to this sector 57
with external Symmetry 0
Kira maps this sector 329 to this sector 329
with external Symmetry 0
Kira maps this sector 75 to this sector 75
with external Symmetry 0
Kira maps this sector 330 to this sector 330
with external Symmetry 0
Kira maps this sector 77 to this sector 77
with external Symmetry 0
Kira maps this sector 332 to this sector 332
with external Symmetry 0
Kira maps this sector 78 to this sector 78
with external Symmetry 0
Kira maps this sector 89 to this sector 89
with external Symmetry 0
Kira maps this sector 90 to this sector 90
with external Symmetry 0
Kira maps this sector 92 to this sector 92
with external Symmetry 0
Kira maps this sector 105 to this sector 105
with external Symmetry 0
Kira maps this sector 106 to this sector 106
with external Symmetry 0
Kira maps this sector 108 to this sector 108
with external Symmetry 0
Kira maps this sector 393 to this sector 393
with external Symmetry 0
Kira maps this sector 394 to this sector 394
with external Symmetry 0
Kira maps this sector 396 to this sector 396
with external Symmetry 0
Kira maps this sector 153 to this sector 153
with external Symmetry 0
Kira maps this sector 154 to this sector 154
with external Symmetry 0
Kira maps this sector 156 to this sector 156
with external Symmetry 0
Kira maps this sector 169 to this sector 169
with external Symmetry 0
Kira maps this sector 170 to this sector 170
with external Symmetry 0
Kira maps this sector 172 to this sector 172
with external Symmetry 0
Kira maps this sector 201 to this sector 201
with external Symmetry 0
Kira maps this sector 202 to this sector 202
with external Symmetry 0
Kira maps this sector 204 to this sector 204
with external Symmetry 0
no propagator flow, only for dots: Kira maps this sector 279 to this sector 279
with external Symmetry 0
Kira maps this sector 279 to this sector 279
with external Symmetry 0
no propagator flow, only for dots: Kira maps this sector 279 to this sector 279
with external Symmetry 0
no propagator flow, only for dots: Kira maps this sector 295 to this sector 295
with external Symmetry 0
Kira maps this sector 295 to this sector 295
with external Symmetry 0
no propagator flow, only for dots: Kira maps this sector 295 to this sector 295
with external Symmetry 0
Kira maps this sector 309 to this sector 309
with external Symmetry 0
no propagator flow, only for dots: Kira maps this sector 327 to this sector 327
with external Symmetry 0
Kira maps this sector 327 to this sector 327
with external Symmetry 0
no propagator flow, only for dots: Kira maps this sector 327 to this sector 327
with external Symmetry 0
Kira maps this sector 341 to this sector 341
with external Symmetry 0
no propagator flow, only for dots: Kira maps this sector 87 to this sector 87
with external Symmetry 0
Kira maps this sector 87 to this sector 87
with external Symmetry 0
no propagator flow, only for dots: Kira maps this sector 87 to this sector 87
with external Symmetry 0
Kira maps this sector 357 to this sector 357
with external Symmetry 0
no propagator flow, only for dots: Kira maps this sector 117 to this sector 117
with external Symmetry 0
Kira maps this sector 117 to this sector 117
with external Symmetry 0
no propagator flow, only for dots: Kira maps this sector 117 to this sector 117
with external Symmetry 0
no propagator flow, only for dots: Kira maps this sector 391 to this sector 391
with external Symmetry 0
no propagator flow, only for dots: Kira maps this sector 199 to this sector 391
with external Symmetry 0
no propagator flow, only for dots: Kira maps this sector 199 to this sector 391
with external Symmetry 0
Kira maps this sector 405 to this sector 405
with external Symmetry 0
no propagator flow, only for dots: Kira maps this sector 151 to this sector 151
with external Symmetry 0
Kira maps this sector 421 to this sector 421
with external Symmetry 0
no propagator flow, only for dots: Kira maps this sector 167 to this sector 167
with external Symmetry 0
Kira maps this sector 181 to this sector 181
with external Symmetry 0
no propagator flow, only for dots: Kira maps this sector 453 to this sector 453
with external Symmetry 0
Kira maps this sector 453 to this sector 453
with external Symmetry 0
no propagator flow, only for dots: Kira maps this sector 453 to this sector 453
with external Symmetry 0
Kira maps this sector 213 to this sector 213
with external Symmetry 0
Kira maps this sector 229 to this sector 229
with external Symmetry 0
Kira maps this sector 271 to this sector 271
with external Symmetry 0
no propagator flow, only for dots: Kira maps this sector 31 to this sector 271
with external Symmetry 0
no propagator flow, only for dots: Kira maps this sector 31 to this sector 271
with external Symmetry 0
no propagator flow, only for dots: Kira maps this sector 286 to this sector 283
with external Symmetry 0
Kira maps this sector 285 to this sector 285
with external Symmetry 0
Kira maps this sector 285 to this sector 285
with external Symmetry 0
Kira maps this sector 285 to this sector 285
with external Symmetry 0
Kira maps this sector 47 to this sector 47
with external Symmetry 0
Kira maps this sector 313 to this sector 313
with external Symmetry 0
Kira maps this sector 314 to this sector 314
with external Symmetry 0
Kira maps this sector 316 to this sector 316
with external Symmetry 0
no propagator flow, only for dots: Kira maps this sector 62 to this sector 62
with external Symmetry 0
Kira maps this sector 79 to this sector 79
with external Symmetry 0
Kira maps this sector 345 to this sector 345
with external Symmetry 0
Kira maps this sector 346 to this sector 346
with external Symmetry 0
Kira maps this sector 348 to this sector 348
with external Symmetry 0
Kira maps this sector 361 to this sector 361
with external Symmetry 0
Kira maps this sector 362 to this sector 362
with external Symmetry 0
Kira maps this sector 364 to this sector 364
with external Symmetry 0
Kira maps this sector 121 to this sector 121
with external Symmetry 0
Kira maps this sector 122 to this sector 122
with external Symmetry 0
Kira maps this sector 124 to this sector 124
with external Symmetry 0
Kira maps this sector 409 to this sector 409
with external Symmetry 0
Kira maps this sector 410 to this sector 410
with external Symmetry 0
Kira maps this sector 412 to this sector 412
with external Symmetry 0
Kira maps this sector 425 to this sector 425
with external Symmetry 0
Kira maps this sector 426 to this sector 426
with external Symmetry 0
Kira maps this sector 428 to this sector 428
with external Symmetry 0
Kira maps this sector 185 to this sector 185
with external Symmetry 0
Kira maps this sector 186 to this sector 186
with external Symmetry 0
Kira maps this sector 188 to this sector 188
with external Symmetry 0
Kira maps this sector 457 to this sector 457
with external Symmetry 0
Kira maps this sector 458 to this sector 458
with external Symmetry 0
Kira maps this sector 460 to this sector 460
with external Symmetry 0
Kira maps this sector 217 to this sector 217
with external Symmetry 0
Kira maps this sector 218 to this sector 218
with external Symmetry 0
Kira maps this sector 220 to this sector 220
with external Symmetry 0
Kira maps this sector 233 to this sector 233
with external Symmetry 0
Kira maps this sector 234 to this sector 234
with external Symmetry 0
Kira maps this sector 236 to this sector 236
with external Symmetry 0
no propagator flow, only for dots: Kira maps this sector 311 to this sector 311
with external Symmetry 0
no propagator flow, only for dots: Kira maps this sector 343 to this sector 343
with external Symmetry 0
no propagator flow, only for dots: Kira maps this sector 359 to this sector 359
with external Symmetry 0
Kira maps this sector 373 to this sector 373
with external Symmetry 0
no propagator flow, only for dots: Kira maps this sector 119 to this sector 119
with external Symmetry 0
no propagator flow, only for dots: Kira maps this sector 119 to this sector 119
with external Symmetry 0
no propagator flow, only for dots: Kira maps this sector 119 to this sector 119
with external Symmetry 0
no propagator flow, only for dots: Kira maps this sector 407 to this sector 407
with external Symmetry 0
no propagator flow, only for dots: Kira maps this sector 423 to this sector 423
with external Symmetry 0
Kira maps this sector 437 to this sector 437
with external Symmetry 0
no propagator flow, only for dots: Kira maps this sector 183 to this sector 183
with external Symmetry 0
no propagator flow, only for dots: Kira maps this sector 455 to this sector 455
with external Symmetry 0
no propagator flow, only for dots: Kira maps this sector 455 to this sector 455
with external Symmetry 0
no propagator flow, only for dots: Kira maps this sector 455 to this sector 455
with external Symmetry 0
Kira maps this sector 469 to this sector 469
with external Symmetry 0
no propagator flow, only for dots: Kira maps this sector 215 to this sector 215
with external Symmetry 0
Kira maps this sector 485 to this sector 485
with external Symmetry 0
no propagator flow, only for dots: Kira maps this sector 231 to this sector 231
with external Symmetry 0
Kira maps this sector 245 to this sector 245
with external Symmetry 0
no propagator flow, only for dots: Kira maps this sector 287 to this sector 287
with external Symmetry 0
Kira maps this sector 377 to this sector 377
with external Symmetry 0
Kira maps this sector 378 to this sector 378
with external Symmetry 0
Kira maps this sector 380 to this sector 380
with external Symmetry 0
Kira maps this sector 441 to this sector 441
with external Symmetry 0
Kira maps this sector 442 to this sector 442
with external Symmetry 0
Kira maps this sector 444 to this sector 444
with external Symmetry 0
Kira maps this sector 473 to this sector 473
with external Symmetry 0
Kira maps this sector 474 to this sector 474
with external Symmetry 0
Kira maps this sector 476 to this sector 476
with external Symmetry 0
Kira maps this sector 489 to this sector 489
with external Symmetry 0
Kira maps this sector 490 to this sector 490
with external Symmetry 0
Kira maps this sector 492 to this sector 492
with external Symmetry 0
Kira maps this sector 249 to this sector 249
with external Symmetry 0
Kira maps this sector 250 to this sector 250
with external Symmetry 0
Kira maps this sector 252 to this sector 252
with external Symmetry 0
no propagator flow, only for dots: Kira maps this sector 375 to this sector 375
with external Symmetry 0
no propagator flow, only for dots: Kira maps this sector 439 to this sector 439
with external Symmetry 0
no propagator flow, only for dots: Kira maps this sector 471 to this sector 471
with external Symmetry 0
no propagator flow, only for dots: Kira maps this sector 487 to this sector 487
with external Symmetry 0
Kira maps this sector 501 to this sector 501
with external Symmetry 0
no propagator flow, only for dots: Kira maps this sector 247 to this sector 247
with external Symmetry 0
Kira maps this sector 505 to this sector 505
with external Symmetry 0
Kira maps this sector 506 to this sector 506
with external Symmetry 0
Kira maps this sector 508 to this sector 508
with external Symmetry 0
no propagator flow, only for dots: Kira maps this sector 503 to this sector 503
with external Symmetry 0

Sector relations: 23
Sector symmetries: 201
( 0.3 s )

***********************************************************
Kira starts the reduction of the topology: hxb
***********************************************************

***** Select equations recursively ************************
length of mandatory list: 143
Algebraic reconstruction is switched off.
1112 independent coefficients
directory to the masters: hxb
Number of master integrals: 12
hxb[1,0,0,1,0,0,1,0,0,0,0,0,0]  #  73
hxb[0,1,0,1,0,0,1,0,0,0,0,0,0]  #  74
hxb[0,0,1,1,0,0,1,0,0,0,0,0,0]  #  76
hxb[1,0,0,1,0,0,0,1,0,0,0,0,0]  # 137
hxb[0,1,0,1,0,0,0,1,0,0,0,0,0]  # 138
hxb[-1,1,0,1,0,0,0,1,0,0,0,0,0] # 138
hxb[0,0,1,1,0,0,0,1,0,0,0,0,0]  # 140
hxb[-1,0,1,1,0,0,0,1,0,0,0,0,0] # 140
hxb[0,0,1,1,0,1,0,1,0,0,0,0,0]  # 172
hxb[1,0,0,1,0,0,1,1,0,0,0,0,0]  # 201
hxb[0,1,0,1,0,0,1,1,0,0,0,0,0]  # 202
hxb[0,0,1,1,0,0,1,1,0,0,0,0,0]  # 204

Number of selected equations to reduce: 0 equations

Number of selected equations to reduce: 0 equations
Regenerate:

Number of selected equations to reduce: 1762 equations
( 0.6 s )

***** Select equations recursively ************************
length of mandatory list: 143
Loading 1762 equations.

[1;34mFireFly info:[0m Parsed 12193 functions of which 264 are distinct

System loaded in 0.130007 s
Prime set to 2147483647
Finished prime
Average times:
Parsing: 0.000 s
Forward: 0.004 s
Backsubs: 0.000 s

One variable is set to 1: {}
Total time:
( 4.6 s )
