10 Fermat/Blackbox instances will be run in parallel.
The user defined environment variable FERMATPATH for Fermat is set:
/home/dschiebe/installs/Ferl7/fer64
The directories for the temporary files, result files and the sector mapping files are: 
./tmp
./results
./sectormappings
One variable is set to 1: {}
Kira prepares topology: hxb and top level sector: 
511 

*****Integral ordering*************************************
VERSION table created successfully
Kira database version number: 2.1
WEIGHTBITS table created successfully
INTEGRALORDERING table created successfully
Kira will use the integral ordering: 1.
With topology: hxb use intermediate permutation
0 8 1 2 4 5 6 7 3 9 10 11 12 
With topology: hxb use intermediate permutation
0 8 1 2 4 5 6 7 3 9 10 11 12 
With topology: hxb use intermediate permutation
0 8 1 2 4 5 6 7 3 9 10 11 12 
With topology: hxb use intermediate permutation
0 8 1 2 4 5 6 7 3 9 10 11 12 
With topology: hxb use intermediate permutation
0 8 1 2 4 5 6 7 3 9 10 11 12 
With topology: hxb use intermediate permutation
0 8 1 2 4 5 6 7 3 9 10 11 12 
With topology: hxb use intermediate permutation
0 8 1 2 4 5 6 7 3 9 10 11 12 
With topology: hxb use intermediate permutation
0 8 1 2 4 5 6 7 3 9 10 11 12 
With topology: hxb use intermediate permutation
0 8 1 2 4 5 6 7 3 9 10 11 12 
With topology: hxb use intermediate permutation
0 8 1 2 4 5 6 7 3 9 10 11 12 
With topology: hxb use intermediate permutation
0 8 1 2 4 5 6 7 3 9 10 11 12 
With topology: hxb use intermediate permutation
0 8 1 2 4 5 6 7 3 9 10 11 12 
Following reductions will be performed for the topology: hxb
Sector: 41 rmax: 3 smax: 0 dmax: 0 

Sector: 42 rmax: 3 smax: 0 dmax: 0 

Sector: 137 rmax: 3 smax: 0 dmax: 0 

Sector: 138 rmax: 5 smax: 0 dmax: 2 

Sector: 170 rmax: 5 smax: 0 dmax: 1 

Sector: 169 rmax: 5 smax: 0 dmax: 1 

Sector: 137 rmax: 5 smax: 1 dmax: 2 

Sector: 138 rmax: 6 smax: 1 dmax: 3 

Sector: 170 rmax: 6 smax: 1 dmax: 2 

Sector: 169 rmax: 6 smax: 1 dmax: 2 

Sector: 41 rmax: 4 smax: 1 dmax: 1 

Sector: 42 rmax: 4 smax: 1 dmax: 1 

***********************************************************
Find IBP LI and symmetry relations for the topology: hxb
***********************************************************

*****Generate IBP identities*******************************
There are 14 IBP identities
( 0.024569 s )

*****Generate LI identities********************************
There are 10 LI identities
( 0.229832 s )

*****Search trivial sectors********************************
non trivial sector non trivial sector 25 3

non trivial sector 27n trivial sector 27 4

non trivial sector non trivial sector 31 5
non trivial sector non trivial sector 29 44

non trivial sector non trivial sector 45 5 4

non trivial sector 41 1 3

non trivial sector non trivial sector 42 3

non trivial sector 47n trivial sector 47 55

non trivial sector 46n trivial sector 46 44

non trivial sector 43n trivial sector 43 44

non trivial sector 58n trivial sector 58 4
non trivial sector 57 7 4

non trivial sector 59n trivial sector 59 55

non trivial sector non trivial sector 61 1 5

non trivial sector 63n trivial sector 63 6

non trivial sector 62n trivial sector 62 55

non trivial sector 76n trivial sector 76 3

non trivial sector 73n trivial sector 73 33

non trivial sector 75n trivial sector 75 44
non trivial sector 74n trivial sector 74 33

non trivial sector 79n trivial sector 79 55

non trivial sector 77 7 4

non trivial sector 78n trivial sector 78 44

non trivial sector 85n trivial sector 85 44

non trivial sector non trivial sector 87 7 5

non trivial sector 90n trivial sector 90 44
non trivial sector 91n trivial sector 91 55

non trivial sector 94 4 5

non trivial sector 92n trivial sector 92 44
non trivial sector 89n trivial sector 89 44
non trivial sector 95n trivial sector 95 66

non trivial sector 93 3 5

non trivial sector 108 trivial sector 108 44
non trivial sector 105 trivial sector 105 4

non trivial sector 106 trivial sector 106 44

non trivial sector 107 trivial sector 107 5

non trivial sector 110 trivial sector 110 5

non trivial sector 109 trivial sector 109 5
non trivial sector 122 trivial sector 122 5

non trivial sector 111 trivial sector 111 6

non trivial sector 124 trivial sector 124 55
non trivial sector 123 trivial sector 123 6

non trivial sector 121 trivial sector 121 5

non trivial sector 119119 66
non trivial sector 117 trivial sector 117 55
non trivial sector 125 trivial sector 125 66

non trivial sector non trivial sector 127 27 7

non trivial sector 133 trivial sector 133 33

non trivial sector 135 trivial sector 135 44

non trivial sector 126 trivial sector 126 66

non trivial sector 139 39 4

non trivial sector 137 trivial sector 137 33
non trivial sector 138 38 3

non trivial sector 140 trivial sector 140 33

non trivial sector 149 trivial sector 149 4

non trivial sector 141 trivial sector 141 44

non trivial sector 142 trivial sector 142 4

non trivial sector 143 trivial sector 143 55

non trivial sector 154 54 4

non trivial sector 151 trivial sector 151 55

non trivial sector 156 trivial sector 156 44

non trivial sector 153 trivial sector 153 4
non trivial sector 155 55 5
non trivial sector 157 trivial sector 157 55

non trivial sector 158 trivial sector 158 55

non trivial sector non trivial sector 159 6

non trivial sector 170 trivial sector 170 44

non trivial sector 167 trivial sector 167 5

non trivial sector 169 4

non trivial sector 165 trivial sector 165 44

non trivial sector 173 trivial sector 173 55

non trivial sector 171 trivial sector 171 55

non trivial sector 174 trivial sector 174 5

non trivial sector non trivial sector 175175 6

non trivial sector 172 trivial sector 172 4
non trivial sector 185 trivial sector 185 5

non trivial sector 181 trivial sector 181 5

non trivial sector 183 trivial sector 183 66
non trivial sector 187 trivial sector 187 66

non trivial sector 190 trivial sector 190 66

non trivial sector 188 trivial sector 188 5

non trivial sector 197 trivial sector 197 44

non trivial sector 189 trivial sector 189 6

non trivial sector 186 trivial sector 186 5

non trivial sector 201 4
non trivial sector 191 trivial sector 191 7

non trivial sector 203 trivial sector 203 55

non trivial sector non trivial sector 199199 55

non trivial sector 206 trivial sector 206 5

non trivial sector 205 05 5
non trivial sector 207 trivial sector 207 6

non trivial sector 202 trivial sector 202 4

non trivial sector 204 trivial sector 204 44

non trivial sector 213 trivial sector 213 55

non trivial sector 215 trivial sector 215 66

non trivial sector 220 trivial sector 220 5

non trivial sector 218 trivial sector 218 55

non trivial sector 223 trivial sector 223 7

non trivial sector 219 trivial sector 219 66
non trivial sector 217 trivial sector 217 5

non trivial sector 229 trivial sector 229 55
non trivial sector non trivial sector 221 21 6

non trivial sector 222 trivial sector 222 66

non trivial sector 233 trivial sector 233 5

non trivial sector 231 trivial sector 231 66
non trivial sector 234 trivial sector 234 55
non trivial sector 236 trivial sector 236 55

non trivial sector 235 trivial sector 235 66

non trivial sector 238 trivial sector 238  6

non trivial sector 237 trivial sector 237 66

non trivial sector 245 trivial sector 245 66

non trivial sector 239 trivial sector 239 77

non trivial sector 252 52 6
non trivial sector 249 trivial sector 249 6

non trivial sector 247 trivial sector 247  7
non trivial sector 251 trivial sector 251 77
non trivial sector 255 trivial sector 255 88
non trivial sector 254 54 7
non trivial sector non trivial sector 250250  6

non trivial sector 253 trivial sector 253 77
non trivial sector 270 trivial sector 270 44

non trivial sector 268 trivial sector 268 33

non trivial sector 271 trivial sector 271 5

non trivial sector 269 69 4

non trivial sector 277 trivial sector 277 44

non trivial sector 281 trivial sector 281 4

non trivial sector 282 trivial sector 282 44

non trivial sector 279 trivial sector 279 55
non trivial sector 284 trivial sector 284 44

non trivial sector non trivial sector 287 87 6

non trivial sector 285 55
non trivial sector 286 trivial sector 286 5

non trivial sector 283 trivial sector 283 55
non trivial sector 297 trivial sector 297 44

non trivial sector 293 trivial sector 293 44

non trivial sector 295 trivial sector 295 55

non trivial sector 298 trivial sector 298 44
non trivial sector non trivial sector 300 00 4

non trivial sector 302 trivial sector 302 55
non trivial sector 299 trivial sector 299 5

non trivial sector 301 trivial sector 301 5

non trivial sector non trivial sector 303 03 6

non trivial sector 309 trivial sector 309 55

non trivial sector 311 trivial sector 311 66

non trivial sector 316 trivial sector 316 5

non trivial sector non trivial sector 314 14 5

non trivial sector 313 trivial sector 313 55
non trivial sector 317 trivial sector 317 6

non trivial sector 315 trivial sector 315 66

non trivial sector 318 trivial sector 318 66
non trivial sector 319 trivial sector 319 7

non trivial sector 329 trivial sector 329 44

non trivial sector 327 trivial sector 327 55

non trivial sector 325 trivial sector 325 44
non trivial sector 330 30 4

non trivial sector 334 34 5

non trivial sector 335 trivial sector 335 66

non trivial sector 331331 55
non trivial sector 332 32 4
non trivial sector 341 41 5
non trivial sector 333 trivial sector 333 55

non trivial sector 346 trivial sector 346 55

non trivial sector 348 trivial sector 348 5

non trivial sector non trivial sector 343 43 6

non trivial sector 345 trivial sector 345 55
non trivial sector non trivial sector 351 51 7

non trivial sector non trivial sector 349 49 6

non trivial sector 350 trivial sector 350 6

non trivial sector non trivial sector 347 66
non trivial sector 357 trivial sector 357 5

non trivial sector 359 trivial sector 359 6

non trivial sector 365 65 6

non trivial sector 364 trivial sector 364 55

non trivial sector 362 trivial sector 362 55

non trivial sector 361 trivial sector 361 5

non trivial sector 366 trivial sector 366 66
non trivial sector 363 trivial sector 363 66

non trivial sector 367 67 7

non trivial sector 373 trivial sector 373 66

non trivial sector 377 trivial sector 377 66
non trivial sector non trivial sector 378 78 6

non trivial sector 380 trivial sector 380 6
non trivial sector 375 trivial sector 375 7

non trivial sector 379 trivial sector 379 7

non trivial sector 383 trivial sector 383 8

non trivial sector 381 trivial sector 381 77

non trivial sector 394 trivial sector 394 44

non trivial sector 396 trivial sector 396 44

non trivial sector 382 trivial sector 382 7
non trivial sector 393 trivial sector 393 44
non trivial sector 389 trivial sector 389 44
non trivial sector 391 trivial sector 391 5

non trivial sector 395 trivial sector 395 5

non trivial sector 397 trivial sector 397 55

non trivial sector non trivial sector 399 99 6

non trivial sector 398 trivial sector 398 55

non trivial sector 407 trivial sector 407 66

non trivial sector 411 trivial sector 411 66

non trivial sector 405 trivial sector 405 5

non trivial sector 409 trivial sector 409 5

non trivial sector 412 trivial sector 412 55

non trivial sector 413 13 6

non trivial sector non trivial sector 415 77

non trivial sector 414 trivial sector 414 66

non trivial sector non trivial sector 410410 5

non trivial sector non trivial sector 428 28 5

non trivial sector 421 trivial sector 421 5

non trivial sector 429 trivial sector 429 66
non trivial sector non trivial sector 427 27 6

non trivial sector 430 trivial sector 430 66
non trivial sector 423 trivial sector 423 6
non trivial sector 425 trivial sector 425 55
non trivial sector 426 trivial sector 426 55
non trivial sector non trivial sector 437 37 6

non trivial sector 431 trivial sector 431 77

non trivial sector 439 trivial sector 439 77

non trivial sector 443 trivial sector 443 77

non trivial sector non trivial sector 442442 66

non trivial sector 444 trivial sector 444 6

non trivial sector non trivial sector 441 6

non trivial sector 447 trivial sector 447 8
non trivial sector 445 trivial sector 445 7

non trivial sector 446 trivial sector 446 77

non trivial sector 458 trivial sector 458 55

non trivial sector 453 53 5

non trivial sector 457 trivial sector 457 5

non trivial sector 455 trivial sector 455 66

non trivial sector 459 trivial sector 459 66
non trivial sector 460 trivial sector 460 55
non trivial sector 463 trivial sector 463 77

non trivial sector 462 trivial sector 462  6

non trivial sector 461 trivial sector 461 6

non trivial sector 469 trivial sector 469 66

non trivial sector 473 trivial sector 473 66
non trivial sector 474 trivial sector 474 66

non trivial sector 476 trivial sector 476  6
non trivial sector 471 trivial sector 471 7

non trivial sector 479 trivial sector 479 88
nnon trivial sector 475475 7

non trivial sector non trivial sector 478 7

non trivial sector 477 trivial sector 477 77
non trivial sector 485 trivial sector 485 66

non trivial sector 489 trivial sector 489 66

non trivial sector 490 trivial sector 490 66

non trivial sector non trivial sector 487 87 7

non trivial sector non trivial sector 492 92 6

non trivial sector 494 trivial sector 494 77
non trivial sector non trivial sector 493 93 7
non trivial sector 491 trivial sector 491 77

non trivial sector 501 trivial sector 501 7

non trivial sector 495 95 8

non trivial sector 503 trivial sector 503 88
non trivial sector 505 trivial sector 505 77
non trivial sector 508 trivial sector 508 77

non trivial sector 506 trivial sector 506 7

non trivial sector 507 trivial sector 507 8

non trivial sector 509 trivial sector 509 8
non trivial sector non trivial sector 510 10 88
non trivial sector non trivial sector 511 11 9

non trivial sector 537 trivial sector 537  4

non trivial sector 539 trivial sector 539 55

non trivial sector 536 36 3

non trivial sector 538 trivial sector 538 44

non trivial sector 541 trivial sector 541 5
non trivial sector 540 trivial sector 540 4

non trivial sector 542 42 5

non trivial sector 543 trivial sector 543 6
non trivial sector 552 trivial sector 552 3

non trivial sector 555 trivial sector 555 5
non trivial sector 553 trivial sector 553 44
non trivial sector 559 trivial sector 559 6

non trivial sector 556 trivial sector 556 44

non trivial sector 557 trivial sector 557 55

non trivial sector 554 trivial sector 554 4

non trivial sector 568 trivial sector 568 44
non trivial sector 558 trivial sector 558 55

non trivial sector 572 trivial sector 572 5

non trivial sector non trivial sector 570 70 5

non trivial sector 571 trivial sector 571  6

non trivial sector 569 trivial sector 569 55

non trivial sector 573 trivial sector 573 6

non trivial sector non trivial sector 574 74 6

non trivial sector 575 77
non trivial sector 585 trivial sector 585  4
non trivial sector 588 trivial sector 588 44

non trivial sector 586 44

non trivial sector 587 trivial sector 587 55

non trivial sector 594 trivial sector 594 44

non trivial sector 590 trivial sector 590 5

non trivial sector 598 trivial sector 598 5

non trivial sector 589 trivial sector 589 55
non trivial sector 599 trivial sector 599 6

non trivial sector 584 trivial sector 584 33

non trivial sector 595 trivial sector 595 5

non trivial sector non trivial sector 591 66

non trivial sector 596 trivial sector 596 4

non trivial sector 602 trivial sector 602 55
non trivial sector 597 trivial sector 597 55

non trivial sector 604 trivial sector 604 55

non trivial sector 601 trivial sector 601 55

non trivial sector 603 trivial sector 603 6

non trivial sector 600 trivial sector 600  4
non trivial sector 606 trivial sector 606 6

non trivial sector 607 trivial sector 607 77

non trivial sector 605 trivial sector 605 66

non trivial sector 616 trivial sector 616 4

non trivial sector 617 trivial sector 617 55

non trivial sector 618 trivial sector 618 55
nnon trivial sector 620620 55

non trivial sector 626 trivial sector 626 5

non trivial sector non trivial sector 622 22 6

non trivial sector 628 trivial sector 628 55

non trivial sector 623 trivial sector 623 7

non trivial sector 629 trivial sector 629 66

non trivial sector 619 trivial sector 619 66
non trivial sector 621 66

non trivial sector 627 trivial sector 627 66

non trivial sector 631 trivial sector 631 7

non trivial sector 632 trivial sector 632 5

non trivial sector 633 trivial sector 633 6

non trivial sector 635 trivial sector 635 77

non trivial sector 638 trivial sector 638 77
non trivial sector 630 trivial sector 630 66

non trivial sector 634 trivial sector 634 6

non trivial sector 636 36 6

non trivial sector 643 trivial sector 643 4

non trivial sector 637 77

non trivial sector 642 trivial sector 642 33

non trivial sector non trivial sector 639 88
non trivial sector 644 33
non trivial sector 646 trivial sector 646 44

non trivial sector non trivial sector 647 47 5

non trivial sector 649 trivial sector 649 44
non trivial sector 648 trivial sector 648 3
nnon trivial sector 645 44

non trivial sector non trivial sector 652 52 4

non trivial sector 651 trivial sector 651 5

non trivial sector 650 trivial sector 650 44

non trivial sector 654 trivial sector 654 55

non trivial sector 659 trivial sector 659 55

non trivial sector 655 trivial sector 655 6

non trivial sector 660 trivial sector 660 44
non trivial sector non trivial sector 653 55
non trivial sector 658 58 4

non trivial sector 664 trivial sector 664 4

non trivial sector 662 trivial sector 662 5

non trivial sector 661 trivial sector 661 55
non trivial sector 663 66
non trivial sector 667 trivial sector 667 66
non trivial sector 666 trivial sector 666 55
non trivial sector 665 trivial sector 665 55
non trivial sector 668 trivial sector 668 55

non trivial sector 674 trivial sector 674 44

non trivial sector 669 trivial sector 669 66

non trivial sector 670 trivial sector 670 66

non trivial sector 676 trivial sector 676 44
non trivial sector 671 71 7

non trivial sector 677 trivial sector 677 55

non trivial sector 680 trivial sector 680 44

non trivial sector 683 66
non trivial sector 675 trivial sector 675 5

non trivial sector 682 trivial sector 682 5

non trivial sector 679 trivial sector 679 66

non trivial sector 684 trivial sector 684 55
non trivial sector 678 trivial sector 678 5

non trivial sector 685 trivial sector 685 6

non trivial sector 690 trivial sector 690 55

non trivial sector 686 trivial sector 686 66

non trivial sector 681 trivial sector 681 5

non trivial sector 694 trivial sector 694 66
non trivial sector 691 trivial sector 691 66

non trivial sector 693 trivial sector 693 66

non trivial sector 687 trivial sector 687 77

non trivial sector 696 trivial sector 696 55
nnon trivial sector 692 5
non trivial sector 697 97 6

non trivial sector 695 trivial sector 695 77

non trivial sector 698 trivial sector 698  6

non trivial sector 706 trivial sector 706 44

non trivial sector 699 trivial sector 699 77

non trivial sector 702 trivial sector 702 7

non trivial sector 703 trivial sector 703 88

non trivial sector 708 trivial sector 708 44
non trivial sector 707 trivial sector 707 55

non trivial sector 711 trivial sector 711 66

non trivial sector non trivial sector 701 7

non trivial sector 713 trivial sector 713 55

non trivial sector 715 trivial sector 715 6

non trivial sector 709 trivial sector 709 55

non trivial sector 700 trivial sector 700 66
non trivial sector 714 trivial sector 714 55

non trivial sector 710 trivial sector 710 55

non trivial sector 712 trivial sector 712 44

non trivial sector 718 trivial sector 718 6

non trivial sector 716 trivial sector 716 55
non trivial sector 723 trivial sector 723 66
nnon trivial sector 724 24 5

non trivial sector 719 19 7

non trivial sector 717 17 trivial sector  6

non trivial sector 728 5

non trivial sector 725 trivial sector 725 6

non trivial sector 727 trivial sector 727 7

non trivial sector 730 trivial sector 730 6

non trivial sector 729 29 6

non trivial sector 731 trivial sector 731 77
non trivial sector 726 26 6

non trivial sector 733 trivial sector 733 77
non trivial sector 722 22 55
non trivial sector 732 trivial sector 732 66

non trivial sector 740 trivial sector 740 55
non trivial sector 735 trivial sector 735 88

non trivial sector 739 trivial sector 739 6

non trivial sector 734 trivial sector 734 77
non trivial sector 744 trivial sector 744 55

non trivial sector 743 77

non trivial sector 745 trivial sector 745 66

non trivial sector 738 trivial sector 738 5
non trivial sector 741 trivial sector 741 66

non trivial sector 748 trivial sector 748 66
non trivial sector 746 trivial sector 746 66

non trivial sector 742 trivial sector 742 66
non trivial sector 747 trivial sector 747 77

non trivial sector non trivial sector 749 49 7

non trivial sector 750 trivial sector 750 77

non trivial sector 751 trivial sector 751 8

non trivial sector 757 trivial sector 757 77
non trivial sector 754 66

non trivial sector 756 trivial sector 756 6

non trivial sector 755 77

non trivial sector 758 trivial sector 758 77

non trivial sector 759 trivial sector 759  8
non trivial sector 760 trivial sector 760 66

non trivial sector 762 trivial sector 762 77
non trivial sector 764 trivial sector 764 77

non trivial sector 761 trivial sector 761 7
nnon trivial sector 763 63 8
non trivial sector 765 trivial sector 765 8

non trivial sector 766 trivial sector 766 88

non trivial sector 779 trivial sector 779 55

non trivial sector 767 trivial sector 767 99

non trivial sector 778 trivial sector 778 44

non trivial sector 780 trivial sector 780 4

non trivial sector 783 trivial sector 783 6

non trivial sector 782 trivial sector 782 55
non trivial sector 788 trivial sector 788 4
non trivial sector non trivial sector 787 55
non trivial sector 781 trivial sector 781 5

non trivial sector 791 trivial sector 791 66

non trivial sector 786 86 4

non trivial sector non trivial sector 792 4924

non trivial sector 789 trivial sector 789 55
non trivial sector 793 trivial sector 793 55

non trivial sector 796 trivial sector 796 55
non trivial sector 797 trivial sector 797 6

non trivial sector 794 trivial sector 794 55

non trivial sector 790 trivial sector 790 55
non trivial sector 799 trivial sector 799 77
non trivial sector 798 trivial sector 798 6

non trivial sector 795 trivial sector 795 6

non trivial sector 802 trivial sector 802 44

non trivial sector 808 trivial sector 808 44
non trivial sector 804 trivial sector 804 44
non trivial sector 811 trivial sector 811 6

non trivial sector 807 07 6

non trivial sector 809 5
non trivial sector non trivial sector 805 05 5

non trivial sector 803 trivial sector 803 5

non trivial sector 810 10 5

non trivial sector 813 trivial sector 813 66
non trivial sector 814 trivial sector 814 66

non trivial sector 815 trivial sector 815 77

non trivial sector 812 12 5

non trivial sector 822 trivial sector 822 66

non trivial sector 821 trivial sector 821 6

non trivial sector 818 18 5

non trivial sector 820 trivial sector 820 5

non trivial sector non trivial sector 806 06 5

non trivial sector 824 trivial sector 824 55
non trivial sector 825 trivial sector 825 66
non trivial sector 823  7
non trivial sector 819 19 6

non trivial sector 826 26 6

non trivial sector 827 trivial sector 827 77

non trivial sector 828 trivial sector 828 66
non trivial sector 830 trivial sector 830 7
non trivial sector 834 trivial sector 834 44

non trivial sector 829 trivial sector 829 7

non trivial sector 838 5

non trivial sector 831 trivial sector 831 8

non trivial sector 837 trivial sector 837 55
non trivial sector 835 35 5

non trivial sector non trivial sector 836 4

non trivial sector 846 trivial sector 846 6

non trivial sector 840 trivial sector 840 44

non trivial sector 844 trivial sector 844 55

non trivial sector 841 41 5

non trivial sector 839 trivial sector 839 66

non trivial sector 845 trivial sector 845 66

non trivial sector 842 trivial sector 842  5

non trivial sector 843 trivial sector 843 66

non trivial sector 850 trivial sector 850 55
non trivial sector 851 51 6

non trivial sector 853 trivial sector 853 6
non trivial sector 847 trivial sector 847 77
non trivial sector 857 trivial sector 857 6

non trivial sector 852 trivial sector 852 55
nnon trivial sector 859 59 7

non trivial sector 854 trivial sector 854 6

non trivial sector 855 77

non trivial sector 858 trivial sector 858 6
non trivial sector 856 56 5

non trivial sector 862 trivial sector 862  7
non trivial sector 866 66 5

non trivial sector 860 trivial sector 860 66
non trivial sector 863 trivial sector 863 88

non trivial sector 868 trivial sector 868 55

non trivial sector 871 trivial sector 871 77

non trivial sector 870 trivial sector 870 66
nnon trivial sector 872 72 5
non trivial sector non trivial sector 861 61 77

non trivial sector 867 trivial sector 867 6

non trivial sector 876 trivial sector 876 66

non trivial sector 869 trivial sector 869 66

non trivial sector 874 trivial sector 874 6

non trivial sector 875 trivial sector 875 7

non trivial sector 873 trivial sector 873 66
non trivial sector 883 trivial sector 883 77
non trivial sector 877 77 77
non trivial sector 884 trivial sector 884 66

non trivial sector 882 trivial sector 882 66
non trivial sector 879 trivial sector 879 8

non trivial sector 885 trivial sector 885 77

non trivial sector 887 trivial sector 887 88

non trivial sector 888 trivial sector 888 66

non trivial sector 886 86 7

non trivial sector non trivial sector 889 89 7
non trivial sector 891 trivial sector 891 88
non trivial sector 892 trivial sector 892 77

non trivial sector 890 trivial sector 890 77

non trivial sector 893 trivial sector 893 88

non trivial sector non trivial sector 878 78 7
non trivial sector 898 trivial sector 898 44

non trivial sector 894 trivial sector 894 88
non trivial sector 900 trivial sector 900 4

non trivial sector 902 trivial sector 902 55

non trivial sector 905 trivial sector 905 55

non trivial sector 899 99 5

non trivial sector 895 trivial sector 895 99

non trivial sector 901 trivial sector 901 5

non trivial sector 907 trivial sector 907 6

non trivial sector non trivial sector 903 6

non trivial sector 908 trivial sector 908 55
non trivial sector 904 trivial sector 904 44

non trivial sector 906 trivial sector 906 55

non trivial sector 914 trivial sector 914 5
non trivial sector 916 trivial sector 916 5

non trivial sector 909 trivial sector 909 66
non trivial sector 911 trivial sector 911 77
nnon trivial sector 917 66

non trivial sector 915 trivial sector 915 66

non trivial sector 910 10 6

non trivial sector 919 trivial sector 919 77

non trivial sector 920 trivial sector 920 5
non trivial sector 918 trivial sector 918  6

non trivial sector 925 trivial sector 925 77
non trivial sector 922 trivial sector 922 66

non trivial sector non trivial sector 921 21 6

non trivial sector non trivial sector 923 77

non trivial sector 930 30 5
non trivial sector 927 trivial sector 927 8

non trivial sector 924 trivial sector 924 66

non trivial sector 926 trivial sector 926 7

non trivial sector 936 trivial sector 936 55
non trivial sector 935 trivial sector 935 77

non trivial sector 933 6

non trivial sector non trivial sector 934 34 6

non trivial sector 931 31 6

non trivial sector 939 trivial sector 939 77

non trivial sector 940 trivial sector 940 66

non trivial sector 938 6

non trivial sector 932 trivial sector 932 55

non trivial sector 943 trivial sector 943 88

non trivial sector 937 trivial sector 937 66

non trivial sector 948 48 trivial sector  6
non trivial sector 942 trivial sector 942 77

non trivial sector 946 trivial sector 946 6

non trivial sector non trivial sector 941 41 7

non trivial sector 949 trivial sector 949 77

non trivial sector 947 trivial sector 947 7

non trivial sector 954 7

non trivial sector non trivial sector 953 53 7
non trivial sector 950 trivial sector 950 77

non trivial sector 955 trivial sector 955 8

non trivial sector 956 trivial sector 956 7

non trivial sector 952 trivial sector 952 6

non trivial sector 958 trivial sector 958 8

non trivial sector 951 trivial sector 951 88

non trivial sector 962 trivial sector 962  5

non trivial sector 963 trivial sector 963 66
non trivial sector 959 trivial sector 959 99
non trivial sector 964 trivial sector 964 55

non trivial sector 965 trivial sector 965 6

non trivial sector 957 trivial sector 957 88
non trivial sector 968 trivial sector 968 5

non trivial sector 967 trivial sector 967 7

non trivial sector 969 trivial sector 969 66

non trivial sector 972 6

non trivial sector 966 trivial sector 966 66
non trivial sector 974 trivial sector 974 7

non trivial sector 971 71 7

non trivial sector 973 trivial sector 973 77
non trivial sector 975 trivial sector 975 8

non trivial sector 970 trivial sector 970 66
non trivial sector 978 trivial sector 978 66
non trivial sector non trivial sector 980 6

non trivial sector 982 trivial sector 982 77

non trivial sector 985 trivial sector 985 77

non trivial sector 979979 7

non trivial sector 983 trivial sector 983 88

non trivial sector 986 trivial sector 986 77

non trivial sector 984 trivial sector 984 6

non trivial sector 989 trivial sector 989 8

non trivial sector 981 trivial sector 981 77

non trivial sector 990 88

non trivial sector 994 94 6

non trivial sector non trivial sector 991 91 9

non trivial sector non trivial sector 988 88 7

non trivial sector 987 trivial sector 987 88

non trivial sector 998 98 7

non trivial sector non trivial sector 995 7

non trivial sector 996 trivial sector 996 6

non trivial sector 1001trivial sector 1001 77

non trivial sector 1000trivial sector 1000 66

non trivial sector 997 trivial sector 997 7

non trivial sector 1002trivial sector 1002 77

non trivial sector 1003trivial sector 1003 8
non trivial sector 999 trivial sector 999 88

non trivial sector 1006trivial sector 1006 88

non trivial sector 1004trivial sector 1004 7

non trivial sector 1005trivial sector 1005 8

non trivial sector 1010trivial sector 1010 77
non trivial sector 10131013 8

non trivial sector 1012trivial sector 1012 7

non trivial sector 1011trivial sector 1011  8

non trivial sector 1007trivial sector 1007 9

non trivial sector 1015trivial sector 1015 99

non trivial sector 1016 016 7

non trivial sector 1018trivial sector 1018 8

non trivial sector 1020 020 8

non trivial sector 1014 8

non trivial sector 1017trivial sector 1017 8
non trivial sector 1022trivial sector 1022 9

non trivial sector 1021 021 9

non trivial sector non trivial sector 1019 019 9

non trivial sector 1023trivial sector 1023 10
0
non trivial sector 1052trivial sector 1052 44

non trivial sector 1053trivial sector 1053 55

non trivial sector 1049trivial sector 1049 44

non trivial sector 1051trivial sector 1051  5

non trivial sector 1050trivial sector 1050 44

non trivial sector 1054trivial sector 1054 55

non trivial sector 1055trivial sector 1055 66
non trivial sector 1048trivial sector 1048 3
non trivial sector non trivial sector 1064 33
non trivial sector 1068trivial sector 1068 4
non trivial sector 1067trivial sector 1067 55
non trivial sector 1065trivial sector 1065 4

non trivial sector 1066trivial sector 1066 44

non trivial sector non trivial sector 1069 069 5

non trivial sector non trivial sector 1070 55
non trivial sector 1071trivial sector 1071 66

non trivial sector 1080 080 4

non trivial sector 1082trivial sector 1082 5

non trivial sector 1081trivial sector 1081 55

non trivial sector non trivial sector 1083  6

non trivial sector 1084trivial sector 1084 55
non trivial sector 1086trivial sector 1086 66

non trivial sector 1085trivial sector 1085 6
non trivial sector 1096trivial sector 1096 3

non trivial sector 1098trivial sector 1098 44

non trivial sector 1087trivial sector 1087 77
non trivial sector 1097trivial sector 1097 44

non trivial sector non trivial sector 1099 55
non trivial sector 1106trivial sector 1106 44
non trivial sector 1101trivial sector 1101 55

non trivial sector 1103trivial sector 1103 66

non trivial sector 1100trivial sector 1100  4
non trivial sector 1102trivial sector 1102 55

non trivial sector non trivial sector 11071107 55
non trivial sector 1112trivial sector 1112 4
non trivial sector 1111trivial sector 1111 66
non trivial sector non trivial sector 1108 108 4

non trivial sector 1110trivial sector 1110 5

non trivial sector 1109trivial sector 1109 55

non trivial sector 1115 66

non trivial sector 1118trivial sector 1118 66
non trivial sector 1113trivial sector 1113 5

non trivial sector 1116trivial sector 1116 5

non trivial sector 1114trivial sector 1114  5

non trivial sector 1119trivial sector 1119 7
non trivial sector 1117trivial sector 1117 6

non trivial sector 1130trivial sector 1130 55

non trivial sector 1129trivial sector 1129 5

non trivial sector 1133 133trivial sector  6

non trivial sector 1128trivial sector 1128 44

non trivial sector 1132trivial sector 1132 55

non trivial sector 1135trivial sector 1135 77

non trivial sector 1134trivial sector 1134 66

non trivial sector 1139trivial sector 1139 66

non trivial sector 1131trivial sector 1131 6

non trivial sector 1138trivial sector 1138 55

non trivial sector 1145 145 6
non trivial sector 1143 143 7

non trivial sector 11421142 66
non trivial sector non trivial sector 1141 141 6

non trivial sector 1140trivial sector 1140 55
non trivial sector 1147trivial sector 1147 7

non trivial sector 1144 144 5

non trivial sector 1148trivial sector 1148 6
non trivial sector 1151trivial sector 1151 8

non trivial sector non trivial sector 1146 146 6

non trivial sector non trivial sector 1150 150 7

non trivial sector 1149trivial sector 1149 77
non trivial sector 1154trivial sector 1154 33
non trivial sector 1155trivial sector 1155 44
non trivial sector 1160trivial sector 1160 3

non trivial sector 1159 55
non trivial sector 1162trivial sector 1162 44

non trivial sector 1156 156 33

non trivial sector 1163trivial sector 1163 55

non trivial sector 1158 158 4

non trivial sector non trivial sector 1157 44

non trivial sector 1161 161 4

non trivial sector 1164trivial sector 1164 44
non trivial sector 1166trivial sector 1166  5

non trivial sector 1170trivial sector 1170 4

non trivial sector 1165trivial sector 1165 55
non trivial sector 1173trivial sector 1173 5

non trivial sector 1171 171 5

non trivial sector 1167 167 6
non trivial sector 1174trivial sector 1174 55

non trivial sector 1176trivial sector 1176 44

non trivial sector 1172trivial sector 1172 44
non trivial sector 1180trivial sector 1180 55

non trivial sector 1177 177 5

non trivial sector 1175trivial sector 1175 66
non trivial sector 1178trivial sector 1178 55
non trivial sector 1188trivial sector 1188 44
non trivial sector non trivial sector 1182 182 6

non trivial sector 1183 183 7

non trivial sector 1187trivial sector 1187 55
non trivial sector 1191trivial sector 1191 66

non trivial sector 1179trivial sector 1179 66

non trivial sector 1181 181 6

non trivial sector 1186 186 4

non trivial sector 1192trivial sector 1192 44

non trivial sector non trivial sector 1193 193 5

non trivial sector 1189trivial sector 1189 5

non trivial sector 1195trivial sector 1195 6

non trivial sector 1197  6
non trivial sector 1190 190 5

non trivial sector non trivial sector 1194 194 5

non trivial sector 1196trivial sector 1196 55

non trivial sector 1198 6

non trivial sector 1199trivial sector 1199 77

non trivial sector 1203trivial sector 1203 66

non trivial sector 1205 205 6

non trivial sector 1208trivial sector 1208 55

non trivial sector non trivial sector 1204 204 5

non trivial sector non trivial sector 1206 66

non trivial sector non trivial sector 1202 202 5
non trivial sector non trivial sector 1207 207 7

non trivial sector 1209trivial sector 1209 66
non trivial sector 1212trivial sector 1212 6

non trivial sector non trivial sector 1213 213 7

non trivial sector 1214trivial sector 1214 77

non trivial sector 1210trivial sector 1210 66
non trivial sector 1211trivial sector 1211 77

non trivial sector 1218 218 4

non trivial sector 1215trivial sector 1215 8

non trivial sector 1220trivial sector 1220 4

non trivial sector 1222trivial sector 1222 55
nnon trivial sector 1219 219 5

non trivial sector 1221trivial sector 1221 5

non trivial sector 1226trivial sector 1226 5

non trivial sector 1225trivial sector 1225 5

non trivial sector 1223trivial sector 1223 6

non trivial sector non trivial sector 1228 5

non trivial sector 1234trivial sector 1234 55

non trivial sector 1224trivial sector 1224 44

non trivial sector 1227trivial sector 1227 66

non trivial sector 1229trivial sector 1229 66

non trivial sector 1235 66

non trivial sector 1230trivial sector 1230 66

non trivial sector 1240trivial sector 1240 55
non trivial sector 1238trivial sector 1238 66

non trivial sector 1231trivial sector 1231 77

non trivial sector 1241 241 6

non trivial sector 1239trivial sector 1239 7
non trivial sector 1244trivial sector 1244 66

non trivial sector 1237trivial sector 1237 6

non trivial sector 1236trivial sector 1236 55

non trivial sector 1243 243 7

non trivial sector 1242trivial sector 1242 6

non trivial sector 1245trivial sector 1245 7

non trivial sector 1246trivial sector 1246 7

non trivial sector 1250trivial sector 1250 5
non trivial sector 1251trivial sector 1251 66

non trivial sector 1254trivial sector 1254 66

non trivial sector non trivial sector 1256 256 5

non trivial sector 1257trivial sector 1257 6

non trivial sector 1252trivial sector 1252 55

non trivial sector non trivial sector 1253 253 6

non trivial sector 1247trivial sector 1247 88
non trivial sector 1258trivial sector 1258 66
non trivial sector 1255trivial sector 1255 7

non trivial sector non trivial sector 1261 7

non trivial sector 1262trivial sector 1262 77
non trivial sector non trivial sector 12631263 8
non trivial sector 1260trivial sector 1260 66
non trivial sector non trivial sector 1268 268 6

non trivial sector 1259trivial sector 1259 77

non trivial sector 1267trivial sector 1267 77

non trivial sector 1270 77

non trivial sector 1272trivial sector 1272 66

non trivial sector 1266trivial sector 1266 6

non trivial sector 1269trivial sector 1269 7

non trivial sector 1271trivial sector 1271 88
non trivial sector 1277trivial sector 1277 88

non trivial sector 1274trivial sector 1274 7

non trivial sector 1278trivial sector 1278 8

non trivial sector 1276trivial sector 1276 77
non trivial sector 1279trivial sector 1279 99

non trivial sector 1273trivial sector 1273 77

non trivial sector 1290trivial sector 1290 44

non trivial sector 1275 88
non trivial sector 1292trivial sector 1292 44

non trivial sector 1291trivial sector 1291 55

non trivial sector 1299trivial sector 1299 55

non trivial sector 1293trivial sector 1293 55

non trivial sector 1298trivial sector 1298 44

non trivial sector 1300trivial sector 1300 44

non trivial sector 1294trivial sector 1294 5

non trivial sector 1295 66
non trivial sector 1304 304 4
non trivial sector 1301trivial sector 1301 5

non trivial sector non trivial sector 1310 66
nnon trivial sector 1303 66
non trivial sector 1302trivial sector 1302 5
non trivial sector non trivial sector 1308 308 5

non trivial sector 1309trivial sector 1309 66

non trivial sector 1307trivial sector 1307 66

non trivial sector 1306trivial sector 1306 55

non trivial sector 1305trivial sector 1305 55

non trivial sector 1315trivial sector 1315 55

non trivial sector 1314 314 4

non trivial sector 1317 317 5

non trivial sector 1318trivial sector 1318 55

non trivial sector 1311trivial sector 1311 77
non trivial sector 1320trivial sector 1320 4
non trivial sector 1321trivial sector 1321 55

non trivial sector 1324trivial sector 1324 55

non trivial sector 1322trivial sector 1322 55

non trivial sector 1319 66
non trivial sector 1323trivial sector 1323 66

non trivial sector 1316trivial sector 1316 4

non trivial sector 1326trivial sector 1326 66
nnon trivial sector 1325 325 6

non trivial sector 1330trivial sector 1330 55

non trivial sector 1331 331 66
non trivial sector 1327trivial sector 1327 77

non trivial sector 1332 332 5

non trivial sector 1333trivial sector 1333 66
non trivial sector 1334trivial sector 1334 66

non trivial sector 1337trivial sector 1337 66

non trivial sector 1336trivial sector 1336 55

non trivial sector 1338trivial sector 1338 6
non trivial sector 1339 77
non trivial sector 1341trivial sector 1341 77

non trivial sector 1335trivial sector 1335 77
non trivial sector 1340trivial sector 1340  6

non trivial sector 1346trivial sector 1346 44

non trivial sector 1342trivial sector 1342 77
non trivial sector 1349 349 5

non trivial sector 1343trivial sector 1343 88
non trivial sector 1347trivial sector 1347 55
non trivial sector 1353trivial sector 1353 55

non trivial sector 1348trivial sector 1348 44

non trivial sector 1356 5
non trivial sector 1352 44
non trivial sector 1350trivial sector 1350 55

non trivial sector 1355trivial sector 1355 66

non trivial sector 1354trivial sector 1354 55

non trivial sector 1351 351 6

non trivial sector 1357trivial sector 1357 66

non trivial sector 1358trivial sector 1358 66

non trivial sector 1366trivial sector 1366 66

non trivial sector 1359trivial sector 1359 77

non trivial sector 1364trivial sector 1364 55
non trivial sector 1363trivial sector 1363 66

non trivial sector 1368 55

non trivial sector 1367trivial sector 1367 77

non trivial sector 1370trivial sector 1370 66

non trivial sector 1365trivial sector 1365 66
non trivial sector 1362trivial sector 1362 55
non trivial sector 1371trivial sector 1371 77

non trivial sector 1372 372 6

non trivial sector 1373trivial sector 1373 7

non trivial sector 1374trivial sector 1374 7
non trivial sector non trivial sector 1369 66

non trivial sector 1375trivial sector 1375 88

non trivial sector 1379trivial sector 1379 66

non trivial sector 1382 382 6

non trivial sector 1378trivial sector 1378 5
non trivial sector non trivial sector 1383 7
non trivial sector 1385trivial sector 1385 66

non trivial sector 1380 380 5

non trivial sector 1384trivial sector 1384 55
non trivial sector 1386trivial sector 1386 6
non trivial sector 1387trivial sector 1387 77

non trivial sector 1388 388 6

non trivial sector 1381trivial sector 1381 66

non trivial sector 1389 7
non trivial sector 1391 391 8

non trivial sector 1396trivial sector 1396 6

non trivial sector 1400trivial sector 1400 66

non trivial sector 1394trivial sector 1394 66

non trivial sector 1395 395 7
non trivial sector 1390trivial sector 1390 7

non trivial sector 1401trivial sector 1401 77

non trivial sector 1398 398 7

non trivial sector 1403trivial sector 1403 88
non trivial sector 1404trivial sector 1404 77

non trivial sector 1399 399 8

non trivial sector non trivial sector 1397 397 7
nnon trivial sector 14101410 4

non trivial sector 1406trivial sector 1406 8

non trivial sector 1407trivial sector 1407 99

non trivial sector 1402trivial sector 1402 7

non trivial sector 1416trivial sector 1416 4

non trivial sector 1405trivial sector 1405  8
non trivial sector 1412trivial sector 1412  4

non trivial sector 1413 5

non trivial sector 1418trivial sector 1418 55

non trivial sector 1417trivial sector 1417 5

non trivial sector 1414 414 5
non trivial sector non trivial sector 1415 66
non trivial sector 1411trivial sector 1411 55

non trivial sector 1419trivial sector 1419 66

non trivial sector 1422trivial sector 1422 66

non trivial sector 1426 55

non trivial sector 1420trivial sector 1420 5

non trivial sector 1429trivial sector 1429 6

non trivial sector 1423trivial sector 1423 7
non trivial sector 1421trivial sector 1421 66

non trivial sector 1431trivial sector 1431 77

non trivial sector 1432 5

non trivial sector 1427trivial sector 1427 66

non trivial sector 1428trivial sector 1428 55

non trivial sector 1430trivial sector 1430 66

non trivial sector 1434 6

non trivial sector 1433trivial sector 1433 66

non trivial sector 1436trivial sector 1436 66

non trivial sector 1442trivial sector 1442 55

non trivial sector 1435 435 7

non trivial sector 1437trivial sector 1437 77

non trivial sector 1438trivial sector 1438 77

non trivial sector 1446 446 6

non trivial sector non trivial sector 1443 443 6

non trivial sector 1445 66
non trivial sector 1448trivial sector 1448 55

non trivial sector 1439trivial sector 1439 88

non trivial sector 1444 444 5

non trivial sector 1449trivial sector 1449 6

non trivial sector 1450trivial sector 1450 66

non trivial sector 1452trivial sector 1452 66

non trivial sector 1451trivial sector 1451 7
non trivial sector 1447 77
non trivial sector 1453trivial sector 1453 7

non trivial sector 1455trivial sector 1455 88

non trivial sector 1454trivial sector 1454 7

non trivial sector 1464 464 6

non trivial sector 1459 459 7

non trivial sector 1460trivial sector 1460 66

non trivial sector 1463 463 8
non trivial sector 1461 461 7

non trivial sector non trivial sector 1458 458 6

non trivial sector 1468trivial sector 1468 7

non trivial sector 1466trivial sector 1466 77
non trivial sector 1462trivial sector 1462 77
non trivial sector 1465trivial sector 1465 77
non trivial sector 1467trivial sector 1467 88

non trivial sector 1474 55

non trivial sector 1469trivial sector 1469 88

non trivial sector 1477 66

non trivial sector 1471trivial sector 1471  9

non trivial sector 1470 470 8

non trivial sector 1480trivial sector 1480 55

non trivial sector 1478trivial sector 1478 6

non trivial sector 1475trivial sector 1475 66
non trivial sector 1479trivial sector 1479 7

non trivial sector 1476 476 5

non trivial sector 1482trivial sector 1482 66

non trivial sector non trivial sector 1487 487 8

non trivial sector 1483trivial sector 1483 77

non trivial sector 1481trivial sector 1481 66

non trivial sector 1486trivial sector 1486 77
non trivial sector 1484trivial sector 1484 66

non trivial sector 1485trivial sector 1485 7

non trivial sector 1490trivial sector 1490 6

non trivial sector 1492trivial sector 1492 6

non trivial sector 1491trivial sector 1491 7
non trivial sector 1495trivial sector 1495 8

non trivial sector 1494trivial sector 1494 77
non trivial sector 1493trivial sector 1493 77

non trivial sector 1501trivial sector 1501 88

non trivial sector 1496 66
non trivial sector 1498 7

non trivial sector 1500 7

non trivial sector 1497trivial sector 1497 77

non trivial sector non trivial sector 1502 502 8

non trivial sector 1503trivial sector 1503 99

non trivial sector 1499trivial sector 1499  8

non trivial sector non trivial sector 1509 7

non trivial sector 1506trivial sector 1506 66

non trivial sector 1507trivial sector 1507 77

non trivial sector 1508trivial sector 1508  6
non trivial sector 1513trivial sector 1513 7
non trivial sector 1511trivial sector 1511 88

non trivial sector 1510trivial sector 1510 7

non trivial sector 1512trivial sector 1512 66
non trivial sector 1517trivial sector 1517 8

non trivial sector non trivial sector 1516  7

non trivial sector 1522trivial sector 1522 77

non trivial sector 1515trivial sector 1515 88

non trivial sector 1518trivial sector 1518 88

non trivial sector non trivial sector 1514 77
non trivial sector 1525trivial sector 1525 88

non trivial sector non trivial sector 1524 524 7

non trivial sector non trivial sector 1528 528 7

non trivial sector 1519trivial sector 1519 9
non trivial sector 1523trivial sector 1523 88
non trivial sector 1530 530 8

non trivial sector 1527 527 9

non trivial sector 1531trivial sector 1531 99
non trivial sector 1532 8

non trivial sector 1526trivial sector 1526 8
non trivial sector 1533 9

non trivial sector 1534trivial sector 1534 99

non trivial sector 1529trivial sector 1529 88

non trivial sector 1535trivial sector 1535 110

non trivial sector 1560trivial sector 1560 4

non trivial sector non trivial sector 1561 55

non trivial sector 1562 562 5

non trivial sector 1564trivial sector 1564 55
non trivial sector 1567trivial sector 1567 77
non trivial sector 1565trivial sector 1565 66

non trivial sector non trivial sector 1566 566 6

non trivial sector 1563trivial sector 1563 66

non trivial sector non trivial sector 1578 5

non trivial sector non trivial sector 1580 580 5

non trivial sector 1581 581 6
non trivial sector 1577trivial sector 1577 5
non trivial sector 1576trivial sector 1576 44
non trivial sector 1583trivial sector 1583 77
non trivial sector 1582trivial sector 1582 66

non trivial sector 1579trivial sector 1579 66

non trivial sector 1593trivial sector 1593 66

non trivial sector 1594trivial sector 1594 66
non trivial sector non trivial sector 1592 55
non trivial sector 1597trivial sector 1597  7

non trivial sector 1596trivial sector 1596 66

non trivial sector 1598trivial sector 1598 7

non trivial sector 1595trivial sector 1595 77
non trivial sector 1608trivial sector 1608 44

non trivial sector 1599 599 8

non trivial sector 1609trivial sector 1609 55
non trivial sector 1613trivial sector 1613 66

non trivial sector 1610trivial sector 1610 5
non trivial sector 1615trivial sector 1615 77

non trivial sector 1612trivial sector 1612 5

non trivial sector 1618trivial sector 1618 55

non trivial sector 1614trivial sector 1614 66
non trivial sector 1620trivial sector 1620 55

non trivial sector 16191619 66

non trivial sector 1611trivial sector 1611 6

non trivial sector 1616 44
non trivial sector 1621trivial sector 1621 6

non trivial sector 1622trivial sector 1622 66

non trivial sector 1617trivial sector 1617 5
non trivial sector 1628trivial sector 1628 66
non trivial sector 1627 627 7

non trivial sector 1623trivial sector 1623 77

non trivial sector 1624trivial sector 1624 5

non trivial sector 1625trivial sector 1625 66

non trivial sector 1629trivial sector 1629 7

non trivial sector 1631trivial sector 1631 8

non trivial sector non trivial sector 1630 7

non trivial sector 1626trivial sector 1626  6

non trivial sector 1642trivial sector 1642 66

non trivial sector 1643trivial sector 1643 77
non trivial sector 1640trivial sector 1640 55
non trivial sector 1646trivial sector 1646 7

non trivial sector 1648trivial sector 1648 55

non trivial sector 1649 66
non trivial sector 1650trivial sector 1650 66

non trivial sector 1647trivial sector 1647 8

non trivial sector 1651trivial sector 1651 7
non trivial sector 1645trivial sector 1645 77
non trivial sector 1654trivial sector 1654 77
non trivial sector 1641 641 6

non trivial sector 1652 652 6

non trivial sector 1644trivial sector 1644 6

non trivial sector 16561656 66

non trivial sector non trivial sector 1653 653 7

non trivial sector 1659trivial sector 1659 88

non trivial sector 1658 658 7

non trivial sector 1655trivial sector 1655 88

non trivial sector 1657trivial sector 1657 77
non trivial sector 1664trivial sector 1664 33

non trivial sector 1661trivial sector 1661 8

non trivial sector 1660trivial sector 1660 7

non trivial sector 1667trivial sector 1667 55

non trivial sector 1671trivial sector 1671 66

non trivial sector 1665trivial sector 1665 44

non trivial sector 1662trivial sector 1662 88

non trivial sector 1669trivial sector 1669 55

non trivial sector non trivial sector 16661666 4

non trivial sector 1672 44

non trivial sector 1668trivial sector 1668 4
non trivial sector 1675 675 6

non trivial sector non trivial sector 1670 670 5
non trivial sector 1663trivial sector 1663 99

non trivial sector 1680trivial sector 1680 44

non trivial sector 1673trivial sector 1673 55
non trivial sector 1678trivial sector 1678 6

non trivial sector 1677 66
non trivial sector 1681 681 5
non trivial sector 1683trivial sector 1683 66
non trivial sector 1684trivial sector 1684 55
non trivial sector 1682 55

non trivial sector 1674 674 5

non trivial sector 1679 77

non trivial sector 1676trivial sector 1676 5

non trivial sector 1685trivial sector 1685 66

non trivial sector 1686trivial sector 1686 66

non trivial sector 1687trivial sector 1687 7

non trivial sector 1692trivial sector 1692 66

non trivial sector 1689trivial sector 1689 6

non trivial sector 1688 688 5
non trivial sector 1696trivial sector 1696 44
nnon trivial sector 1691 691 7

non trivial sector 1690trivial sector 1690 66
non trivial sector non trivial sector 1694 694 7

non trivial sector 1693 76937

non trivial sector 1703trivial sector 1703 77
non trivial sector 1695trivial sector 1695 88

non trivial sector 1698trivial sector 1698 5

non trivial sector 1701trivial sector 1701 66
non trivial sector 1702trivial sector 1702 6

non trivial sector 1699 699 6

non trivial sector 1705trivial sector 1705 66

non trivial sector 16971697 55

non trivial sector 1704trivial sector 1704 55

non trivial sector 1708trivial sector 1708 66

non trivial sector 1709trivial sector 1709 77

non trivial sector 1700trivial sector 1700 5
non trivial sector non trivial sector 1707 77

non trivial sector 1706trivial sector 1706 6

non trivial sector 1711trivial sector 1711 88
non trivial sector 1713trivial sector 1713 66

non trivial sector 1715trivial sector 1715 7
non trivial sector 1710trivial sector 1710 77

non trivial sector 1712trivial sector 1712 5
non trivial sector 1714trivial sector 1714 66
non trivial sector 1717 7

non trivial sector 1718trivial sector 1718 7

non trivial sector 1720trivial sector 1720 6

non trivial sector non trivial sector 1719 719 8

non trivial sector 1722trivial sector 1722 7

non trivial sector 1721trivial sector 1721 7

non trivial sector 1716trivial sector 1716 6
non trivial sector 1724 724 7

non trivial sector 1725 725 8

non trivial sector 1726 726 8

non trivial sector 1730trivial sector 1730 5

non trivial sector 1729trivial sector 1729 5

non trivial sector 1731 731 6

non trivial sector 1728trivial sector 1728 44
non trivial sector 1727trivial sector 1727 99
non trivial sector 1736trivial sector 1736 55
non trivial sector 1732trivial sector 1732 55
non trivial sector 1735trivial sector 1735 77
non trivial sector 1733trivial sector 1733 66

non trivial sector 1734trivial sector 1734 66

non trivial sector non trivial sector 1737 6
non trivial sector 1738trivial sector 1738 66

non trivial sector 1723trivial sector 1723 8

non trivial sector 1741trivial sector 1741 7
non trivial sector 1742trivial sector 1742 77
non trivial sector 1744trivial sector 1744 55

non trivial sector 1739trivial sector 1739 77

non trivial sector 1745 745 6
non trivial sector 1740 740 6

non trivial sector 1746trivial sector 1746 6

non trivial sector 1743trivial sector 1743 88

non trivial sector 1747trivial sector 1747 77

non trivial sector 1749 749 7

non trivial sector 1750trivial sector 1750 7

non trivial sector 1748trivial sector 1748 66
non trivial sector 1752trivial sector 1752  6
non trivial sector non trivial sector 1756 756 7

non trivial sector 1753trivial sector 1753 77

non trivial sector 1755trivial sector 1755 88

non trivial sector 1751trivial sector 1751 88

non trivial sector 1754trivial sector 1754 77

non trivial sector 1757trivial sector 1757 88

non trivial sector 1761trivial sector 1761 6

non trivial sector 1759 9

non trivial sector 1760trivial sector 1760 55

non trivial sector 1764trivial sector 1764 6

non trivial sector 1765 765 7

non trivial sector 1766trivial sector 1766 77
nnon trivial sector 1768 66

non trivial sector 1762trivial sector 1762 6

non trivial sector 1763trivial sector 1763 77
non trivial sector non trivial sector 1769 769 7

non trivial sector 1770trivial sector 1770 77
non trivial sector 1767 88
non trivial sector 1758trivial sector 1758 8

non trivial sector 1771 88

non trivial sector 1773trivial sector 1773 8

non trivial sector 1776trivial sector 1776 66
non trivial sector 1777trivial sector 1777 77

non trivial sector 1775 775 9

non trivial sector 1774 774 8

non trivial sector non trivial sector 1778 778 7

non trivial sector 1780 77
non trivial sector 1772trivial sector 1772 77

non trivial sector 1779trivial sector 1779 88
non trivial sector 1781trivial sector 1781 88

non trivial sector 1784 7
non trivial sector 1782trivial sector 1782 8
non trivial sector 1788 788 8

non trivial sector non trivial sector 1785 785 8

non trivial sector 1783trivial sector 1783 99

non trivial sector 1790trivial sector 1790 99
non trivial sector 1786trivial sector 1786 8

non trivial sector 1789trivial sector 1789 9

non trivial sector 1787trivial sector 1787 99

non trivial sector 1791trivial sector 1791  10
non trivial sector 1800trivial sector 1800 44

non trivial sector 1801trivial sector 1801 55

non trivial sector non trivial sector 1804 804 5

non trivial sector 1809trivial sector 1809 5

non trivial sector 1806trivial sector 1806  6

non trivial sector 1807trivial sector 1807 77
non trivial sector 1805trivial sector 1805 66

non trivial sector 1802trivial sector 1802  5

non trivial sector 1813trivial sector 1813 66

non trivial sector 1814trivial sector 1814 66
nnon trivial sector 1815 815 7

non trivial sector 1803trivial sector 1803 66
non trivial sector 1816 5

non trivial sector 1820trivial sector 1820 66

non trivial sector 1808trivial sector 1808 44
non trivial sector 1811trivial sector 1811 6

non trivial sector 1817trivial sector 1817 66

non trivial sector 1810trivial sector 1810 55
non trivial sector 1818trivial sector 1818 6

non trivial sector 1821trivial sector 1821 7

non trivial sector 1812 812 5

non trivial sector 1823trivial sector 1823 88
non trivial sector 1819trivial sector 1819 77

non trivial sector 1822trivial sector 1822 77

non trivial sector 1827trivial sector 1827 66

non trivial sector 1828 58285
non trivial sector 1826trivial sector 1826 55

non trivial sector 1832trivial sector 1832 55

non trivial sector 1831trivial sector 1831 7

non trivial sector 1825trivial sector 1825 55
non trivial sector 1834trivial sector 1834 66

non trivial sector 1824trivial sector 1824 44
non trivial sector non trivial sector 1830 830 6

non trivial sector 1829trivial sector 1829  6

non trivial sector non trivial sector 18361836 66
non trivial sector 1833trivial sector 1833 6

non trivial sector 1840trivial sector 1840 55

non trivial sector 1841trivial sector 1841 6
non trivial sector 1837trivial sector 1837 77

non trivial sector 1838 838 7

non trivial sector 1835 835 7

non trivial sector 1842 66
non trivial sector 1843trivial sector 1843 77

non trivial sector 1844trivial sector 1844 6

non trivial sector 1846trivial sector 1846 77

non trivial sector 1839 839 8

non trivial sector 1849trivial sector 1849 77
non trivial sector 1847trivial sector 1847 8
non trivial sector 1845trivial sector 1845 7
non trivial sector 1848 848 6

non trivial sector 1854trivial sector 1854 8

non trivial sector non trivial sector 18571857 55
non trivial sector 1851trivial sector 1851 8

non trivial sector 1859trivial sector 1859 66

non trivial sector 1853trivial sector 1853 88

non trivial sector 1858trivial sector 1858 55

non trivial sector 1861trivial sector 1861 66
non trivial sector 1856trivial sector 1856  4

non trivial sector 1860trivial sector 1860 55

non trivial sector 1852trivial sector 1852 77

non trivial sector 1864trivial sector 1864 5

non trivial sector 1862trivial sector 1862 66

non trivial sector 1865trivial sector 1865 66
nnon trivial sector 1863 77

non trivial sector 1855trivial sector 1855 9

non trivial sector 1850 850 77

non trivial sector 1869trivial sector 1869 77

non trivial sector 1867trivial sector 1867 7

non trivial sector 1873trivial sector 1873 66

non trivial sector 1874trivial sector 1874 6
non trivial sector 1871trivial sector 1871 8
non trivial sector 1875trivial sector 1875 77

non trivial sector 1866trivial sector 1866 6

non trivial sector 1877trivial sector 1877 7
non trivial sector 1878 7

non trivial sector 1868 868 6

non trivial sector 1872 872 5

non trivial sector 1870trivial sector 1870 77

non trivial sector 1881trivial sector 1881 77

non trivial sector 1876trivial sector 1876 6
non trivial sector 1879trivial sector 1879 88

non trivial sector 1882 77
non trivial sector 1880trivial sector 1880  6

non trivial sector 1886trivial sector 1886 8

non trivial sector 1883trivial sector 1883 8

non trivial sector 1887trivial sector 1887 99

non trivial sector 1891trivial sector 1891 77

non trivial sector non trivial sector 1885 885 8

non trivial sector 1890 890 6
non trivial sector 1892trivial sector 1892 66
non trivial sector 1893trivial sector 1893 7

non trivial sector 1894trivial sector 1894 7
non trivial sector 1889trivial sector 1889 66

non trivial sector 1884trivial sector 1884 7

non trivial sector 1898trivial sector 1898 77

non trivial sector non trivial sector 18961896 66

non trivial sector 1888trivial sector 1888 55

non trivial sector 1900trivial sector 1900 7

non trivial sector 1897 897 7

non trivial sector 1899trivial sector 1899 88

non trivial sector 1895 895 8

non trivial sector 1903trivial sector 1903 99

non trivial sector 1905 905 7

non trivial sector 1906trivial sector 1906 77

non trivial sector 1904trivial sector 1904 6

non trivial sector 1910trivial sector 1910 88

non trivial sector 1909trivial sector 1909 8
non trivial sector non trivial sector 1902 902 8

non trivial sector 1908trivial sector 1908 77

non trivial sector 1911trivial sector 1911 99

non trivial sector 1901trivial sector 1901 88

non trivial sector 1907trivial sector 1907 88
non trivial sector 1916 916 8

non trivial sector 1913trivial sector 1913 88

non trivial sector 1921trivial sector 1921 5

non trivial sector 1915trivial sector 1915 99

non trivial sector 1914trivial sector 1914 88
non trivial sector 1920trivial sector 1920 4

non trivial sector 1922trivial sector 1922 5

non trivial sector 1918 918 9

non trivial sector 1917trivial sector 1917 99

non trivial sector 1912trivial sector 1912 77

non trivial sector 1928trivial sector 1928 55

non trivial sector 1925trivial sector 1925 66

non trivial sector 1924 5

non trivial sector 1919trivial sector 1919 110
non trivial sector 1923trivial sector 1923 66

non trivial sector 1927 927 7

non trivial sector 1929trivial sector 1929 6

non trivial sector 1930trivial sector 1930 66

non trivial sector 1932trivial sector 1932 6

non trivial sector 1935trivial sector 1935 88
non trivial sector 1931trivial sector 1931 77

non trivial sector 1936 936 5

non trivial sector 1937 937 6

non trivial sector 1926trivial sector 1926 66
non trivial sector non trivial sector 1940 940 6

non trivial sector 1933 933 7

non trivial sector non trivial sector 1938 938 6

non trivial sector 1944trivial sector 1944 66
non trivial sector 1934trivial sector 1934 77
non trivial sector 1943 943 8

non trivial sector 1939 939trivial sector  7

non trivial sector 1942trivial sector 1942 7

non trivial sector 1945trivial sector 1945 7

non trivial sector 1941trivial sector 1941 77

non trivial sector non trivial sector 1947 947 8

non trivial sector 1946trivial sector 1946 7

non trivial sector 1950trivial sector 1950 8

non trivial sector 1948trivial sector 1948 7

non trivial sector 1949trivial sector 1949 88

non trivial sector 1953trivial sector 1953 66

non trivial sector 1952trivial sector 1952 55
non trivial sector 1955trivial sector 1955 77
non trivial sector 1957trivial sector 1957 77

non trivial sector 1956trivial sector 1956 66
non trivial sector 1951 951 9

non trivial sector 1958 958 7

non trivial sector 1959trivial sector 1959 88

non trivial sector 1954trivial sector 1954 66
non trivial sector 1961trivial sector 1961 77

non trivial sector 1960trivial sector 1960 6

non trivial sector 1963trivial sector 1963 8
non trivial sector 1962trivial sector 1962 77

non trivial sector 1965trivial sector 1965 88
non trivial sector 1966trivial sector 1966 88

non trivial sector 1970 970 7

non trivial sector 1964trivial sector 1964 7

non trivial sector 1972 972 7

non trivial sector 1971 971 8

non trivial sector 1968trivial sector 1968 66
non trivial sector 1969trivial sector 1969 77
non trivial sector 1967 967 9

non trivial sector 1975trivial sector 1975 99

non trivial sector 1978trivial sector 1978 8

non trivial sector 1974 88
non trivial sector 1976 7
non trivial sector 1977trivial sector 1977 88

non trivial sector 1979 979 9

non trivial sector 1973trivial sector 1973 88

non trivial sector 1981trivial sector 1981 99

non trivial sector 1982trivial sector 1982 9

non trivial sector 1986 66
non trivial sector 1985trivial sector 1985 66

non trivial sector 1980trivial sector 1980 88
non trivial sector 1984trivial sector 1984 55
non trivial sector non trivial sector 1988 66
non trivial sector 1987trivial sector 1987 7

non trivial sector 1989trivial sector 1989 77

non trivial sector 1983trivial sector 1983 110
non trivial sector 1992trivial sector 1992 66

non trivial sector 1990trivial sector 1990 7
non trivial sector non trivial sector 1996 996 7

non trivial sector 1993 993 7

non trivial sector 1995trivial sector 1995 88

non trivial sector non trivial sector 1991 991 8

non trivial sector 1994trivial sector 1994 77

non trivial sector 1997trivial sector 1997 8

non trivial sector 1998trivial sector 1998 88

non trivial sector 2002trivial sector 2002 77

non trivial sector 2001trivial sector 2001 77

non trivial sector 1999trivial sector 1999 99

non trivial sector 2004trivial sector 2004 7

non trivial sector 2005trivial sector 2005  8

non trivial sector non trivial sector 2000 66
non trivial sector 2003trivial sector 2003 8

non trivial sector non trivial sector 2006 8

non trivial sector 2008trivial sector 2008 7

non trivial sector non trivial sector 2009 8

non trivial sector 2007trivial sector 2007 99

non trivial sector 2010 8

non trivial sector non trivial sector 2011 011 9

non trivial sector 2016trivial sector 2016 66

non trivial sector 2012trivial sector 2012 88
non trivial sector non trivial sector 2014 014 9
non trivial sector 2015trivial sector 2015 110

non trivial sector 2018 018trivial sector  7

non trivial sector 2017trivial sector 2017 77

non trivial sector 2013trivial sector 2013 99

non trivial sector 2020trivial sector 2020 77

non trivial sector 2022 8

non trivial sector 2025trivial sector 2025 88

non trivial sector 2019trivial sector 2019 8
non trivial sector 2023 9
non trivial sector 2024trivial sector 2024 77

non trivial sector non trivial sector 2021 021 8

non trivial sector 2026trivial sector 2026 8
non trivial sector 2027trivial sector 2027 99

non trivial sector 2030trivial sector 2030 99

non trivial sector 2032trivial sector 2032 7

non trivial sector 2028trivial sector 2028 88

non trivial sector 2029 029 9

non trivial sector 2031trivial sector 2031 10
non trivial sector 2033 8

non trivial sector non trivial sector 2034 034 8

non trivial sector 2037trivial sector 2037 99
non trivial sector 2038trivial sector 2038 99

non trivial sector 2036trivial sector 2036 8

non trivial sector 2035trivial sector 2035 99

non trivial sector non trivial sector 2040 040 8
non trivial sector 2041trivial sector 2041 99

non trivial sector 2043trivial sector 2043 10
0
non trivial sector 2039trivial sector 2039 10
0
non trivial sector 2044trivial sector 2044 99

non trivial sector 2047trivial sector 2047 11
non trivial sector 2042 042 9
non trivial sector 2046trivial sector 2046 110

non trivial sector 2045trivial sector 2045 110

non trivial sector non trivial sector 2072 3

non trivial sector 2074trivial sector 2074 44

non trivial sector 2075trivial sector 2075 55

non trivial sector 2073trivial sector 2073  4

non trivial sector 2077trivial sector 2077 55

non trivial sector 2078trivial sector 2078 55

non trivial sector 2076 076 4

non trivial sector 2088trivial sector 2088 33

non trivial sector 2089trivial sector 2089 44
non trivial sector non trivial sector 2079 079 6

non trivial sector 2093trivial sector 2093 5

non trivial sector 2092trivial sector 2092 4

non trivial sector 2090trivial sector 2090 44

non trivial sector 2094trivial sector 2094 55

non trivial sector 2095trivial sector 2095 66

non trivial sector 2091trivial sector 2091 55

non trivial sector 2106trivial sector 2106 5

non trivial sector 2105trivial sector 2105 5

non trivial sector 2109trivial sector 2109 6

non trivial sector 2108trivial sector 2108 55
non trivial sector 2104trivial sector 2104 44

non trivial sector 2111trivial sector 2111 77

non trivial sector 2110trivial sector 2110 66

non trivial sector 2107trivial sector 2107 66

non trivial sector 2121 121 4
non trivial sector 2120trivial sector 2120  3

non trivial sector 2129trivial sector 2129 44

non trivial sector 2122trivial sector 2122 44
non trivial sector 2124trivial sector 2124 44

non trivial sector non trivial sector 2127 127 6

non trivial sector 2123trivial sector 2123 55
non trivial sector 2126trivial sector 2126 55

non trivial sector non trivial sector 2132 132 4

non trivial sector 2125trivial sector 2125 55
non trivial sector 2133trivial sector 2133 55

non trivial sector 2130 130 4

non trivial sector non trivial sector 2131 55

non trivial sector 2134trivial sector 2134 5

non trivial sector 2136trivial sector 2136 4

non trivial sector 2139trivial sector 2139 66
non trivial sector 2140trivial sector 2140 55

non trivial sector 2141trivial sector 2141 66

non trivial sector 2137trivial sector 2137 55

non trivial sector non trivial sector 2135 135 6

non trivial sector non trivial sector 2138 138 5

non trivial sector 2143trivial sector 2143 7

non trivial sector 2142trivial sector 2142 66
non trivial sector 2153trivial sector 2153 55
non trivial sector 2156trivial sector 2156 55
non trivial sector 2152trivial sector 2152 44
non trivial sector 2161trivial sector 2161 55

non trivial sector non trivial sector 2154 154 5

non trivial sector 2157trivial sector 2157 6

non trivial sector 2163 163 6

non trivial sector 2162trivial sector 2162 55

non trivial sector 2155 66
non trivial sector 2158trivial sector 2158 6
non trivial sector 2165trivial sector 2165 6

non trivial sector 2164trivial sector 2164 55
non trivial sector 2159trivial sector 2159 77

non trivial sector 2168trivial sector 2168 55

non trivial sector 2172 172 6

non trivial sector 2170trivial sector 2170 66

non trivial sector 2169trivial sector 2169 66

non trivial sector 2171trivial sector 2171  7

non trivial sector 2173trivial sector 2173 77

non trivial sector 2167trivial sector 2167 77

non trivial sector 2178trivial sector 2178 33

non trivial sector 2175trivial sector 2175 8
non trivial sector 2166 166 6
non trivial sector 2177trivial sector 2177 33

non trivial sector 2179trivial sector 2179  4

non trivial sector 2181trivial sector 2181 44

non trivial sector 2182trivial sector 2182 44

non trivial sector non trivial sector 2174 174 7
non trivial sector non trivial sector 2184 184 3

non trivial sector 2185trivial sector 2185 44
non trivial sector 2189 189 5
non trivial sector 2186trivial sector 2186 44

non trivial sector 2183trivial sector 2183 55
non trivial sector 2190trivial sector 2190 55

non trivial sector 2188 188 4

non trivial sector 2193 4

non trivial sector 2180trivial sector 2180 3

non trivial sector 2187trivial sector 2187 55

non trivial sector non trivial sector 2191 6

non trivial sector 2194trivial sector 2194 44

non trivial sector 2198trivial sector 2198 55

non trivial sector 2197 197 5

non trivial sector 2199trivial sector 2199 6

non trivial sector 2196trivial sector 2196 4

non trivial sector 2195trivial sector 2195 55

non trivial sector 2202trivial sector 2202 55
non trivial sector 2201 201 5

non trivial sector non trivial sector 2203 203 6
non trivial sector 2200trivial sector 2200 4

non trivial sector 2205trivial sector 2205 66

non trivial sector 2210trivial sector 2210 44
non trivial sector 2209trivial sector 2209 44
non trivial sector 2204trivial sector 2204 55

non trivial sector 2211trivial sector 2211 55
non trivial sector 2207trivial sector 2207 77

non trivial sector 2206trivial sector 2206 66
non trivial sector 2217trivial sector 2217 55

non trivial sector non trivial sector 2216 216 4

non trivial sector 2214trivial sector 2214 55
non trivial sector 2215trivial sector 2215 66

non trivial sector 2220trivial sector 2220 55
non trivial sector 2213trivial sector 2213 5

non trivial sector 2212 212 4

non trivial sector 2222 66

non trivial sector 2219 66

non trivial sector 2218 218 5

non trivial sector 2223trivial sector 2223 7

non trivial sector 2221trivial sector 2221 6

non trivial sector 2226 226 5

non trivial sector 2233trivial sector 2233 6

non trivial sector non trivial sector 2230 230 6

non trivial sector 2225trivial sector 2225 55

non trivial sector 2227trivial sector 2227 6

non trivial sector 2234 234 6
non trivial sector 2228trivial sector 2228 5
non trivial sector 2232trivial sector 2232 55

non trivial sector 2235trivial sector 2235 77

non trivial sector 2229trivial sector 2229 66

non trivial sector 2231trivial sector 2231 77
non trivial sector 2236trivial sector 2236 6

non trivial sector 2237trivial sector 2237 77

non trivial sector 2242trivial sector 2242 44

non trivial sector non trivial sector 2239 239 8

non trivial sector 2245trivial sector 2245 5
non trivial sector 2246trivial sector 2246 55

non trivial sector 2244trivial sector 2244 4

non trivial sector 2241 241 44
non trivial sector 2243trivial sector 2243 5

non trivial sector 2238trivial sector 2238 77

non trivial sector 2247trivial sector 2247 6

non trivial sector 2251 251 6

non trivial sector 2248trivial sector 2248 44

non trivial sector 2250trivial sector 2250 55

non trivial sector 2254 254 6

non trivial sector 2253trivial sector 2253  6

non trivial sector 2255trivial sector 2255 7
non trivial sector 2252 55

non trivial sector non trivial sector 2258 5
non trivial sector 2261trivial sector 2261 6

non trivial sector non trivial sector 2266 266 6

non trivial sector 2257 257 5

non trivial sector 2263trivial sector 2263 77
non trivial sector 2265trivial sector 2265 6

non trivial sector 2249trivial sector 2249 5

non trivial sector 2259 259 6

non trivial sector 2264trivial sector 2264 55
non trivial sector 2260trivial sector 2260 5

non trivial sector 2268trivial sector 2268 6

non trivial sector non trivial sector 2262 262 6

non trivial sector 2270trivial sector 2270 77

non trivial sector 2276trivial sector 2276 55

non trivial sector 2273trivial sector 2273  5

non trivial sector 2269trivial sector 2269 77

non trivial sector 2275trivial sector 2275 66

non trivial sector 2271trivial sector 2271 8

non trivial sector 2274trivial sector 2274 55
non trivial sector 2279trivial sector 2279 7
non trivial sector 2267trivial sector 2267 77
non trivial sector 2278trivial sector 2278 66

non trivial sector 2277trivial sector 2277 66
non trivial sector 2280trivial sector 2280 55

non trivial sector 2281trivial sector 2281 66

non trivial sector 2282trivial sector 2282 6

non trivial sector 2284trivial sector 2284 66

non trivial sector 2286trivial sector 2286 77
non trivial sector non trivial sector 2285 7

non trivial sector 2283trivial sector 2283 77

non trivial sector 2287trivial sector 2287 88

non trivial sector 2289trivial sector 2289 66

non trivial sector 2292trivial sector 2292  6
non trivial sector 2293trivial sector 2293 77

non trivial sector 2294trivial sector 2294 77

non trivial sector 2291 291 7

non trivial sector non trivial sector 2295 295 8

non trivial sector 2290 290 6

non trivial sector 2300trivial sector 2300 77
non trivial sector 2297trivial sector 2297 7
non trivial sector 2298trivial sector 2298 77
non trivial sector non trivial sector 2296 66

non trivial sector 2301trivial sector 2301 88

non trivial sector 2299trivial sector 2299 88

non trivial sector 2303trivial sector 2303 9

non trivial sector 2312trivial sector 2312  3

non trivial sector 2316trivial sector 2316 44

non trivial sector 2314trivial sector 2314 4

non trivial sector 2302trivial sector 2302 88
non trivial sector 2318 318 5
non trivial sector 2319trivial sector 2319 6

non trivial sector non trivial sector 2317 317 5
non trivial sector 2313trivial sector 2313 44

non trivial sector 2321trivial sector 2321 44

non trivial sector 2322trivial sector 2322 44

non trivial sector 2315 315 5

non trivial sector 2326trivial sector 2326 55
non trivial sector 2325trivial sector 2325 55
non trivial sector 2327trivial sector 2327 6

non trivial sector 2329trivial sector 2329 55
non trivial sector 2330trivial sector 2330 55

non trivial sector 2332trivial sector 2332 55

non trivial sector 2324 324 44

non trivial sector 2328trivial sector 2328 44

non trivial sector 2331trivial sector 2331 66

non trivial sector 2323trivial sector 2323 55
non trivial sector 2335trivial sector 2335 77

non trivial sector 2339 339 5

non trivial sector 2333trivial sector 2333 66
non trivial sector 2342 5

non trivial sector 2337trivial sector 2337 44
non trivial sector 2338trivial sector 2338 44

non trivial sector 2334trivial sector 2334 66

non trivial sector 2341 341 5

non trivial sector 2344 344 4
non trivial sector 2346trivial sector 2346  5

non trivial sector 2345trivial sector 2345 55

non trivial sector non trivial sector 2340 4

non trivial sector 2350trivial sector 2350 66

non trivial sector 2347trivial sector 2347 66

non trivial sector 2351 351 7
non trivial sector 2354trivial sector 2354 55

non trivial sector non trivial sector 2343 343 6
non trivial sector 2348trivial sector 2348 5

non trivial sector 2358trivial sector 2358 66

non trivial sector 2353trivial sector 2353 55
non trivial sector 2356trivial sector 2356 5

non trivial sector 2349trivial sector 2349 66

non trivial sector non trivial sector 23612361 66

non trivial sector 2355trivial sector 2355 66

non trivial sector 2357trivial sector 2357 6
non trivial sector 2359 77
non trivial sector 2362trivial sector 2362  6

non trivial sector 2369trivial sector 2369 4

non trivial sector 2364trivial sector 2364 66

non trivial sector 2365trivial sector 2365 77

non trivial sector 2367trivial sector 2367 88

non trivial sector 2363trivial sector 2363 77

non trivial sector 2360trivial sector 2360 5

non trivial sector 2366trivial sector 2366 7

non trivial sector 2378trivial sector 2378 5
non trivial sector 2376trivial sector 2376 44
non trivial sector 2374trivial sector 2374 5

non trivial sector 2372trivial sector 2372 44

non trivial sector 2375trivial sector 2375 66

non trivial sector 2380 380 5

non trivial sector 2370 370 4

non trivial sector 2381 381 6

non trivial sector 2377trivial sector 2377 55

non trivial sector 2371trivial sector 2371 5

non trivial sector 2383trivial sector 2383 7

non trivial sector 2373trivial sector 2373 55

non trivial sector 2382trivial sector 2382 66
non trivial sector 2379 379 6

non trivial sector 2386trivial sector 2386 5
non trivial sector 2385 385 5

non trivial sector 2387 6
non trivial sector 2389trivial sector 2389 66

non trivial sector 2388trivial sector 2388 55

non trivial sector 2390trivial sector 2390 66
non trivial sector 2394trivial sector 2394  6

non trivial sector 2398trivial sector 2398 77

non trivial sector 2397trivial sector 2397 77
non trivial sector 2393trivial sector 2393 6
non trivial sector 2391trivial sector 2391 77
non trivial sector 2396trivial sector 2396 6
non trivial sector 2401trivial sector 2401 5

non trivial sector 2395trivial sector 2395 7

non trivial sector 2402 55
non trivial sector 2403trivial sector 2403 6

non trivial sector 2404trivial sector 2404 55
non trivial sector 2399trivial sector 2399 88
non trivial sector 2405trivial sector 2405  6

non trivial sector 2408trivial sector 2408  5

non trivial sector 2392 392 5

non trivial sector 2406trivial sector 2406 66

non trivial sector 2410trivial sector 2410 66
non trivial sector 2409trivial sector 2409 6

non trivial sector 2412trivial sector 2412 66

non trivial sector 2411trivial sector 2411 77

non trivial sector 2407trivial sector 2407 77

non trivial sector non trivial sector 2414 414 7

non trivial sector 2419trivial sector 2419  7

non trivial sector 2418trivial sector 2418  6

non trivial sector 2415 415trivial sector  8
non trivial sector 2420trivial sector 2420 6
non trivial sector 2417trivial sector 2417 6

non trivial sector 2422 422 7

non trivial sector 2421trivial sector 2421 77
non trivial sector non trivial sector 2413 413 7

non trivial sector 2424trivial sector 2424 66
non trivial sector 2425trivial sector 2425 77
non trivial sector 2426trivial sector 2426 77
nnon trivial sector 2428 428 7

non trivial sector 2430trivial sector 2430 8
non trivial sector 2423trivial sector 2423 88

non trivial sector 2433trivial sector 2433 44

non trivial sector 2429trivial sector 2429 88
non trivial sector 2436trivial sector 2436 44

non trivial sector 2434trivial sector 2434 44

non trivial sector 2427 427 8
non trivial sector 2435 435 5
non trivial sector 2438trivial sector 2438 5
non trivial sector 2437trivial sector 2437 55

non trivial sector 2431trivial sector 2431 9

non trivial sector 2439trivial sector 2439 66

non trivial sector 2442trivial sector 2442 55
non trivial sector 2446trivial sector 2446 66

non trivial sector 2441 441 5

non trivial sector 2444trivial sector 2444 55
non trivial sector 2445trivial sector 2445 66

non trivial sector 2443trivial sector 2443  6

non trivial sector 2440trivial sector 2440 44

non trivial sector 2447trivial sector 2447 7

non trivial sector 2449 449 5

non trivial sector 2450trivial sector 2450 55

non trivial sector 2454trivial sector 2454 66

non trivial sector 2456trivial sector 2456 5

non trivial sector 2451trivial sector 2451 6

non trivial sector 2457 457 6

non trivial sector 2459trivial sector 2459 7

non trivial sector 2452trivial sector 2452 5

non trivial sector 2455trivial sector 2455 7

non trivial sector 2461 461 7

non trivial sector 2453trivial sector 2453 66
non trivial sector 2460 66

non trivial sector 2462trivial sector 2462 7

non trivial sector 2458trivial sector 2458 6
non trivial sector 2465trivial sector 2465 5

non trivial sector 2469trivial sector 2469 6

non trivial sector 2467trivial sector 2467 66
non trivial sector 2466trivial sector 2466 55

non trivial sector 2468trivial sector 2468 5

non trivial sector 2471trivial sector 2471 7

non trivial sector 2463 463 8

non trivial sector 2470trivial sector 2470 66

non trivial sector 2472trivial sector 2472 55

non trivial sector 2474trivial sector 2474 66

non trivial sector 2473trivial sector 2473 6

non trivial sector 2476trivial sector 2476 66

non trivial sector 2478trivial sector 2478 77

non trivial sector 2477trivial sector 2477 77
non trivial sector 2482trivial sector 2482 66

non trivial sector 2475trivial sector 2475 77

non trivial sector 2483 483 7

non trivial sector 2485trivial sector 2485 77

non trivial sector 2484trivial sector 2484 6

non trivial sector 2486trivial sector 2486 7
non trivial sector 2479trivial sector 2479 88

non trivial sector non trivial sector 2481 481 6

non trivial sector 2489trivial sector 2489 77
non trivial sector 2487trivial sector 2487 88

non trivial sector 2490trivial sector 2490 77

non trivial sector 2488 66
non trivial sector 2497trivial sector 2497 55
non trivial sector 2491trivial sector 2491 88

non trivial sector 2494trivial sector 2494 88
non trivial sector non trivial sector 2493 8

non trivial sector 2495trivial sector 2495 9

non trivial sector non trivial sector 2492 492 7
non trivial sector non trivial sector 2499 499 6

non trivial sector 2504trivial sector 2504 55
non trivial sector 2502trivial sector 2502 66

non trivial sector 2501trivial sector 2501 66

non trivial sector 2500 55

non trivial sector 2498 498 55

non trivial sector 2508trivial sector 2508 66

non trivial sector 2507trivial sector 2507 7

non trivial sector non trivial sector 2514 514 6

non trivial sector 2503trivial sector 2503 77

non trivial sector 2506trivial sector 2506 6
non trivial sector 2515trivial sector 2515 77

non trivial sector 2510trivial sector 2510 7

non trivial sector 2511trivial sector 2511 88

non trivial sector 2505trivial sector 2505 6

non trivial sector 2513trivial sector 2513 66
non trivial sector 2517trivial sector 2517 77
non trivial sector 2516trivial sector 2516 66
non trivial sector 2520trivial sector 2520 66
non trivial sector 2509trivial sector 2509 77

non trivial sector 2518 7

non trivial sector 2519trivial sector 2519 88

non trivial sector 2524trivial sector 2524 77

non trivial sector 2521trivial sector 2521 77

non trivial sector 2526trivial sector 2526 88

non trivial sector 2530 530 6
non trivial sector 2529trivial sector 2529 6

non trivial sector 2523trivial sector 2523 8

non trivial sector 2531 77
non trivial sector non trivial sector 2525 8

non trivial sector 2527 527 9
non trivial sector 2532trivial sector 2532 66
non trivial sector 2535trivial sector 2535 88
non trivial sector 2534 534 7

non trivial sector 2536trivial sector 2536 66

non trivial sector 2522trivial sector 2522 77

non trivial sector 2539trivial sector 2539 8

non trivial sector 2538trivial sector 2538 77

non trivial sector 2533trivial sector 2533 77

non trivial sector 2537trivial sector 2537 77

non trivial sector 2542trivial sector 2542 88

non trivial sector 2545trivial sector 2545 77

non trivial sector 2541trivial sector 2541  8
non trivial sector 2546 77

non trivial sector 2548 77

non trivial sector 2540trivial sector 2540 77
non trivial sector 2551trivial sector 2551 9

non trivial sector 2543trivial sector 2543 99
non trivial sector 2552trivial sector 2552 7
non trivial sector 2549trivial sector 2549 88
non trivial sector 2550 88

non trivial sector 2554trivial sector 2554 88

non trivial sector 2547trivial sector 2547 8

non trivial sector 2556trivial sector 2556 8

non trivial sector 2558trivial sector 2558 9

non trivial sector non trivial sector 2555 555 9

non trivial sector 2557trivial sector 2557 99
non trivial sector 2553trivial sector 2553 8

non trivial sector 2559trivial sector 2559 10
0
non trivial sector 2584trivial sector 2584 44

non trivial sector 2589trivial sector 2589 6

non trivial sector non trivial sector 2587 587 6

non trivial sector 2585trivial sector 2585 5

non trivial sector 2590trivial sector 2590 6
non trivial sector 2591 77

non trivial sector 2586trivial sector 2586 5
non trivial sector 2601trivial sector 2601 55

non trivial sector 2600trivial sector 2600 44

non trivial sector 2602trivial sector 2602 55

non trivial sector non trivial sector 2604 604 5

non trivial sector 2588trivial sector 2588 55

non trivial sector 2603 603 6

non trivial sector 2605trivial sector 2605 66

non trivial sector 2607trivial sector 2607  7

non trivial sector non trivial sector 2606 6

non trivial sector 2616trivial sector 2616 5

non trivial sector 2617trivial sector 2617 66

non trivial sector 2618trivial sector 2618 66

non trivial sector 2620trivial sector 2620 66

non trivial sector 2622trivial sector 2622 7
non trivial sector 2619 619 7

non trivial sector 2623trivial sector 2623 8

non trivial sector non trivial sector 2621 621 7

non trivial sector 2634trivial sector 2634 55

non trivial sector 2636trivial sector 2636 55

non trivial sector 2633trivial sector 2633 5

non trivial sector 2641trivial sector 2641 55

non trivial sector 2635trivial sector 2635 6
non trivial sector 2640trivial sector 2640 4
non trivial sector 2632 632 4

non trivial sector 2639trivial sector 2639 7

non trivial sector 2637trivial sector 2637 66
non trivial sector 2638 638 6

non trivial sector 2643trivial sector 2643 66

non trivial sector 2650trivial sector 2650 66

non trivial sector 2646 646 6

non trivial sector 2642trivial sector 2642 55

non trivial sector 2647trivial sector 2647 77

non trivial sector 2645trivial sector 2645 6
non trivial sector 2652 6

non trivial sector 2644trivial sector 2644 5

non trivial sector 2651trivial sector 2651 77

non trivial sector 2649trivial sector 2649 66
non trivial sector 2655 655 8

non trivial sector 2654 77

non trivial sector 2648trivial sector 2648 55

non trivial sector non trivial sector 2653 653 7

non trivial sector 2664trivial sector 2664 55

non trivial sector 2666trivial sector 2666 66

non trivial sector 2665trivial sector 2665 66
non trivial sector 2669trivial sector 2669 77

non trivial sector 2668trivial sector 2668 66

non trivial sector 2670trivial sector 2670 7

non trivial sector 2673trivial sector 2673 66
non trivial sector 2667trivial sector 2667 77

non trivial sector 2671trivial sector 2671 88

non trivial sector 2676trivial sector 2676 66

non trivial sector 2675trivial sector 2675 7

non trivial sector 2678trivial sector 2678 77

non trivial sector non trivial sector 2679 88
non trivial sector 2681trivial sector 2681 77
non trivial sector 2674 6
non trivial sector 2680trivial sector 2680 66

non trivial sector 2672trivial sector 2672 55

non trivial sector 2677trivial sector 2677 77
non trivial sector 2683trivial sector 2683 88
non trivial sector 2682trivial sector 2682 77

non trivial sector 2688 688 3

non trivial sector non trivial sector 2685 88

non trivial sector 2684trivial sector 2684 77

non trivial sector 2693trivial sector 2693 55

non trivial sector 2687trivial sector 2687 9

non trivial sector 2690trivial sector 2690 4

non trivial sector  88

non trivial sector 2691trivial sector 2691 5

non trivial sector 2692trivial sector 2692  4

non trivial sector 2696trivial sector 2696 44
non trivial sector 2689trivial sector 2689 4

non trivial sector 2697 697 5

non trivial sector non trivial sector 2695 66

non trivial sector 2694trivial sector 2694 55
non trivial sector 2699 699 6

non trivial sector 2700trivial sector 2700 55

non trivial sector 2703trivial sector 2703 7

non trivial sector 2704trivial sector 2704 4

non trivial sector 2706 706 5

non trivial sector 2701trivial sector 2701 66

non trivial sector 2702trivial sector 2702 66
non trivial sector 2705 705 5

non trivial sector 2698 5

non trivial sector 2709 709 6

non trivial sector 2707 707 66

non trivial sector 2708 708 5

non trivial sector 2712trivial sector 2712 55

non trivial sector 2713trivial sector 2713 6
non trivial sector 2710trivial sector 2710  6

non trivial sector 2717 717 7
non trivial sector 2720trivial sector 2720 4
non trivial sector 2714 714 6
non trivial sector 2715 77

non trivial sector 2711trivial sector 2711 77

non trivial sector 2716trivial sector 2716 6

non trivial sector 2722 722 5

non trivial sector 2726trivial sector 2726 66
non trivial sector 2718trivial sector 2718 77
non trivial sector 2719trivial sector 2719 8

non trivial sector 2724trivial sector 2724 55

non trivial sector 2728trivial sector 2728 55

non trivial sector 2725 6

non trivial sector 2727trivial sector 2727 77
non trivial sector 2723trivial sector 2723 66
non trivial sector 2732trivial sector 2732 66

non trivial sector 2721trivial sector 2721 55

non trivial sector non trivial sector 2730 730 6

non trivial sector 2733trivial sector 2733 77
non trivial sector 2731trivial sector 2731 77

non trivial sector 2735trivial sector 2735 8

non trivial sector 2729 729 6

non trivial sector 2737trivial sector 2737 66
non trivial sector 2740trivial sector 2740 66

non trivial sector 2736trivial sector 2736 5

non trivial sector 2738trivial sector 2738 66

non trivial sector 2742 742 7

non trivial sector 27342734 77

non trivial sector 2741trivial sector 2741 77

non trivial sector 2743trivial sector 2743  8

non trivial sector 2739trivial sector 2739 77
non trivial sector non trivial sector 2748 748 7
non trivial sector 2746trivial sector 2746 77

non trivial sector 2749 88
non trivial sector non trivial sector 2747 747 8

non trivial sector 2744trivial sector 2744 6

non trivial sector non trivial sector 27452745 77

non trivial sector 2753trivial sector 2753 5

non trivial sector 2752trivial sector 2752 4

non trivial sector non trivial sector 2750 8

non trivial sector 2757trivial sector 2757 66
non trivial sector 2756trivial sector 2756 55

non trivial sector 2760trivial sector 2760 55

non trivial sector 2755 755 6
nnon trivial sector 2754 5
non trivial sector non trivial sector 2758 758 6

non trivial sector 2751trivial sector 2751 99
non trivial sector 2759 759 7
non trivial sector 2763trivial sector 2763 7

non trivial sector non trivial sector 2761 761 66
non trivial sector 2762trivial sector 2762 66

non trivial sector 2768 768 5
non trivial sector 2764trivial sector 2764 66

non trivial sector 2765trivial sector 2765 77
non trivial sector 2767trivial sector 2767 8

non trivial sector 2769 769 6

non trivial sector 2766trivial sector 2766 77
non trivial sector non trivial sector 2770 770 6

non trivial sector 2772trivial sector 2772 66

non trivial sector 2771trivial sector 2771 77
non trivial sector 2776trivial sector 2776 66

non trivial sector 2774 77
non trivial sector 2775trivial sector 2775 8

non trivial sector 2773trivial sector 2773 77
non trivial sector 2779trivial sector 2779 88
non trivial sector non trivial sector 2782 8
non trivial sector 2778trivial sector 2778  7
non trivial sector 2777trivial sector 2777 77

non trivial sector 2783trivial sector 2783 99

non trivial sector non trivial sector 2781 781 8

non trivial sector 2780trivial sector 2780 77

non trivial sector 2784 784 5

non trivial sector 2786trivial sector 2786 66
non trivial sector 2785trivial sector 2785 6

non trivial sector 2787trivial sector 2787 7

non trivial sector 2794trivial sector 2794 7

non trivial sector 2792 792 6

non trivial sector 2791trivial sector 2791 88
non trivial sector 2788trivial sector 2788 66
non trivial sector 2789trivial sector 2789  7
non trivial sector non trivial sector 2798 798 8
non trivial sector non trivial sector 2790 77

non trivial sector 2795 88
non trivial sector 2793trivial sector 2793 7

non trivial sector 2797 88
non trivial sector 2796trivial sector 2796 7
non trivial sector 2800trivial sector 2800 66

non trivial sector 2803trivial sector 2803 88

non trivial sector 2799trivial sector 2799 9

non trivial sector 2801trivial sector 2801 77
non trivial sector 2806trivial sector 2806 8

non trivial sector 2804trivial sector 2804 7

non trivial sector 2810trivial sector 2810 88
non trivial sector 2809 809 8

non trivial sector 2805trivial sector 2805 8

non trivial sector 2802trivial sector 2802 7

non trivial sector 2807trivial sector 2807 99

non trivial sector 2812trivial sector 2812 88
non trivial sector 2808trivial sector 2808 7

non trivial sector 2811trivial sector 2811 9

non trivial sector 2815trivial sector 2815 110

non trivial sector non trivial sector 2814 814 9

non trivial sector 2827trivial sector 2827 6

non trivial sector 2813trivial sector 2813 99
non trivial sector 2825trivial sector 2825 5
non trivial sector 2832 4

non trivial sector 2824 824 4

non trivial sector non trivial sector 2830 6

non trivial sector 2831trivial sector 2831 7
non trivial sector 2826trivial sector 2826 55

non trivial sector 2833trivial sector 2833 5
non trivial sector 2837trivial sector 2837 66
non trivial sector 2829trivial sector 2829 6

non trivial sector non trivial sector 2828 828 5

non trivial sector 2838trivial sector 2838 66

non trivial sector non trivial sector 2839 839 7

non trivial sector 2841trivial sector 2841 6

non trivial sector 2835trivial sector 2835 66

non trivial sector 2842 842 6

non trivial sector 2836trivial sector 2836 5

non trivial sector 2840trivial sector 2840 5

non trivial sector 2843trivial sector 2843 77

non trivial sector non trivial sector 2844 844 6

non trivial sector 2847trivial sector 2847 8

non trivial sector 2834trivial sector 2834 5

non trivial sector non trivial sector 2850 55

non trivial sector non trivial sector 2848 848 4

non trivial sector 2849trivial sector 2849 55
non trivial sector non trivial sector 2845 845 7

non trivial sector 2846trivial sector 2846 77

non trivial sector 2854trivial sector 2854 66
non trivial sector 2851trivial sector 2851 66
non trivial sector 2852trivial sector 2852 55
non trivial sector non trivial sector 2853 853 6

non trivial sector 2855trivial sector 2855 77

non trivial sector 2857trivial sector 2857 6

non trivial sector 2856trivial sector 2856 55

non trivial sector 2859trivial sector 2859 77

non trivial sector 2858 858 6

non trivial sector 2865trivial sector 2865 66
non trivial sector 2861trivial sector 2861  7

non trivial sector 2868trivial sector 2868 66

non trivial sector 2863trivial sector 2863 8

non trivial sector 2864 5

non trivial sector 2866 866 6

non trivial sector 2862trivial sector 2862 7

non trivial sector 2869trivial sector 2869 77

non trivial sector 2860trivial sector 2860 66

non trivial sector 2874trivial sector 2874 77

non trivial sector 2871trivial sector 2871 8
non trivial sector 2872trivial sector 2872 6

non trivial sector 2876trivial sector 2876 77

non trivial sector 2867trivial sector 2867 7

non trivial sector 2877 8

non trivial sector 2873trivial sector 2873 77

non trivial sector 2870trivial sector 2870 77

non trivial sector 2875 875 8
non trivial sector 2880trivial sector 2880 4

non trivial sector 2879trivial sector 2879 99
non trivial sector 2878trivial sector 2878 8

non trivial sector 2882trivial sector 2882 5

non trivial sector 2885 885 6

non trivial sector non trivial sector 2887 887 7

non trivial sector 2888  5
non trivial sector 2881trivial sector 2881 55
non trivial sector 2890trivial sector 2890 66

non trivial sector 2883trivial sector 2883 6

non trivial sector 2886trivial sector 2886 66
non trivial sector 2884trivial sector 2884 55

non trivial sector non trivial sector 2891 77

non trivial sector 2889 6

non trivial sector 2892trivial sector 2892 66
non trivial sector 2893trivial sector 2893  7

non trivial sector 2896trivial sector 2896 55

non trivial sector 2898trivial sector 2898 66

non trivial sector 2899 899 7
non trivial sector 2894trivial sector 2894 77
non trivial sector 2900trivial sector 2900 66
non trivial sector 2902 902 7

non trivial sector 2901trivial sector 2901 7

non trivial sector 2905 77
non trivial sector 2906 7
non trivial sector 2897trivial sector 2897 66

non trivial sector 2903trivial sector 2903  8

non trivial sector 2904trivial sector 2904 66

non trivial sector 2895trivial sector 2895 8
non trivial sector 2908trivial sector 2908 77

non trivial sector 2910trivial sector 2910 88

non trivial sector 2909 909 8

non trivial sector 2907trivial sector 2907 88

non trivial sector non trivial sector 2912 912 5

non trivial sector 2913trivial sector 2913 6

non trivial sector 2915 915 77
non trivial sector 2911trivial sector 2911 9

non trivial sector 2917 917 7

non trivial sector 2914trivial sector 2914 66
non trivial sector 2916trivial sector 2916 66
non trivial sector 2918trivial sector 2918 77

non trivial sector 2919trivial sector 2919 88

non trivial sector 2920trivial sector 2920 66

non trivial sector 2925 8

non trivial sector 2921trivial sector 2921 7

non trivial sector 2928trivial sector 2928 6

non trivial sector 2922trivial sector 2922 77
non trivial sector 2927trivial sector 2927 99
non trivial sector 2924 7

non trivial sector 2923trivial sector 2923  8

non trivial sector 2932trivial sector 2932 77

non trivial sector 2929 929 7

non trivial sector 2930trivial sector 2930 77
non trivial sector 2936trivial sector 2936 77

non trivial sector 2934trivial sector 2934 88

non trivial sector 2931 931 8

non trivial sector 2935trivial sector 2935 9

non trivial sector 2938trivial sector 2938 88

non trivial sector 2926 926 8

non trivial sector 2940trivial sector 2940 8
non trivial sector 2939 939 9
non trivial sector 2941trivial sector 2941 99
non trivial sector 2937trivial sector 2937 88

non trivial sector 2942 942 9

non trivial sector 2944trivial sector 2944 44

non trivial sector 2946trivial sector 2946 5

non trivial sector 2945trivial sector 2945 55

non trivial sector 2933trivial sector 2933 8
non trivial sector 2948trivial sector 2948 5

non trivial sector 2950trivial sector 2950 6

non trivial sector 2943 943 10

non trivial sector 2949trivial sector 2949 6
non trivial sector 2951trivial sector 2951 77
nnon trivial sector 2952 55
non trivial sector 2947 66
non trivial sector 2953trivial sector 2953 66

non trivial sector 2954trivial sector 2954 66

non trivial sector 2958 7
non trivial sector 2955trivial sector 2955 7

non trivial sector 2960trivial sector 2960 5

non trivial sector 2961 6
non trivial sector 2962trivial sector 2962 6

non trivial sector 2964trivial sector 2964 6

non trivial sector 2963 77

non trivial sector 2965 965 7

non trivial sector 2959trivial sector 2959 8

non trivial sector 2967 967 8

non trivial sector 2966trivial sector 2966 77
non trivial sector 2969trivial sector 2969 7

non trivial sector 2956trivial sector 2956 66

non trivial sector non trivial sector 2957 957 7

non trivial sector 29682968 66

non trivial sector non trivial sector 2970 970 7

non trivial sector 2972trivial sector 2972 77

non trivial sector 2976trivial sector 2976 5
non trivial sector 2971trivial sector 2971 88

non trivial sector 2975trivial sector 2975 99

non trivial sector 2974trivial sector 2974 88

non trivial sector 2973trivial sector 2973 8

non trivial sector 2978trivial sector 2978 66

non trivial sector 2980trivial sector 2980 66

non trivial sector 2984trivial sector 2984 66

non trivial sector 2979trivial sector 2979 77

non trivial sector 2977trivial sector 2977 6

non trivial sector 2981 77
non trivial sector 2986 986 7

non trivial sector 2982trivial sector 2982 77
non trivial sector 2985 985 7

non trivial sector non trivial sector 2983 8

non trivial sector 2989trivial sector 2989 88

non trivial sector 2987trivial sector 2987 88
non trivial sector non trivial sector 29922992 6

non trivial sector 29902990 88

non trivial sector 2993trivial sector 2993 77

non trivial sector 2994trivial sector 2994 77

non trivial sector non trivial sector 2991 991 9

non trivial sector 2988trivial sector 2988 77

non trivial sector non trivial sector 2995 8

non trivial sector non trivial sector 2999 999 9

non trivial sector 2997trivial sector 2997 8

non trivial sector 2996trivial sector 2996 77
non trivial sector non trivial sector 2998 8

non trivial sector 3004trivial sector 3004 88

non trivial sector 3001trivial sector 3001 88
non trivial sector 3000trivial sector 3000 77

non trivial sector 3008trivial sector 3008 55
non trivial sector 3002trivial sector 3002 8

non trivial sector 3007trivial sector 3007 110

non trivial sector 3005trivial sector 3005 99
non trivial sector 3003trivial sector 3003 99

non trivial sector 3011trivial sector 3011 77

non trivial sector 3006trivial sector 3006 99

non trivial sector 3013 013 7

non trivial sector non trivial sector 3009 66

non trivial sector 3010trivial sector 3010 66

non trivial sector 3012trivial sector 3012 66

non trivial sector 3015 88

non trivial sector 3014trivial sector 3014 7

non trivial sector 3017trivial sector 3017 77

non trivial sector 3020trivial sector 3020 77

non trivial sector 3019trivial sector 3019 8

non trivial sector non trivial sector 3016 66

non trivial sector 3018trivial sector 3018 7

non trivial sector 3024trivial sector 3024 66

non trivial sector non trivial sector 3023 023 9

non trivial sector 3021trivial sector 3021 8

non trivial sector 3028trivial sector 3028 7

non trivial sector 3026 026 7

non trivial sector 3029trivial sector 3029 88

non trivial sector 3027 027 8

non trivial sector 3022trivial sector 3022 88

non trivial sector 3030trivial sector 3030 88

non trivial sector 3025trivial sector 3025 7

non trivial sector 3031trivial sector 3031 99

non trivial sector 3032trivial sector 3032 7
non trivial sector 3033trivial sector 3033 88
non trivial sector 3037trivial sector 3037 99
non trivial sector 3036trivial sector 3036 88

non trivial sector 3040trivial sector 3040 66

non trivial sector non trivial sector 3034 034 8

non trivial sector 3035 99
non trivial sector non trivial sector 3038 9

non trivial sector 3043trivial sector 3043 8
non trivial sector 3042trivial sector 3042 77

non trivial sector 3041trivial sector 3041 7

non trivial sector 3045trivial sector 3045 8
non trivial sector 3044 044 7

non trivial sector 3039trivial sector 3039 10
0
non trivial sector 3046trivial sector 3046 8
non trivial sector 3049trivial sector 3049 88

non trivial sector non trivial sector 3048 77
non trivial sector 3050trivial sector 3050 8

non trivial sector 3047trivial sector 3047 9

non trivial sector 3056 056 7

non trivial sector 3053trivial sector 3053 99

non trivial sector non trivial sector 3052 052 8

non trivial sector 3051trivial sector 3051 9

non trivial sector 3054trivial sector 3054 99
non trivial sector 3058trivial sector 3058 88
non trivial sector 3057trivial sector 3057 8

non trivial sector 3059trivial sector 3059 9
non trivial sector 3055trivial sector 3055 110
non trivial sector 3060trivial sector 3060 8

non trivial sector 3064trivial sector 3064 88
non trivial sector non trivial sector 3062 062 9

non trivial sector 3066trivial sector 3066 9
non trivial sector 3065trivial sector 3065 99
non trivial sector 3061trivial sector 3061 9

non trivial sector 3068 068 9

non trivial sector 3069 110
non trivial sector 3063 063 10
0
non trivial sector 3067trivial sector 3067 10

non trivial sector 3070trivial sector 3070 110

non trivial sector 3071trivial sector 3071 111
non trivial sector 3097trivial sector 3097 55

non trivial sector 3098trivial sector 3098 5

non trivial sector 3099trivial sector 3099 6

non trivial sector 3096trivial sector 3096 44

non trivial sector 3100trivial sector 3100 55

non trivial sector 3101trivial sector 3101 66

non trivial sector 3102trivial sector 3102 6

non trivial sector 3103trivial sector 3103 77
non trivial sector 3113trivial sector 3113 55

non trivial sector 3112trivial sector 3112 44

non trivial sector 3116 116 5

non trivial sector 3117trivial sector 3117 66

non trivial sector 3114trivial sector 3114 55

non trivial sector 3118trivial sector 3118 6

non trivial sector non trivial sector 3115 66
non trivial sector 3119trivial sector 3119 77

non trivial sector non trivial sector 3128 128 5
non trivial sector non trivial sector 3133 133 7

non trivial sector 3135trivial sector 3135 8

non trivial sector non trivial sector 3131 77

non trivial sector 3129 6

non trivial sector 3132trivial sector 3132 66

non trivial sector 3134trivial sector 3134 7

non trivial sector 3130trivial sector 3130 66

non trivial sector 3144trivial sector 3144 44

non trivial sector 3148trivial sector 3148 55

non trivial sector 3147trivial sector 3147 66

non trivial sector 3149trivial sector 3149 66

non trivial sector 3150trivial sector 3150 6
non trivial sector 3145trivial sector 3145 55

non trivial sector 3146trivial sector 3146  5

non trivial sector 3153trivial sector 3153 55

non trivial sector 3156trivial sector 3156 55
non trivial sector 3154trivial sector 3154 55
nnon trivial sector 3157 157 6
non trivial sector 3155trivial sector 3155 66

non trivial sector 3152trivial sector 3152 44

non trivial sector 3151trivial sector 3151 7

non trivial sector 3164trivial sector 3164 6

non trivial sector 3158trivial sector 3158 6

non trivial sector non trivial sector 3159 159 7

non trivial sector 3162trivial sector 3162 66
non trivial sector 3166trivial sector 3166 77

non trivial sector 3163 163 7

non trivial sector 3160trivial sector 3160 55
non trivial sector 3165trivial sector 3165 77

non trivial sector 3161trivial sector 3161 66

non trivial sector 3176trivial sector 3176 5

non trivial sector 3167trivial sector 3167 8

non trivial sector 3177trivial sector 3177 66
non trivial sector 3178trivial sector 3178 66
non trivial sector 3181trivial sector 3181 77

non trivial sector non trivial sector 3183 183 8

non trivial sector 3179trivial sector 3179 7

non trivial sector 3180trivial sector 3180 66
non trivial sector 3188trivial sector 3188 66

non trivial sector 3182 77

non trivial sector 3184trivial sector 3184 55

non trivial sector 3187trivial sector 3187 77
non trivial sector 3185trivial sector 3185 66

non trivial sector 3186trivial sector 3186 66

non trivial sector 3189trivial sector 3189 77

non trivial sector 3191trivial sector 3191 88

non trivial sector 3193trivial sector 3193 7

non trivial sector 3190 7

non trivial sector 3192trivial sector 3192 66
non trivial sector 3195 195 8

non trivial sector 3200trivial sector 3200 33

non trivial sector 3194trivial sector 3194 7
non trivial sector 3197trivial sector 3197 8

non trivial sector 3198trivial sector 3198 8

non trivial sector non trivial sector 3196 77
non trivial sector 3206trivial sector 3206 5

non trivial sector 3207 66
non trivial sector 3203trivial sector 3203 55

non trivial sector 3204trivial sector 3204 44

non trivial sector 3202trivial sector 3202 44

non trivial sector 3210trivial sector 3210 55

non trivial sector non trivial sector 3201 201 4
non trivial sector 3205trivial sector 3205 55

non trivial sector 3212trivial sector 3212 55
non trivial sector non trivial sector 3208 208 4

non trivial sector 3211trivial sector 3211 66

non trivial sector 3215 215 7

non trivial sector 3217trivial sector 3217 5

non trivial sector 3216 44

non trivial sector 3214 6

non trivial sector 3199trivial sector 3199 9

non trivial sector 3220trivial sector 3220 5

non trivial sector 3219 219 6
non trivial sector 3218trivial sector 3218 5

non trivial sector 3221trivial sector 3221 66

non trivial sector 3213trivial sector 3213 66
nnon trivial sector 3224 224 5

non trivial sector 3222trivial sector 3222 66

non trivial sector 3223trivial sector 3223 77
non trivial sector 3229trivial sector 3229 77
non trivial sector 3227trivial sector 3227 77

non trivial sector 3226trivial sector 3226 66
non trivial sector 3228trivial sector 3228 66
non trivial sector 3232trivial sector 3232 4

non trivial sector non trivial sector 3230 230 7
non trivial sector 3231trivial sector 3231 88

non trivial sector 3209trivial sector 3209 55
non trivial sector 3225trivial sector 3225 66

non trivial sector 3233 233 5

non trivial sector 3235trivial sector 3235 66
non trivial sector 3234 234 5

non trivial sector 3237trivial sector 3237 66

non trivial sector 3236trivial sector 3236 5
non trivial sector 3238trivial sector 3238 66

non trivial sector 3239trivial sector 3239 7

non trivial sector 3241trivial sector 3241 66

non trivial sector 3246 246 7
non trivial sector 3244trivial sector 3244 6

non trivial sector 3243trivial sector 3243 7

non trivial sector 3245trivial sector 3245 7
non trivial sector 3240trivial sector 3240 55

non trivial sector 3249trivial sector 3249 6

non trivial sector 3252trivial sector 3252 66
non trivial sector 3247trivial sector 3247 8

non trivial sector 3242trivial sector 3242 66

non trivial sector 3248trivial sector 3248 55

non trivial sector 3256trivial sector 3256 66
non trivial sector non trivial sector 3250 250 6

non trivial sector 3251trivial sector 3251 77
non trivial sector 3257trivial sector 3257 7

non trivial sector 3255trivial sector 3255 8

non trivial sector 3259trivial sector 3259 8

non trivial sector 3254trivial sector 3254 77

non trivial sector 3258trivial sector 3258 77

non trivial sector 3260trivial sector 3260 77

non trivial sector 3253 253 7

non trivial sector 3264trivial sector 3264 44
non trivial sector 3263trivial sector 3263 9

non trivial sector 3265 265 5
non trivial sector 3262trivial sector 3262 88

non trivial sector 3261trivial sector 3261 8

non trivial sector 3266trivial sector 3266 55

non trivial sector 3272trivial sector 3272 55

non trivial sector non trivial sector 3270 270 6

non trivial sector 3268trivial sector 3268 55

non trivial sector 3267trivial sector 3267 6

non trivial sector 3275 275 7

non trivial sector 3269trivial sector 3269 6

non trivial sector non trivial sector 3274 66

non trivial sector 3273trivial sector 3273 66

non trivial sector 3271trivial sector 3271 77
non trivial sector 3279 279 8

non trivial sector 3276 66
non trivial sector 3280trivial sector 3280 55

non trivial sector non trivial sector 3278 278 7

non trivial sector 3277trivial sector 3277 77

non trivial sector 3281trivial sector 3281 66

non trivial sector 3287trivial sector 3287 88

non trivial sector 3284trivial sector 3284 6

non trivial sector 3286trivial sector 3286 77

non trivial sector 3282trivial sector 3282 6

non trivial sector 3283trivial sector 3283 7

non trivial sector 3285trivial sector 3285 7

non trivial sector 3289trivial sector 3289 77
non trivial sector 3288trivial sector 3288 66

non trivial sector 3291trivial sector 3291 88

non trivial sector 3293trivial sector 3293 88

non trivial sector 3294 8

non trivial sector 3290trivial sector 3290 7

non trivial sector 3292 292 7
non trivial sector 3295 295 9

non trivial sector 3298 298 6
non trivial sector 3296trivial sector 3296 55

non trivial sector non trivial sector 3297 66

non trivial sector 3303trivial sector 3303 88

non trivial sector 3300trivial sector 3300 6

non trivial sector 3299 299 7

non trivial sector non trivial sector 3304 304 6
non trivial sector 3305 77
non trivial sector 3301 7

non trivial sector 3308trivial sector 3308 77
non trivial sector 3302trivial sector 3302  7

non trivial sector 3307trivial sector 3307 8

non trivial sector 3306trivial sector 3306 77

non trivial sector 3309trivial sector 3309 88
non trivial sector 3310trivial sector 3310 88

non trivial sector 3315trivial sector 3315 8

non trivial sector 3314trivial sector 3314 77
non trivial sector 3313 313 7

non trivial sector 3311trivial sector 3311 9
non trivial sector 3312trivial sector 3312  6
non trivial sector 3320trivial sector 3320 7

non trivial sector 3321 321 8
non trivial sector 3316trivial sector 3316 77

non trivial sector 3318 318 8

non trivial sector 3317trivial sector 3317 8

non trivial sector 3322trivial sector 3322 88

non trivial sector 3324trivial sector 3324  8

non trivial sector 3319trivial sector 3319 99

non trivial sector 3326trivial sector 3326 99

non trivial sector 3323 323 9

non trivial sector 3327trivial sector 3327 110

non trivial sector 3336trivial sector 3336 44

non trivial sector 3325trivial sector 3325 99
non trivial sector 3339trivial sector 3339 6
non trivial sector 3338trivial sector 3338 55

non trivial sector 3341trivial sector 3341 66

non trivial sector 3337 337trivial sector  5

non trivial sector 3340trivial sector 3340 55

non trivial sector 3342trivial sector 3342 66

non trivial sector non trivial sector 3348 5

non trivial sector 3345trivial sector 3345 5

non trivial sector 3344trivial sector 3344 44
non trivial sector 3346trivial sector 3346 55

non trivial sector 3349trivial sector 3349 66

non trivial sector 3354trivial sector 3354 66

non trivial sector 3350trivial sector 3350 6
non trivial sector 3347trivial sector 3347 66

non trivial sector 3351 351 7
non trivial sector 3355trivial sector 3355 7
non trivial sector non trivial sector 3353 353 6

non trivial sector 3360trivial sector 3360 44

non trivial sector 3358trivial sector 3358 77

non trivial sector non trivial sector 3343 77
non trivial sector 3357trivial sector 3357 77

non trivial sector 3359trivial sector 3359 88

non trivial sector 3362trivial sector 3362 55
non trivial sector 3356trivial sector 3356  6

non trivial sector 3361trivial sector 3361 55

non trivial sector 33523352 5
non trivial sector 3363 66

non trivial sector 3365trivial sector 3365 66

non trivial sector 3369trivial sector 3369 66

non trivial sector 3366trivial sector 3366 66

non trivial sector 3368 55
non trivial sector 3364trivial sector 3364 55

non trivial sector 3372trivial sector 3372 6
non trivial sector 3376trivial sector 3376 55

non trivial sector 3370trivial sector 3370 66

non trivial sector 3367trivial sector 3367 77

non trivial sector 3379trivial sector 3379 77
non trivial sector 3371 371 7
non trivial sector 3377trivial sector 3377 66

non trivial sector 3378trivial sector 3378 66
non trivial sector 3374trivial sector 3374 7

non trivial sector 3384trivial sector 3384 66
non trivial sector 3373 373 7

non trivial sector 3380trivial sector 3380 66

non trivial sector 3375 375 8

non trivial sector 3381 381 7

non trivial sector 3382trivial sector 3382  7
non trivial sector 3385trivial sector 3385 7

non trivial sector 3383trivial sector 3383 88

non trivial sector 3386trivial sector 3386 7
non trivial sector 3387trivial sector 3387 8

non trivial sector 3388trivial sector 3388 77

non trivial sector 3392 44
non trivial sector 3389trivial sector 3389 8

non trivial sector 3396 55

non trivial sector 3394trivial sector 3394  5

non trivial sector 3393trivial sector 3393 55

non trivial sector 3395trivial sector 3395 66
non trivial sector 3391trivial sector 3391 99

non trivial sector 3390trivial sector 3390 88
non trivial sector 3399trivial sector 3399 77

non trivial sector 3398trivial sector 3398 6

non trivial sector non trivial sector 3400 400 5

non trivial sector 3403trivial sector 3403 7

non trivial sector 3402 402 6

non trivial sector 3397trivial sector 3397 66
non trivial sector 3405trivial sector 3405 7

non trivial sector 3408trivial sector 3408 55

non trivial sector non trivial sector 3404 404 6

non trivial sector 3410trivial sector 3410 66

non trivial sector 3411 411 7
non trivial sector 3409trivial sector 3409 6

non trivial sector 3406 406 7

non trivial sector 3401trivial sector 3401 6
non trivial sector 3407trivial sector 3407 8

non trivial sector 3412trivial sector 3412 66

non trivial sector non trivial sector 3413 7

non trivial sector 3414trivial sector 3414 77
nnon trivial sector 3415 415 8

non trivial sector 3417trivial sector 3417 77

non trivial sector non trivial sector 3416 416 6
non trivial sector 3420trivial sector 3420 7

non trivial sector 3422 422 8

non trivial sector 3423trivial sector 3423 99

non trivial sector 3419trivial sector 3419 88

non trivial sector 3418trivial sector 3418 77

non trivial sector 3424 55

non trivial sector non trivial sector 3425 66

non trivial sector non trivial sector 3427 7

non trivial sector 3426trivial sector 3426 6

non trivial sector 3429 429 7

non trivial sector 3421trivial sector 3421 88
non trivial sector 3430trivial sector 3430 77

non trivial sector 3428trivial sector 3428 66
non trivial sector 3432trivial sector 3432 66
nnon trivial sector 3434 434 7

non trivial sector non trivial sector 3433 433 7

non trivial sector 3437trivial sector 3437 88

non trivial sector 3436trivial sector 3436 77

non trivial sector 3441 441 7

non trivial sector 3431trivial sector 3431 88

non trivial sector 3439trivial sector 3439 99

non trivial sector 3438 88
nnon trivial sector 3442 442 7
non trivial sector 3435 8

non trivial sector 3440trivial sector 3440 66

non trivial sector non trivial sector 3444 7

non trivial sector 3449trivial sector 3449 88

non trivial sector 3450trivial sector 3450 88

non trivial sector 3443 88

non trivial sector 3448trivial sector 3448 77

non trivial sector non trivial sector 3452 452 8
non trivial sector 3447trivial sector 3447 9

non trivial sector 3451trivial sector 3451 9

non trivial sector 3446trivial sector 3446 88

non trivial sector non trivial sector 3456 456 4

non trivial sector non trivial sector 3445 88

non trivial sector 3453trivial sector 3453 99

non trivial sector 3457trivial sector 3457 55

non trivial sector 3458trivial sector 3458 5

non trivial sector 3454trivial sector 3454 99

non trivial sector 3455trivial sector 3455 110

non trivial sector 3459trivial sector 3459 6

non trivial sector 3464trivial sector 3464 5

non trivial sector 3461trivial sector 3461 66

non trivial sector 3465trivial sector 3465 6
nnon trivial sector 3468 468 6

non trivial sector 3462trivial sector 3462 66

non trivial sector 3466 466 6

non trivial sector 3460trivial sector 3460 55
non trivial sector non trivial sector 3463 463 7

non trivial sector 3472trivial sector 3472 55

non trivial sector 3467trivial sector 3467 77

non trivial sector 3469trivial sector 3469 7

non trivial sector 3470trivial sector 3470 77

non trivial sector 3473 66
non trivial sector 3471trivial sector 3471 8

non trivial sector 3474 6

non trivial sector 3478trivial sector 3478 7

non trivial sector 3475trivial sector 3475 7

non trivial sector 3481trivial sector 3481 7

non trivial sector 34773477 7
non trivial sector 3484 484 7

non trivial sector 3480trivial sector 3480 66
non trivial sector 3476trivial sector 3476 66
non trivial sector 3482trivial sector 3482 77
non trivial sector 3488trivial sector 3488 55
non trivial sector 3479 8

non trivial sector 3485trivial sector 3485 8

non trivial sector 3486trivial sector 3486 88

non trivial sector 3483trivial sector 3483 88
non trivial sector non trivial sector 3489 489 6

non trivial sector 3495trivial sector 3495 88

non trivial sector 3487trivial sector 3487 99

non trivial sector 3494trivial sector 3494 7

non trivial sector 3490 490 6
non trivial sector 3491trivial sector 3491 7

non trivial sector 3497trivial sector 3497 7
non trivial sector non trivial sector 3492 66

non trivial sector non trivial sector 3496 66
non trivial sector 3498trivial sector 3498 77

non trivial sector 3493trivial sector 3493 77

non trivial sector 3500 500 7

non trivial sector 3499trivial sector 3499 8

non trivial sector 3504trivial sector 3504 6

non trivial sector 3501trivial sector 3501 88

non trivial sector 3505trivial sector 3505 77

non trivial sector 3502trivial sector 3502 8

non trivial sector 3508trivial sector 3508 7

non trivial sector 3507trivial sector 3507 8

non trivial sector 3511 99
non trivial sector 3509trivial sector 3509 88

non trivial sector 3503trivial sector 3503 9

non trivial sector 3506trivial sector 3506 77

non trivial sector 3514trivial sector 3514 88
non trivial sector 3516trivial sector 3516 88
non trivial sector 3512trivial sector 3512 77

non trivial sector 3510trivial sector 3510 88

non trivial sector 3513trivial sector 3513 88

non trivial sector non trivial sector 3517 99
non trivial sector 3515trivial sector 3515 9

non trivial sector 3521trivial sector 3521 66

non trivial sector non trivial sector 3519 10

non trivial sector 3518trivial sector 3518 99

non trivial sector non trivial sector 3527 88
non trivial sector 3520trivial sector 3520 5

non trivial sector 3525 525 7

non trivial sector 3522trivial sector 3522 6

non trivial sector 3526trivial sector 3526 7

non trivial sector 3524trivial sector 3524 6

non trivial sector 3523trivial sector 3523 7

non trivial sector 3528trivial sector 3528 66

non trivial sector 3530trivial sector 3530 77

non trivial sector 3533trivial sector 3533 88

non trivial sector 3536trivial sector 3536 66
non trivial sector 3532trivial sector 3532 77

non trivial sector 3529trivial sector 3529 7

non trivial sector 3537 7
non trivial sector 3535trivial sector 3535 9

non trivial sector 3534trivial sector 3534 8

non trivial sector 3531trivial sector 3531 88
non trivial sector 3539 539 8
non trivial sector 3538trivial sector 3538 7
non trivial sector 3540trivial sector 3540 77

non trivial sector 3541trivial sector 3541 88

non trivial sector 3545trivial sector 3545 88

non trivial sector 3544trivial sector 3544 77

non trivial sector 3542trivial sector 3542 8

non trivial sector non trivial sector 3546 88

non trivial sector 3543trivial sector 3543 9

non trivial sector 3549trivial sector 3549 99

non trivial sector 3552trivial sector 3552 66

non trivial sector 3553trivial sector 3553 77

non trivial sector 3547trivial sector 3547 9

non trivial sector 3548trivial sector 3548 88
non trivial sector 3550trivial sector 3550 99
non trivial sector 3551trivial sector 3551 110
non trivial sector 3554trivial sector 3554 7

non trivial sector 3558trivial sector 3558  8

non trivial sector 3555trivial sector 3555 8

non trivial sector 3556trivial sector 3556 7

non trivial sector 3560trivial sector 3560 77
nnon trivial sector 3557 88

non trivial sector 3559trivial sector 3559 9
non trivial sector 3564 564 8

non trivial sector 3562 562 8

non trivial sector 3568trivial sector 3568 7

non trivial sector 3563trivial sector 3563 9

non trivial sector 3561trivial sector 3561 8

non trivial sector 3566trivial sector 3566 99

non trivial sector 3569trivial sector 3569 8

non trivial sector 3572trivial sector 3572 88
non trivial sector 3571trivial sector 3571 99
non trivial sector 3567 10
0
non trivial sector 3574trivial sector 3574 9

non trivial sector 3570 88
non trivial sector 3573 9
non trivial sector 3565trivial sector 3565 9

non trivial sector 3576trivial sector 3576 8
non trivial sector 3577 9

non trivial sector 3578 578 9

non trivial sector 3579trivial sector 3579 10
non trivial sector 3581 581 10
non trivial sector 3575trivial sector 3575 10
0
non trivial sector 3582 582 10

non trivial sector 3580trivial sector 3580 9

non trivial sector 3583trivial sector 3583 111

non trivial sector 3609trivial sector 3609 66

non trivial sector 3608trivial sector 3608 55
non trivial sector 3612trivial sector 3612 66
non trivial sector 3610trivial sector 3610 6

non trivial sector non trivial sector 3615 615 8

non trivial sector 3614trivial sector 3614 77

non trivial sector 3613trivial sector 3613 77

non trivial sector 3611trivial sector 3611 7
non trivial sector 3624 624 5

non trivial sector non trivial sector 3629 77

non trivial sector 3627trivial sector 3627 77

non trivial sector 3626trivial sector 3626 66
non trivial sector 3628trivial sector 3628 66

non trivial sector 3625trivial sector 3625 66

non trivial sector 3631trivial sector 3631 88
non trivial sector 3630trivial sector 3630 77

non trivial sector 3641trivial sector 3641 77

non trivial sector 3640trivial sector 3640 6

non trivial sector 3645trivial sector 3645 88

non trivial sector 3643trivial sector 3643 88

non trivial sector 3647trivial sector 3647 9

non trivial sector 3644trivial sector 3644  7

non trivial sector 3646trivial sector 3646 8

non trivial sector 3642trivial sector 3642 77
non trivial sector 3656trivial sector 3656 55
non trivial sector 3659trivial sector 3659 77

non trivial sector 3657trivial sector 3657 66

non trivial sector 3665trivial sector 3665 66

non trivial sector 3658trivial sector 3658 66
non trivial sector 3663 663 88

non trivial sector 3664trivial sector 3664 55
non trivial sector 3662trivial sector 3662 77
non trivial sector 3661trivial sector 3661 77
non trivial sector 3660trivial sector 3660 66
non trivial sector 3666trivial sector 3666 66
non trivial sector 3670trivial sector 3670 7

non trivial sector 3674trivial sector 3674 77

non trivial sector 3669 7

non trivial sector 3671trivial sector 3671 8

non trivial sector 3672trivial sector 3672 6

non trivial sector 3668 668trivial sector  6

non trivial sector 3676 7

non trivial sector 3673trivial sector 3673 77

non trivial sector 3667trivial sector 3667 7

non trivial sector 3675trivial sector 3675 8

non trivial sector 3678trivial sector 3678 8

non trivial sector 3677trivial sector 3677 88

non trivial sector 3679trivial sector 3679 9
non trivial sector 3689trivial sector 3689 77

non trivial sector 3692trivial sector 3692 77

non trivial sector 3691trivial sector 3691 8

non trivial sector 3688trivial sector 3688 66

non trivial sector 3695trivial sector 3695 9

non trivial sector 3697 697trivial sector  7

non trivial sector 3693 88
non trivial sector 3690trivial sector 3690 77
non trivial sector 3699trivial sector 3699 88

non trivial sector 3694trivial sector 3694 88

non trivial sector 3696trivial sector 3696 66
non trivial sector 3701trivial sector 3701 88
non trivial sector 3698trivial sector 3698 77

non trivial sector 3700trivial sector 3700 7
non trivial sector 3705trivial sector 3705 88

non trivial sector 3703trivial sector 3703 99

non trivial sector 3702trivial sector 3702  8

non trivial sector 3706 706 8

non trivial sector non trivial sector 3704 77

non trivial sector 3710trivial sector 3710  9

non trivial sector 3709trivial sector 3709 99

non trivial sector 3712trivial sector 3712 4

non trivial sector 3707trivial sector 3707 9

non trivial sector 3715trivial sector 3715 6

non trivial sector 3718trivial sector 3718 6

non trivial sector 3708trivial sector 3708 88
non trivial sector 3716trivial sector 3716 5

non trivial sector 3720trivial sector 3720 55
non trivial sector 3713trivial sector 3713 5

non trivial sector 3717trivial sector 3717 6

non trivial sector 3711trivial sector 3711 10

non trivial sector 3714 55
non trivial sector 3719  77

non trivial sector 3721trivial sector 3721 66
non trivial sector 3725trivial sector 3725 77

non trivial sector non trivial sector 3722 66

non trivial sector 3728trivial sector 3728 5
non trivial sector 3727trivial sector 3727 8

non trivial sector 3723trivial sector 3723 7

non trivial sector 3724 724 6

non trivial sector 3731trivial sector 3731 77

non trivial sector 3729trivial sector 3729 66

non trivial sector 3732trivial sector 3732 6

non trivial sector 3730trivial sector 3730 66

non trivial sector 3726trivial sector 3726 7

non trivial sector non trivial sector 3736 736 6

non trivial sector 3734trivial sector 3734 7

non trivial sector 3737trivial sector 3737 7

non trivial sector 3733trivial sector 3733 77

non trivial sector 3739trivial sector 3739 88
non trivial sector 3735 87358

non trivial sector 3738trivial sector 3738 77

non trivial sector 3740trivial sector 3740 7

non trivial sector 3742trivial sector 3742 8

non trivial sector 3746trivial sector 3746 6

non trivial sector 3748trivial sector 3748  6

non trivial sector 3741trivial sector 3741 8

non trivial sector 3744 55

non trivial sector 3745trivial sector 3745 6

non trivial sector 3743trivial sector 3743 99

non trivial sector 3747trivial sector 3747 77
non trivial sector 3752trivial sector 3752 6

non trivial sector 3750 750 7

non trivial sector 3749trivial sector 3749 77
non trivial sector non trivial sector 37513751 8

non trivial sector 3756 756 7

non trivial sector 3754trivial sector 3754 7

non trivial sector 3757trivial sector 3757 88

non trivial sector 3753 753 7

non trivial sector 3761trivial sector 3761  7

non trivial sector 3759trivial sector 3759 99

non trivial sector non trivial sector 3758 8

non trivial sector 3763trivial sector 3763 88

non trivial sector 3760trivial sector 3760 6

non trivial sector 3765 8
non trivial sector non trivial sector 3755 755 8

non trivial sector 3762trivial sector 3762  7

non trivial sector 3764trivial sector 3764 77

non trivial sector 3769trivial sector 3769 8
non trivial sector 3770 88
non trivial sector 3767trivial sector 3767 99
non trivial sector 3766trivial sector 3766 88

non trivial sector 3773trivial sector 3773 9

non trivial sector 3774trivial sector 3774 9

non trivial sector 3777trivial sector 3777 66

non trivial sector 3768trivial sector 3768 7

non trivial sector 3778trivial sector 3778 6

non trivial sector 3771trivial sector 3771 99
non trivial sector 3772 88

non trivial sector 3780trivial sector 3780 66

non trivial sector 3775trivial sector 3775 110

non trivial sector 3781 77

non trivial sector 3784trivial sector 3784 66
non trivial sector 3783 783 8

non trivial sector 3785 77
non trivial sector 3776trivial sector 3776 5

non trivial sector 3786 7
non trivial sector 3782trivial sector 3782 7
non trivial sector 3779trivial sector 3779 7

non trivial sector 3787trivial sector 3787 88
non trivial sector 3788trivial sector 3788 77

non trivial sector 3791trivial sector 3791 9

non trivial sector 3793trivial sector 3793 77
non trivial sector 3790trivial sector 3790 88

non trivial sector 3795trivial sector 3795 88

non trivial sector non trivial sector 3792  6

non trivial sector 3789trivial sector 3789 8
non trivial sector 3797trivial sector 3797 88

non trivial sector 3794trivial sector 3794 77

non trivial sector 3796trivial sector 3796 7
non trivial sector 3801trivial sector 3801 88

non trivial sector 3799trivial sector 3799 99

non trivial sector 3798 798 8

non trivial sector 3802trivial sector 3802 88

non trivial sector 3803trivial sector 3803 99
non trivial sector 3800trivial sector 3800 77
non trivial sector non trivial sector 3808 6

non trivial sector 3806trivial sector 3806  99
non trivial sector 3809trivial sector 3809  7

non trivial sector 3805trivial sector 3805 99
non trivial sector 3812 7

non trivial sector 3804trivial sector 3804 88
non trivial sector 3810trivial sector 3810 77

non trivial sector 3811 811 8

non trivial sector 3807 110

non trivial sector 3813trivial sector 3813 8
non trivial sector 3814trivial sector 3814 88
non trivial sector 3815trivial sector 3815 99

non trivial sector 3818 818 8

non trivial sector 3816trivial sector 3816 77

non trivial sector 3817trivial sector 3817 8

non trivial sector 3820trivial sector 3820 88
non trivial sector 3819trivial sector 3819 9

non trivial sector 3826trivial sector 3826 8

non trivial sector 3824 824 7
non trivial sector 3822 822 9

non trivial sector 3821trivial sector 3821 99

non trivial sector 3825trivial sector 3825 8

non trivial sector 3823trivial sector 3823 10

non trivial sector 3829trivial sector 3829 99
non trivial sector non trivial sector 3827 827 9

non trivial sector 3828trivial sector 3828 88

non trivial sector 3833 9

non trivial sector 3832trivial sector 3832 88
non trivial sector 3834 99

non trivial sector 3830trivial sector 3830 9

non trivial sector 3831trivial sector 3831 10

non trivial sector 3835trivial sector 3835 110

non trivial sector 3839trivial sector 3839 11
non trivial sector 3837trivial sector 3837 110
non trivial sector non trivial sector 3836 99

non trivial sector 3848trivial sector 3848 55
non trivial sector non trivial sector 3838 838 10
0
non trivial sector 3850trivial sector 3850 66
non trivial sector 3852trivial sector 3852 66

non trivial sector 3853trivial sector 3853 77

non trivial sector 3857 66
non trivial sector 3851trivial sector 3851 77
non trivial sector 3849trivial sector 3849 6
non trivial sector 3854trivial sector 3854 7

non trivial sector 3859 859 7

non trivial sector 3861trivial sector 3861 77
non trivial sector non trivial sector 3858 6

non trivial sector 3856trivial sector 3856 55
non trivial sector 3855trivial sector 3855 88
non trivial sector 3865trivial sector 3865 77

non trivial sector 3862trivial sector 3862 77

non trivial sector 3860 860 6

non trivial sector 3864trivial sector 3864 66

non trivial sector 3868trivial sector 3868 77

non trivial sector 3867trivial sector 3867 88

non trivial sector 3872trivial sector 3872 5
non trivial sector 3863trivial sector 3863 8

non trivial sector 3873trivial sector 3873  6

non trivial sector 3874trivial sector 3874 66

non trivial sector 3866 866 7

non trivial sector non trivial sector 3869 8

non trivial sector 3870trivial sector 3870 8

non trivial sector 3877 877 7
non trivial sector 3871 871 9

non trivial sector 3879trivial sector 3879 88

non trivial sector 3875trivial sector 3875 77

non trivial sector 3878trivial sector 3878 7

non trivial sector 3885trivial sector 3885 88
non trivial sector 3884trivial sector 3884 7
non trivial sector 3876 6

non trivial sector 3883trivial sector 3883 88

non trivial sector 3880trivial sector 3880 66

non trivial sector 3881trivial sector 3881 7

non trivial sector 3882trivial sector 3882 7

non trivial sector 3886trivial sector 3886 88

non trivial sector 3890trivial sector 3890 77
non trivial sector 3889trivial sector 3889 77

non trivial sector 3894trivial sector 3894 8

non trivial sector 3891 88918

non trivial sector 3892trivial sector 3892 77
non trivial sector 3896trivial sector 3896 7

non trivial sector 3893trivial sector 3893  8

non trivial sector 3895 99

non trivial sector 3887trivial sector 3887 99

non trivial sector 3897trivial sector 3897 88

non trivial sector 3901 901 9
non trivial sector 3900trivial sector 3900 88

non trivial sector 3899trivial sector 3899 9
non trivial sector 3904trivial sector 3904 5

non trivial sector 3902trivial sector 3902 9

non trivial sector 3905trivial sector 3905 6

non trivial sector 3898trivial sector 3898 8

non trivial sector 3906trivial sector 3906 66
non trivial sector 3903 903 1010

non trivial sector 3888trivial sector 3888 66
non trivial sector 3911trivial sector 3911 8

non trivial sector 3909 909 7

non trivial sector 3907trivial sector 3907 7

non trivial sector non trivial sector 3913 913 7

non trivial sector 3910trivial sector 3910 77
non trivial sector 3914trivial sector 3914 7

non trivial sector 3908trivial sector 3908 66
non trivial sector 3920trivial sector 3920 6

non trivial sector 3912trivial sector 3912 66

non trivial sector 3915trivial sector 3915 88

non trivial sector 3916trivial sector 3916 77

non trivial sector 3917 917 8

non trivial sector 3919trivial sector 3919 99

non trivial sector 3918trivial sector 3918 88

non trivial sector 3922trivial sector 3922 77

non trivial sector 3924trivial sector 3924 7
non trivial sector 3925trivial sector 3925 8

non trivial sector 3923trivial sector 3923 88
non trivial sector 3926trivial sector 3926 88

non trivial sector 3929trivial sector 3929 8

non trivial sector 3921trivial sector 3921 7
non trivial sector non trivial sector 3927 927 9

non trivial sector 3928trivial sector 3928 7

non trivial sector 3930trivial sector 3930 88

non trivial sector non trivial sector 3936 6

non trivial sector non trivial sector 3937 937 7
non trivial sector 3934trivial sector 3934 99
non trivial sector 3932 932trivial sector  8

non trivial sector 3938trivial sector 3938 77
non trivial sector 3933trivial sector 3933 9

non trivial sector 3931 931 9
non trivial sector 3940trivial sector 3940 77
non trivial sector non trivial sector 3935 935 10
0
non trivial sector 3944 944 7

non trivial sector non trivial sector 3939 8

non trivial sector 3941trivial sector 3941 88

non trivial sector 3942trivial sector 3942 88
non trivial sector 39463946 88

non trivial sector 3948trivial sector 3948 88
non trivial sector 3943trivial sector 3943 9

non trivial sector 3947trivial sector 3947 9

non trivial sector 3951trivial sector 3951 10

non trivial sector 3949 9

non trivial sector 3945trivial sector 3945 88

non trivial sector 3950trivial sector 3950  9

non trivial sector non trivial sector 3954 954 8

non trivial sector 3957trivial sector 3957 99
non trivial sector 3955 99
nnon trivial sector 3953 953 8

non trivial sector 3958trivial sector 3958 99

non trivial sector non trivial sector 3952 7

non trivial sector 3956 956 8

non trivial sector 3960trivial sector 3960 88
non trivial sector non trivial sector 3959 959 10
0
non trivial sector 3962trivial sector 3962 9

non trivial sector 3961trivial sector 3961 99

non trivial sector non trivial sector 3963 963 10
0
non trivial sector 3968 968 5

non trivial sector 3969trivial sector 3969 66

non trivial sector 3965trivial sector 3965 10
0
non trivial sector 3972trivial sector 3972 66

non trivial sector 3964trivial sector 3964 9

non trivial sector 3966trivial sector 3966 10
0
non trivial sector 3974trivial sector 3974 7
non trivial sector 3967trivial sector 3967 11
1
non trivial sector 3975trivial sector 3975 8

non trivial sector non trivial sector 3976 6

non trivial sector 3973trivial sector 3973 77

non trivial sector 3970trivial sector 3970 66

non trivial sector 3971trivial sector 3971 77

non trivial sector 3979 979 8

non trivial sector 3982trivial sector 3982 88

non trivial sector 3984trivial sector 3984 66

non trivial sector non trivial sector 3977 77

non trivial sector 3978 978 7
non trivial sector 3986trivial sector 3986 77
non trivial sector 3980trivial sector 3980 77
non trivial sector 3988trivial sector 3988 77

non trivial sector 3981trivial sector 3981 88

non trivial sector 3985 77
non trivial sector 3983trivial sector 3983  9

non trivial sector 3989 989 8

non trivial sector 3987 987 8

non trivial sector 3992 992 7

non trivial sector 3993trivial sector 3993 88
non trivial sector 3990trivial sector 3990 88

non trivial sector 3995trivial sector 3995 9

non trivial sector 3994trivial sector 3994 88

non trivial sector 3996 996 8

non trivial sector 3997trivial sector 3997 99

non trivial sector 3991trivial sector 3991 99
non trivial sector 3998trivial sector 3998 99

non trivial sector 4002trivial sector 4002 77

non trivial sector non trivial sector 3999 10
0
non trivial sector 4003trivial sector 4003 8
non trivial sector 4000 66
non trivial sector 4005 005 8
non trivial sector 4004 004 7
non trivial sector 4001trivial sector 4001 7

non trivial sector non trivial sector 4007 007 9
non trivial sector 4008trivial sector 4008 77

non trivial sector 4010trivial sector 4010 88
non trivial sector 4006trivial sector 4006 88
non trivial sector 4012 8
non trivial sector non trivial sector 4011 99

non trivial sector 4009trivial sector 4009 88

non trivial sector 4013trivial sector 4013 9

non trivial sector 4017trivial sector 4017 8

non trivial sector 4014trivial sector 4014 99
non trivial sector 4018trivial sector 4018 88
non trivial sector 4019trivial sector 4019 9

non trivial sector 4016trivial sector 4016 7
non trivial sector 4020trivial sector 4020 8

non trivial sector 4015trivial sector 4015 10
0
non trivial sector 4023trivial sector 4023 10

non trivial sector 4024trivial sector 4024 88
non trivial sector 4026trivial sector 4026 9

non trivial sector 4022trivial sector 4022 99
non trivial sector 4025trivial sector 4025 99
non trivial sector 4021trivial sector 4021 9

non trivial sector 4028trivial sector 4028 9

non trivial sector non trivial sector 4027 027 10
0
non trivial sector 4032trivial sector 4032 66
non trivial sector 4029trivial sector 4029 10
0
non trivial sector non trivial sector 4034 7

non trivial sector non trivial sector 4033 7

non trivial sector 4035trivial sector 4035 8

non trivial sector 4030 10
0
non trivial sector 4031trivial sector 4031 11
1
non trivial sector 4037trivial sector 4037 8

non trivial sector 4038 88

non trivial sector 4039trivial sector 4039 99

non trivial sector 4042trivial sector 4042 88

non trivial sector non trivial sector 4041 041 8

non trivial sector non trivial sector 4044 044 8

non trivial sector 4040 040 7

non trivial sector 4036trivial sector 4036 77

non trivial sector 4048trivial sector 4048 7
non trivial sector non trivial sector 4046 9

non trivial sector 4043trivial sector 4043  9

non trivial sector 4045trivial sector 4045 99
non trivial sector 4050trivial sector 4050 8
non trivial sector 4047trivial sector 4047 110

non trivial sector 4052trivial sector 4052 8

non trivial sector 4049trivial sector 4049 88
non trivial sector 4051trivial sector 4051 9

non trivial sector 4053trivial sector 4053 9
non trivial sector 4056trivial sector 4056 88
non trivial sector 4054trivial sector 4054 99

non trivial sector 4058trivial sector 4058 99
non trivial sector 4060 060 9

non trivial sector 4055trivial sector 4055 10
non trivial sector 4059trivial sector 4059 110

non trivial sector 4057trivial sector 4057 99

non trivial sector 4064trivial sector 4064 7
non trivial sector 4062 110
non trivial sector 4061trivial sector 4061 1010
non trivial sector 4067trivial sector 4067 9

non trivial sector 4068trivial sector 4068 88
non trivial sector 4070 9

non trivial sector 4066trivial sector 4066 8

non trivial sector 4065trivial sector 4065 88
non trivial sector 4063trivial sector 4063 11
1
non trivial sector 4071 071 10
non trivial sector 4073trivial sector 4073 99
non trivial sector 4069 069 9

non trivial sector 4074trivial sector 4074 99
non trivial sector non trivial sector 4072 88

non trivial sector non trivial sector 4076 9

non trivial sector 4075 110

non trivial sector 4077trivial sector 4077 10

non trivial sector 4078trivial sector 4078 10
0
non trivial sector 4082trivial sector 4082 99
non trivial sector 4081trivial sector 4081  9

non trivial sector 4079trivial sector 4079 11
1
non trivial sector non trivial sector 4080 8

non trivial sector 4083trivial sector 4083 110

non trivial sector 4084trivial sector 4084 99
non trivial sector 4085 110
non trivial sector 4086 086 10

non trivial sector 4090trivial sector 4090 110

non trivial sector 4088trivial sector 4088  9

non trivial sector 4089 089 10
non trivial sector 4092trivial sector 4092 10
0
non trivial sector 4091trivial sector 4091 11

non trivial sector 4093trivial sector 4093 111

non trivial sector non trivial sector 4087 111

non trivial sector 4094trivial sector 4094 11

non trivial sector 4095trivial sector 4095 12
2
non trivial sector 4111 111 5
non trivial sector 4109trivial sector 4109 44

non trivial sector 4121trivial sector 4121 44
non trivial sector 4123trivial sector 4123 55
non trivial sector 4125trivial sector 4125 5

non trivial sector 4127trivial sector 4127 66

non trivial sector 4137trivial sector 4137 4

non trivial sector 4135trivial sector 4135 55

non trivial sector 4133trivial sector 4133 4

non trivial sector 4139trivial sector 4139 55

non trivial sector 4142 55
non trivial sector 4138trivial sector 4138 44

non trivial sector 4140trivial sector 4140 44
non trivial sector 4143trivial sector 4143 66

non trivial sector 4141trivial sector 4141 5

non trivial sector 4149trivial sector 4149 55

non trivial sector non trivial sector 4154 154 5

non trivial sector non trivial sector 41514151 66

non trivial sector 4159trivial sector 4159 77

non trivial sector 4158trivial sector 4158 66

non trivial sector 4153trivial sector 4153 55

non trivial sector 4155trivial sector 4155 66

non trivial sector 4157trivial sector 4157 66

non trivial sector 4165trivial sector 4165 44
non trivial sector 4167trivial sector 4167 55

non trivial sector 4156trivial sector 4156 5

non trivial sector 4171trivial sector 4171 5

non trivial sector 4172trivial sector 4172 4

non trivial sector 4174trivial sector 4174 55

non trivial sector 4170trivial sector 4170 4

non trivial sector 4173trivial sector 4173 55

non trivial sector 4175trivial sector 4175 66

non trivial sector 4181trivial sector 4181 55

non trivial sector 4185 5

non trivial sector 4169trivial sector 4169 4

non trivial sector 4188trivial sector 4188 5

non trivial sector 4183trivial sector 4183 66

non trivial sector 4186trivial sector 4186 55
non trivial sector 4187trivial sector 4187 66

non trivial sector 4189trivial sector 4189 66

non trivial sector 4197trivial sector 4197 55
non trivial sector 4191trivial sector 4191 77
non trivial sector 4190trivial sector 4190 66

non trivial sector 4201trivial sector 4201 55

non trivial sector 4199trivial sector 4199 6

non trivial sector 4206trivial sector 4206 6

non trivial sector 4203trivial sector 4203 66
non trivial sector non trivial sector 4202 55
non trivial sector 4204trivial sector 4204 5

non trivial sector 4205trivial sector 4205 6

non trivial sector non trivial sector 4207 77

non trivial sector 4213trivial sector 4213 6

non trivial sector 4217trivial sector 4217 66
non trivial sector 4215trivial sector 4215 77

non trivial sector 4220trivial sector 4220 6

non trivial sector 4218trivial sector 4218 6

non trivial sector 4221trivial sector 4221 7

non trivial sector 4222trivial sector 4222 77
non trivial sector 4219 219 7
non trivial sector 4223trivial sector 4223 88

non trivial sector non trivial sector 4234 234 4

non trivial sector 4229trivial sector 4229 4
non trivial sector 4231 55
non trivial sector 4237trivial sector 4237 5

non trivial sector 4233trivial sector 4233 44

non trivial sector 4236trivial sector 4236 44

non trivial sector 4239trivial sector 4239 66
nnon trivial sector 4235 55

non trivial sector 4247trivial sector 4247 66

non trivial sector non trivial sector 4238 5

non trivial sector 4252trivial sector 4252 55

non trivial sector 4245trivial sector 4245 55

non trivial sector 4254trivial sector 4254 66

non trivial sector 4249trivial sector 4249  5

non trivial sector non trivial sector 4250 250 5

non trivial sector 4251trivial sector 4251 6

non trivial sector 4253trivial sector 4253 66

non trivial sector 4255trivial sector 4255 77

non trivial sector 4265trivial sector 4265  5

non trivial sector 4261trivial sector 4261 55

non trivial sector 4263 263 6

non trivial sector 42684268 5

non trivial sector 4270trivial sector 4270 66

non trivial sector 4266trivial sector 4266 55
nnon trivial sector 4269 66
non trivial sector 4271trivial sector 4271  7

non trivial sector 4281 281 6

non trivial sector 4277 6
non trivial sector 4267trivial sector 4267 6

non trivial sector 4284trivial sector 4284 66

non trivial sector 4279 77

non trivial sector 4286trivial sector 4286 7

non trivial sector 4285trivial sector 4285 77

non trivial sector 4282 282 6

non trivial sector 4287trivial sector 4287 8

non trivial sector 4283trivial sector 4283 77

non trivial sector 4295trivial sector 4295 66
non trivial sector 4297trivial sector 4297 55

non trivial sector 4293 293 5

non trivial sector 4301trivial sector 4301 66
non trivial sector non trivial sector 4298 298 5
non trivial sector 4302trivial sector 4302 66

non trivial sector 4300trivial sector 4300 55

non trivial sector 4299trivial sector 4299 66

non trivial sector 4303 303 7

non trivial sector 4309trivial sector 4309 66
non trivial sector 4314trivial sector 4314 66
non trivial sector 4311trivial sector 4311 77

non trivial sector 4315trivial sector 4315 77

non trivial sector 4313 313 6

non trivial sector 4316trivial sector 4316 6

non trivial sector 4319trivial sector 4319 8

non trivial sector 4318trivial sector 4318 77
non trivial sector 4317trivial sector 4317 77

non trivial sector 4325trivial sector 4325 6

non trivial sector 4327trivial sector 4327 77

non trivial sector 4331trivial sector 4331 77

non trivial sector 4332trivial sector 4332 6

non trivial sector 4333trivial sector 4333 7

non trivial sector 4329trivial sector 4329 6

non trivial sector 4341trivial sector 4341 7

non trivial sector 4330 66

non trivial sector 4346trivial sector 4346 77
non trivial sector 4343 343 8
non trivial sector 4334trivial sector 4334 7

non trivial sector non trivial sector 4345 345 7

non trivial sector non trivial sector 43354335 88

non trivial sector 4351trivial sector 4351 99

non trivial sector 4349trivial sector 4349 88

non trivial sector 4348trivial sector 4348 77

non trivial sector 4350trivial sector 4350 88

non trivial sector 4347trivial sector 4347 88
non trivial sector 4366trivial sector 4366 55
non trivial sector 4364trivial sector 4364 44
non trivial sector 4365trivial sector 4365 55

non trivial sector 4373trivial sector 4373 5

non trivial sector 4367trivial sector 4367 66

non trivial sector 4380 380 5
non trivial sector 4377trivial sector 4377  5

non trivial sector 4379trivial sector 4379 6
non trivial sector 4378trivial sector 4378 55

non trivial sector 4375trivial sector 4375 66

non trivial sector 4383trivial sector 4383 77

non trivial sector 4382trivial sector 4382 6

non trivial sector 4381trivial sector 4381 6

non trivial sector 4391 391 6

non trivial sector 4394trivial sector 4394 55

non trivial sector 4389trivial sector 4389 5

non trivial sector 4398trivial sector 4398 6
non trivial sector 4393trivial sector 4393 5

non trivial sector 4397trivial sector 4397 6

non trivial sector 4396trivial sector 4396 5
non trivial sector 4395trivial sector 4395 66

non trivial sector non trivial sector 4407 407 7

non trivial sector 4399trivial sector 4399 77

non trivial sector 4405trivial sector 4405 66

non trivial sector 4410 66
non trivial sector 4409trivial sector 4409 66
non trivial sector 4414 414 7
non trivial sector 4413trivial sector 4413 77
non trivial sector 4411trivial sector 4411 7

non trivial sector 4415trivial sector 4415 88
non trivial sector 4421trivial sector 4421 5

non trivial sector 4412trivial sector 4412 66

non trivial sector non trivial sector 4423 423 6

non trivial sector non trivial sector 4426 426 5

non trivial sector 4425trivial sector 4425  5

non trivial sector 4428trivial sector 4428 55
non trivial sector 4430trivial sector 4430 6
non trivial sector 4427trivial sector 4427 6

non trivial sector 4429trivial sector 4429 6

non trivial sector non trivial sector 4431 431 7

non trivial sector 4442trivial sector 4442 6
non trivial sector 4439trivial sector 4439 77

non trivial sector 4437 437 6

non trivial sector non trivial sector 4444 444 6

non trivial sector 4443trivial sector 4443 77
nnon trivial sector 4441 441 6

non trivial sector 4447trivial sector 4447 88

non trivial sector 4446trivial sector 4446 77

non trivial sector non trivial sector 4445 77

non trivial sector non trivial sector 4457 457 6

non trivial sector 4455 455 7

non trivial sector 4453trivial sector 4453 6

non trivial sector 4460trivial sector 4460 66
non trivial sector 4459trivial sector 4459 7
non trivial sector 4458trivial sector 4458 6

non trivial sector 4462 462 7

non trivial sector 4461trivial sector 4461  7
non trivial sector 4471trivial sector 4471 88
non trivial sector 4469trivial sector 4469 7

non trivial sector 4476trivial sector 4476 77

non trivial sector 4463trivial sector 4463 8

non trivial sector 4474trivial sector 4474 77

non trivial sector 4473trivial sector 4473 77
non trivial sector 4478trivial sector 4478 88

non trivial sector 4475trivial sector 4475 88
non trivial sector 4477trivial sector 4477 88

non trivial sector 4487trivial sector 4487 66

non trivial sector 4490trivial sector 4490 55

non trivial sector 4479trivial sector 4479  9

non trivial sector 4485 55
non trivial sector non trivial sector 4493 6

non trivial sector 4492 5
non trivial sector 4489trivial sector 4489 5

non trivial sector non trivial sector 4491 66

non trivial sector 4495trivial sector 4495 7

non trivial sector 4494trivial sector 4494 66

non trivial sector 4503trivial sector 4503 77

non trivial sector 4506 506 6

non trivial sector 4505 505 6

non trivial sector 4508trivial sector 4508 6

non trivial sector 4510trivial sector 4510 77

non trivial sector 4501trivial sector 4501 6
non trivial sector 4509trivial sector 4509 77
non trivial sector 4507trivial sector 4507 77
non trivial sector 4517trivial sector 4517 6
non trivial sector 4511trivial sector 4511 88

non trivial sector 45194519 77

non trivial sector 4521 521 6

non trivial sector 4526trivial sector 4526 77
non trivial sector 4522trivial sector 4522 66

non trivial sector 4524trivial sector 4524 66
non trivial sector 4523 523 7

non trivial sector non trivial sector 4527 88

non trivial sector 4525trivial sector 4525 77

non trivial sector 4535trivial sector 4535 88

non trivial sector 4538trivial sector 4538 7

non trivial sector 4533trivial sector 4533 77

non trivial sector non trivial sector 4540 77
non trivial sector 4537trivial sector 4537 77

non trivial sector 4539trivial sector 4539 88

non trivial sector 4543trivial sector 4543 9

non trivial sector 4541trivial sector 4541 88

non trivial sector 4542trivial sector 4542 88

non trivial sector non trivial sector 4554 66

non trivial sector non trivial sector 4549 549 6

non trivial sector non trivial sector 4551  7
non trivial sector 4556trivial sector 4556 66
non trivial sector 4553trivial sector 4553 66
non trivial sector non trivial sector 4557 7

non trivial sector 4559 559trivial sector  8

non trivial sector 45554555 77

non trivial sector 4565trivial sector 4565 77
non trivial sector 4558trivial sector 4558 77

non trivial sector 4569trivial sector 4569  7

non trivial sector 4570 570 7

non trivial sector non trivial sector 4572 77
non trivial sector 4567trivial sector 4567 88
non trivial sector 4575 99
non trivial sector 4571trivial sector 4571 88

non trivial sector 4574 88

non trivial sector 4573trivial sector 4573 88

non trivial sector 4585trivial sector 4585 77

non trivial sector non trivial sector 4581 77

non trivial sector 4586trivial sector 4586 77

non trivial sector non trivial sector 4588 588 7

non trivial sector 4583trivial sector 4583 88

non trivial sector 4589trivial sector 4589 88

non trivial sector 4590trivial sector 4590  8

non trivial sector 4587trivial sector 4587 88
non trivial sector 4591trivial sector 4591 99
non trivial sector 4601 8

non trivial sector 4597trivial sector 4597 88
non trivial sector 4602trivial sector 4602 8

non trivial sector 4599trivial sector 4599 99

non trivial sector 4603trivial sector 4603 9

non trivial sector 4604trivial sector 4604 88

non trivial sector 4606trivial sector 4606 99

non trivial sector 4605trivial sector 4605  9

non trivial sector 4619trivial sector 4619 5
non trivial sector 4607trivial sector 4607 110
non trivial sector 4617trivial sector 4617 4

non trivial sector 4616trivial sector 4616 33

non trivial sector 4623trivial sector 4623 6

non trivial sector 4621 55
non trivial sector 4622trivial sector 4622 5

non trivial sector 4618trivial sector 4618 44
non trivial sector 4620trivial sector 4620 44
non trivial sector 4633trivial sector 4633 55

non trivial sector 4634trivial sector 4634 5

non trivial sector 4636trivial sector 4636 55

non trivial sector 4632trivial sector 4632 44

non trivial sector 4637trivial sector 4637 66

non trivial sector 4635trivial sector 4635  6

non trivial sector 4643 643 5

non trivial sector 4639trivial sector 4639  7

non trivial sector 4645 645 5

non trivial sector 4638trivial sector 4638 66

non trivial sector 4644trivial sector 4644 4

non trivial sector 4646trivial sector 4646 5
non trivial sector 4653trivial sector 4653 66

non trivial sector 4650trivial sector 4650 55

non trivial sector 4642trivial sector 4642 4
non trivial sector 4651 651 6

non trivial sector 4649trivial sector 4649 55

non trivial sector 4654trivial sector 4654 66
non trivial sector 4652trivial sector 4652 55

non trivial sector 4659trivial sector 4659 66

non trivial sector 4648 648 4

non trivial sector 4655trivial sector 4655 7

non trivial sector 4647trivial sector 4647 66

non trivial sector 4664trivial sector 4664 5

non trivial sector 4660trivial sector 4660 5

non trivial sector 4665 665 6

non trivial sector 4661trivial sector 4661 6

non trivial sector 4663trivial sector 4663 7

non trivial sector 4662trivial sector 4662 6

non trivial sector 4666trivial sector 4666 66
non trivial sector 4658trivial sector 4658 55
non trivial sector 4670trivial sector 4670 77

non trivial sector non trivial sector 4667 667 7

non trivial sector 4668trivial sector 4668 6

non trivial sector 46744674 44

non trivial sector 4669 669 77

non trivial sector 4675trivial sector 4675 5

non trivial sector 4678 5

non trivial sector 4677trivial sector 4677 55
non trivial sector 4684trivial sector 4684 5
non trivial sector 4682trivial sector 4682 55

non trivial sector 4679trivial sector 4679 66
non trivial sector 4676trivial sector 4676 4

non trivial sector 4683 683 6

non trivial sector 4671 671 8

non trivial sector 4685trivial sector 4685 6
non trivial sector 4687trivial sector 4687 77
non trivial sector 4680trivial sector 4680 44

non trivial sector 4686trivial sector 4686 66
non trivial sector 4681trivial sector 4681 55

non trivial sector non trivial sector 4693 693 6

non trivial sector 4692trivial sector 4692 55

non trivial sector 4698 66
non trivial sector 4694trivial sector 4694 6
non trivial sector 4691trivial sector 4691 6

non trivial sector 4695trivial sector 4695 77
non trivial sector 4697trivial sector 4697 66

non trivial sector 4690trivial sector 4690 5

non trivial sector 4696trivial sector 4696 5
non trivial sector 4700trivial sector 4700 6
non trivial sector 4706trivial sector 4706 5
non trivial sector 4699trivial sector 4699 77
non trivial sector 4707trivial sector 4707 6

non trivial sector 4703trivial sector 4703 8

non trivial sector non trivial sector 4702 7

non trivial sector 4712 712 5

non trivial sector 4701 77
non trivial sector 4710trivial sector 4710 6

non trivial sector 47134713 6

non trivial sector non trivial sector 4711 711 77

non trivial sector 4709trivial sector 4709 6

non trivial sector 4714trivial sector 4714  6

non trivial sector non trivial sector 4718 718 7

non trivial sector 4708trivial sector 4708 5

non trivial sector 4719trivial sector 4719 88

non trivial sector 4716trivial sector 4716 66
non trivial sector 4715trivial sector 4715 77

non trivial sector 4717 77

non trivial sector 4723trivial sector 4723 77
non trivial sector 4722trivial sector 4722 66
non trivial sector 4724trivial sector 4724 6

non trivial sector 4725 77

non trivial sector 4726trivial sector 4726 77
non trivial sector 4728 6
non trivial sector 4727trivial sector 4727 88
non trivial sector 4729trivial sector 4729 7

non trivial sector 4730trivial sector 4730 77

non trivial sector 4732trivial sector 4732 7

non trivial sector 4735trivial sector 4735  9

non trivial sector 4731trivial sector 4731  8

non trivial sector non trivial sector 4741 741 5

non trivial sector 4739trivial sector 4739  5

non trivial sector non trivial sector 4738 738 44

non trivial sector 4743trivial sector 4743 66
non trivial sector 4733trivial sector 4733 88

non trivial sector 4734trivial sector 4734 8

non trivial sector 4740trivial sector 4740 44

non trivial sector 4742trivial sector 4742 55

non trivial sector non trivial sector 4748 748 5

non trivial sector 4749trivial sector 4749 66
non trivial sector non trivial sector 4746 55

non trivial sector 4745 55
non trivial sector 4754trivial sector 4754 55

non trivial sector 4747trivial sector 4747 66

non trivial sector 4744trivial sector 4744 44

non trivial sector 4750trivial sector 4750 6

non trivial sector 4760trivial sector 4760 5

non trivial sector 4755trivial sector 4755 6

non trivial sector non trivial sector 4758 66

non trivial sector 4761 761 6

non trivial sector 4763trivial sector 4763  7

non trivial sector 4751trivial sector 4751 77

non trivial sector 4759 759 7

non trivial sector non trivial sector 4757 757 6

non trivial sector 4766trivial sector 4766 77

non trivial sector 4764trivial sector 4764 6
non trivial sector 4762trivial sector 4762 6

non trivial sector 4756trivial sector 4756 55

non trivial sector 4765trivial sector 4765 77

non trivial sector 4767trivial sector 4767  8

non trivial sector 4770trivial sector 4770 55

non trivial sector 4774trivial sector 4774 6

non trivial sector 4773trivial sector 4773 66
non trivial sector 4776trivial sector 4776 5

non trivial sector 4771 66

non trivial sector non trivial sector 4775 775 7

non trivial sector 4778trivial sector 4778 66
non trivial sector 4772trivial sector 4772 55

non trivial sector 4780trivial sector 4780 6

non trivial sector 4783trivial sector 4783 88
non trivial sector 4781trivial sector 4781 77

non trivial sector 47874787  7

non trivial sector 4782trivial sector 4782 77

non trivial sector 4779trivial sector 4779 77
non trivial sector 4777trivial sector 4777 66
non trivial sector 4790trivial sector 4790 77
non trivial sector 4786 6
non trivial sector 4793trivial sector 4793 7
non trivial sector 4789trivial sector 4789 77

non trivial sector non trivial sector 4788 788 6

non trivial sector 4791trivial sector 4791 8

non trivial sector 4796trivial sector 4796 7

non trivial sector 4792 6
non trivial sector 4794trivial sector 4794 77
non trivial sector 4795 8
non trivial sector non trivial sector 4798 8

non trivial sector 4803trivial sector 4803  6

non trivial sector 4799trivial sector 4799 9

non trivial sector 4805 805 6

non trivial sector 4797trivial sector 4797 8
non trivial sector 4804trivial sector 4804 55
non trivial sector 4806trivial sector 4806 66
non trivial sector 4802trivial sector 4802 55

non trivial sector 4808trivial sector 4808 55

non trivial sector 4807trivial sector 4807 77

non trivial sector 4809 66
non trivial sector 4812 812 6
non trivial sector 4818trivial sector 4818 6

non trivial sector 4814trivial sector 4814 7

non trivial sector 4810trivial sector 4810 6
non trivial sector 4822trivial sector 4822 77

non trivial sector 4813trivial sector 4813 77

non trivial sector 4820trivial sector 4820 66

non trivial sector 4821trivial sector 4821 7

non trivial sector non trivial sector 4811 7

non trivial sector non trivial sector 4824 66

non trivial sector 4826 77
non trivial sector 4823 88

non trivial sector 4825trivial sector 4825 77

non trivial sector 4815 815 8

non trivial sector 4819trivial sector 4819  7

non trivial sector 4830trivial sector 4830 8

non trivial sector non trivial sector 4829 88
non trivial sector 4831trivial sector 4831 99

non trivial sector 4834trivial sector 4834 66
nnon trivial sector 48374837 7

non trivial sector 4828trivial sector 4828 7

non trivial sector 4839 8

non trivial sector 4838 838 7

non trivial sector 4835trivial sector 4835 7
non trivial sector 4827trivial sector 4827 8

non trivial sector 4836 836 6

non trivial sector non trivial sector 4842 842 7

non trivial sector 4840 840 6

non trivial sector 4841trivial sector 4841 77
non trivial sector 4844trivial sector 4844 7

non trivial sector 4843trivial sector 4843 8

non trivial sector 4846trivial sector 4846 88

non trivial sector 4845trivial sector 4845 88

non trivial sector 4851 851 8
non trivial sector 4847 99

non trivial sector 4850trivial sector 4850 77

non trivial sector 4853 853 8

non trivial sector 4852trivial sector 4852 7

non trivial sector non trivial sector 4855 855 9

non trivial sector 4859 99

non trivial sector 4854trivial sector 4854  8
non trivial sector 4857trivial sector 4857 8
non trivial sector non trivial sector 4856 856 7

non trivial sector 4858 858 8
non trivial sector 4862 862 9
non trivial sector 4861trivial sector 4861 9

non trivial sector 4860trivial sector 4860 8

non trivial sector 4863trivial sector 4863 10
non trivial sector 4873trivial sector 4873 55

non trivial sector 4875 875 6

non trivial sector 4872 872 44
non trivial sector 4876trivial sector 4876 55

non trivial sector 4874trivial sector 4874 55

non trivial sector 4884trivial sector 4884 55
non trivial sector 4879 879 77
non trivial sector non trivial sector 4877 66
non trivial sector 4882trivial sector 4882 5

non trivial sector 4885 885 66

non trivial sector 4878trivial sector 4878  6

non trivial sector 4883trivial sector 4883  6

non trivial sector 4888 888 5

non trivial sector 4886trivial sector 4886 66

non trivial sector 4887trivial sector 4887 7

non trivial sector 4890trivial sector 4890 6

non trivial sector 4895trivial sector 4895 88

non trivial sector 4893 893 7
non trivial sector 4891 7

non trivial sector 4889trivial sector 4889 66
non trivial sector 4892trivial sector 4892 66

non trivial sector 4894trivial sector 4894 77

non trivial sector non trivial sector 4899 899 6

non trivial sector 4905trivial sector 4905 66
non trivial sector 4900 900 5
non trivial sector 4904trivial sector 4904 55
non trivial sector 4906trivial sector 4906 66
non trivial sector 4903trivial sector 4903 77

non trivial sector 4907 907 7

non trivial sector non trivial sector 4898 5

non trivial sector 4908trivial sector 4908 66

non trivial sector 4901trivial sector 4901 66

non trivial sector 4902trivial sector 4902 66
non trivial sector 4915trivial sector 4915 77
non trivial sector 4909trivial sector 4909 77

non trivial sector 4910trivial sector 4910 7

non trivial sector non trivial sector 4916 6
non trivial sector non trivial sector 4911 911 8

non trivial sector non trivial sector 4920 920 6

non trivial sector 4914trivial sector 4914 66

non trivial sector 4917trivial sector 4917 7

non trivial sector 4919 919 8

non trivial sector 4923 923 8

non trivial sector 4918 918 7

non trivial sector 4922trivial sector 4922 77
non trivial sector 4924trivial sector 4924 77
non trivial sector non trivial sector 4921 921 7

non trivial sector 4925trivial sector 4925 88

non trivial sector 4926trivial sector 4926 88

non trivial sector 4927trivial sector 4927 9

non trivial sector 4930trivial sector 4930 55

non trivial sector 4933trivial sector 4933 66

non trivial sector 4931trivial sector 4931 6

non trivial sector 4935 7
non trivial sector 4938trivial sector 4938 6

non trivial sector 4932 932 5
non trivial sector non trivial sector 4937 937 6
non trivial sector non trivial sector 4939 77
non trivial sector 4940trivial sector 4940 6
non trivial sector 4942trivial sector 4942 7

non trivial sector 4943trivial sector 4943 8
non trivial sector non trivial sector 4936 936 5

non trivial sector 4934trivial sector 4934  6

non trivial sector non trivial sector 4946 946 6

non trivial sector non trivial sector 4941 77
non trivial sector 4948trivial sector 4948 6
non trivial sector non trivial sector 4950 950 7

non trivial sector 4947trivial sector 4947 77

non trivial sector 4949trivial sector 4949 7

non trivial sector 4951trivial sector 4951 88

non trivial sector 4953trivial sector 4953 77

non trivial sector 4955trivial sector 4955 8
non trivial sector 4957trivial sector 4957 88
non trivial sector 4954trivial sector 4954 77

non trivial sector 4952trivial sector 4952 6

non trivial sector 4956trivial sector 4956 7
non trivial sector 4963trivial sector 4963 7

non trivial sector 4959trivial sector 4959 9

non trivial sector 4962trivial sector 4962 6

non trivial sector 4968trivial sector 4968 6

non trivial sector 4966trivial sector 4966 7

non trivial sector 4958trivial sector 4958 88
non trivial sector 4965 77

non trivial sector 4964trivial sector 4964 6

non trivial sector 4967trivial sector 4967 8

non trivial sector 49724972 77
non trivial sector 4970trivial sector 4970 77

non trivial sector 4971trivial sector 4971 88
non trivial sector 4973trivial sector 4973  8

non trivial sector 4974trivial sector 4974 88

non trivial sector non trivial sector 4969 7

non trivial sector 4975trivial sector 4975 99
non trivial sector 4978trivial sector 4978 7

non trivial sector 4979trivial sector 4979 88

non trivial sector 4980 77

non trivial sector non trivial sector 4981 8

non trivial sector 4985trivial sector 4985 88
non trivial sector 4984trivial sector 4984  7

non trivial sector 4986trivial sector 4986 88

non trivial sector 4988trivial sector 4988 88

non trivial sector 4990trivial sector 4990 99

non trivial sector 4989trivial sector 4989 9

non trivial sector 4994trivial sector 4994 5

non trivial sector 4982trivial sector 4982 88
non trivial sector 4995trivial sector 4995 66

non trivial sector 4991trivial sector 4991 10
0
non trivial sector 4987trivial sector 4987 99

non trivial sector 4997trivial sector 4997 66

non trivial sector 4999trivial sector 4999 7

non trivial sector 4983trivial sector 4983 9

non trivial sector non trivial sector 4996 996 55

non trivial sector 49984998 6

non trivial sector non trivial sector 5001 66

non trivial sector 5002trivial sector 5002 6

non trivial sector 5004 004 6

non trivial sector 5000trivial sector 5000 55
non trivial sector 5005trivial sector 5005 77

non trivial sector 5003trivial sector 5003 77
non trivial sector 5012trivial sector 5012 6

non trivial sector non trivial sector 5007 007 8
non trivial sector 5011trivial sector 5011 7
non trivial sector 5006trivial sector 5006 77
non trivial sector 5014trivial sector 5014 77

non trivial sector 5010trivial sector 5010 66

non trivial sector 5017trivial sector 5017 77

non trivial sector 5018 7

non trivial sector 5013trivial sector 5013 77
non trivial sector 5015trivial sector 5015 8

non trivial sector 5016 016 6

non trivial sector 5023trivial sector 5023 99
non trivial sector 5019trivial sector 5019 88
non trivial sector 5020trivial sector 5020 77

non trivial sector 5026 026 6

non trivial sector 5027trivial sector 5027  7

non trivial sector 5021trivial sector 5021 88
non trivial sector 5028trivial sector 5028 66

non trivial sector 5030trivial sector 5030 77
non trivial sector 5032trivial sector 5032 66
non trivial sector 5033trivial sector 5033 77

non trivial sector 5031trivial sector 5031 88
non trivial sector 5022trivial sector 5022 88

non trivial sector 5034 034 7

non trivial sector 5036trivial sector 5036 77

non trivial sector non trivial sector 5035 035 8

non trivial sector 5029 7

non trivial sector 50395039 99

non trivial sector 5044trivial sector 5044 7

non trivial sector 5042 042 7

non trivial sector 5037trivial sector 5037 88

non trivial sector 5038trivial sector 5038 88

non trivial sector 5048trivial sector 5048 77

non trivial sector 5043trivial sector 5043 8

non trivial sector 5045trivial sector 5045 8

non trivial sector non trivial sector 5047 9
non trivial sector 5046trivial sector 5046 8
non trivial sector non trivial sector 5050 88

non trivial sector 5053 99

non trivial sector 5049trivial sector 5049 88

non trivial sector non trivial sector 5051 051 9
non trivial sector 5052trivial sector 5052 88

non trivial sector 5055trivial sector 5055 110

non trivial sector 5054trivial sector 5054 9

non trivial sector 5062trivial sector 5062 77
non trivial sector 5060trivial sector 5060 6

non trivial sector 5058trivial sector 5058 6

non trivial sector 5059trivial sector 5059 77

non trivial sector 5063trivial sector 5063 88

non trivial sector 5064trivial sector 5064 6

non trivial sector 5065trivial sector 5065 7

non trivial sector 5066trivial sector 5066 77

non trivial sector 5061trivial sector 5061 7

non trivial sector non trivial sector 50675067 8

non trivial sector 5068trivial sector 5068 77

non trivial sector 5070trivial sector 5070 8

non trivial sector non trivial sector 5069 069 8

non trivial sector 5075 075 8

non trivial sector 5074trivial sector 5074 7

non trivial sector 5071trivial sector 5071 99
non trivial sector 5076 076 7

non trivial sector 5078trivial sector 5078 8

non trivial sector 5080trivial sector 5080 77
non trivial sector 5079 079 9

non trivial sector 5081 081 8

non trivial sector 5083trivial sector 5083 9

non trivial sector 5082 88

non trivial sector 5085trivial sector 5085 99

non trivial sector 5077trivial sector 5077 88

non trivial sector 5087trivial sector 5087 110

non trivial sector 5084trivial sector 5084 88
non trivial sector 5090trivial sector 5090 77

non trivial sector 5093trivial sector 5093 8

non trivial sector 5092trivial sector 5092 77

non trivial sector 5086trivial sector 5086  9

non trivial sector 5097trivial sector 5097 88
non trivial sector 5095trivial sector 5095 9

non trivial sector 5098trivial sector 5098 88

non trivial sector 5094trivial sector 5094 88

non trivial sector 5091trivial sector 5091 88

non trivial sector 5096 77

non trivial sector 5100trivial sector 5100  8

non trivial sector 5101 101 9

non trivial sector 5102trivial sector 5102 9

non trivial sector 5107 9
non trivial sector 5106trivial sector 5106 88

non trivial sector 5109trivial sector 5109 99

non trivial sector 5099trivial sector 5099 99

non trivial sector 5108 108 8

non trivial sector 5103trivial sector 5103 110

non trivial sector 51105110 99

non trivial sector non trivial sector 5112 112 8

non trivial sector 5114trivial sector 5114 99

non trivial sector 5115trivial sector 5115 110

non trivial sector non trivial sector 5113 99
non trivial sector 5111trivial sector 5111 10
0
non trivial sector 5116trivial sector 5116 99
non trivial sector 5117trivial sector 5117 10
non trivial sector 5119trivial sector 5119 11
1
non trivial sector 5129 4

non trivial sector 5118trivial sector 5118 110

non trivial sector 5128trivial sector 5128 33

non trivial sector 5131trivial sector 5131 5

non trivial sector 5134 134 5

non trivial sector 5130trivial sector 5130 4

non trivial sector 5132 4

non trivial sector 5133trivial sector 5133 5

non trivial sector 5135trivial sector 5135 66

non trivial sector 5144trivial sector 5144  4

non trivial sector 5146 146 5
non trivial sector 5145 145 5

non trivial sector 5148trivial sector 5148 55

non trivial sector 5147trivial sector 5147 66

non trivial sector 5151trivial sector 5151 77

non trivial sector 5149trivial sector 5149 66

non trivial sector 5150 150 6
non trivial sector 5156trivial sector 5156 44
non trivial sector 5160trivial sector 5160 4
non trivial sector 5159trivial sector 5159 6

non trivial sector 5155trivial sector 5155  5

non trivial sector 5157 157 5

non trivial sector 5161trivial sector 5161 55

non trivial sector 5163trivial sector 5163 66

non trivial sector 5158trivial sector 5158 55

non trivial sector 5166trivial sector 5166  66
non trivial sector 5162trivial sector 5162 5

non trivial sector 5165trivial sector 5165 66
non trivial sector 5154 154 4
non trivial sector 5164trivial sector 5164 55

non trivial sector non trivial sector 5171 66

non trivial sector 5170 170 5
non trivial sector 5173 173 6

non trivial sector 5167trivial sector 5167 77

non trivial sector 5172trivial sector 5172 55

non trivial sector 5178trivial sector 5178 6

non trivial sector non trivial sector 5176 176 5

non trivial sector 5180trivial sector 5180 66
non trivial sector 5175trivial sector 5175 7

non trivial sector 5177 177 6

non trivial sector 5174trivial sector 5174 66
non trivial sector 5182 7

non trivial sector 5186trivial sector 5186 44

non trivial sector 5179trivial sector 5179 7

non trivial sector 5181trivial sector 5181 77

non trivial sector non trivial sector 5189 189 5

non trivial sector 5191 191 6

non trivial sector 5190 190 5

non trivial sector 5188trivial sector 5188 44
non trivial sector 5192 192 4

non trivial sector 5187 187 5
non trivial sector 5194trivial sector 5194 55

non trivial sector 5196trivial sector 5196 55
non trivial sector 5195trivial sector 5195 6

non trivial sector 5198 198 6

non trivial sector 5183trivial sector 5183 88

non trivial sector 5193trivial sector 5193 55

non trivial sector 5199trivial sector 5199 7

non trivial sector 5197trivial sector 5197 66

non trivial sector non trivial sector 5204 204 5

non trivial sector 5208trivial sector 5208 55

non trivial sector 5203 203 6

non trivial sector 5206trivial sector 5206  6

non trivial sector 5202trivial sector 5202 5

non trivial sector 5209 6

non trivial sector 5207trivial sector 5207 77
non trivial sector 5211trivial sector 5211 77
non trivial sector 5205trivial sector 5205 6
non trivial sector 5212trivial sector 5212 66

non trivial sector 5210trivial sector 5210 66
non trivial sector non trivial sector 5214 214 7

non trivial sector 5219trivial sector 5219 66

non trivial sector non trivial sector 5218 218 5

non trivial sector 5215trivial sector 5215 8

non trivial sector 5224trivial sector 5224 5

non trivial sector 5223trivial sector 5223 77

non trivial sector 5220trivial sector 5220 55
nnon trivial sector 5221 221 6

non trivial sector 5222 66

non trivial sector 5213trivial sector 5213 77

non trivial sector 5225trivial sector 5225 6

non trivial sector 5227trivial sector 5227 7

non trivial sector 5230 7

non trivial sector 5226trivial sector 5226 66

non trivial sector 5229trivial sector 5229 77
non trivial sector 5228trivial sector 5228 6

non trivial sector non trivial sector 5235 235 7

non trivial sector 5234trivial sector 5234 6

non trivial sector 5240 66

non trivial sector 5231trivial sector 5231 88
non trivial sector 5237trivial sector 5237 77

non trivial sector 5236trivial sector 5236 66

non trivial sector non trivial sector 5242 7
non trivial sector 5238trivial sector 5238 7

non trivial sector 5244trivial sector 5244 77

non trivial sector 5239 239 8

non trivial sector 5243trivial sector 5243 88

non trivial sector 5241 241 7

non trivial sector 5245trivial sector 5245 88

non trivial sector 5250trivial sector 5250 44

non trivial sector 5251trivial sector 5251 55

non trivial sector 5247trivial sector 5247 99

non trivial sector 5246trivial sector 5246 8

non trivial sector 5258trivial sector 5258 55

non trivial sector 5254trivial sector 5254 55

non trivial sector 5253trivial sector 5253 55

non trivial sector 5257trivial sector 5257 55
non trivial sector 5256trivial sector 5256 44

non trivial sector 5252trivial sector 5252 44

non trivial sector non trivial sector 5262 262 6

non trivial sector 5259trivial sector 5259 66
non trivial sector 5255trivial sector 5255 66

non trivial sector 5266trivial sector 5266 55
non trivial sector 5261trivial sector 5261 66
non trivial sector 5263trivial sector 5263 7

non trivial sector 5268 268 5

non trivial sector 5260trivial sector 5260 55

non trivial sector 5267trivial sector 5267 6

non trivial sector 5272trivial sector 5272 55
non trivial sector 5269 269 6

non trivial sector 5273trivial sector 5273 66

non trivial sector non trivial sector 5275 77
non trivial sector 5271trivial sector 5271 7
non trivial sector 5270trivial sector 5270 66

non trivial sector non trivial sector 5278 72787
non trivial sector 5277trivial sector 5277  7

non trivial sector 5276 276 6

non trivial sector 5285trivial sector 5285 66
non trivial sector 5279trivial sector 5279 8

non trivial sector 5283trivial sector 5283 66

non trivial sector 5286 286 6
non trivial sector 5274trivial sector 5274 6

non trivial sector 5288trivial sector 5288 55

non trivial sector 5284trivial sector 5284 5

non trivial sector 5282trivial sector 5282 5
non trivial sector 5289 289 6

non trivial sector 5293trivial sector 5293  7

non trivial sector 5292 6

non trivial sector 5287trivial sector 5287 77

non trivial sector 5295trivial sector 5295 88

non trivial sector 5290trivial sector 5290 6

non trivial sector 5299trivial sector 5299 77

non trivial sector 5294trivial sector 5294 7

non trivial sector 5291trivial sector 5291 77
non trivial sector non trivial sector 5298 298 6

non trivial sector 5305trivial sector 5305 77

non trivial sector 5302trivial sector 5302 77
non trivial sector 5301 301 7

non trivial sector 5300trivial sector 5300 66

non trivial sector non trivial sector 5303 303 8

non trivial sector 5304trivial sector 5304 66

non trivial sector non trivial sector 5307 307 8

non trivial sector 5306trivial sector 5306 77
non trivial sector 5311trivial sector 5311  9

non trivial sector 5309trivial sector 5309 88

non trivial sector 5314trivial sector 5314 55
non trivial sector 5310trivial sector 5310 88

non trivial sector 5316trivial sector 5316 55

non trivial sector 5320trivial sector 5320 55

non trivial sector 5315trivial sector 5315 6

non trivial sector 5308trivial sector 5308 77

non trivial sector 5319trivial sector 5319 77

non trivial sector non trivial sector 5317 317 6

non trivial sector 5318 318 6

non trivial sector 5321trivial sector 5321 66
non trivial sector non trivial sector 5323 77

non trivial sector 5324trivial sector 5324 66

non trivial sector 5327 88

non trivial sector 5325trivial sector 5325 77

non trivial sector 5322trivial sector 5322 66

non trivial sector non trivial sector 5326 326 7

non trivial sector 5333trivial sector 5333 77

non trivial sector 5330 330 6
non trivial sector 5332trivial sector 5332 6

non trivial sector 5331trivial sector 5331 7

non trivial sector 5335trivial sector 5335 88
non trivial sector 5336trivial sector 5336 66

non trivial sector non trivial sector 5334 334 7

non trivial sector 5337trivial sector 5337 77
non trivial sector 5342trivial sector 5342 88

non trivial sector 5341trivial sector 5341 8

non trivial sector 5348trivial sector 5348 66
non trivial sector 5340trivial sector 5340 77

non trivial sector 5338 338 7

non trivial sector 5343trivial sector 5343 9

non trivial sector 5346trivial sector 5346 66

non trivial sector 5339trivial sector 5339 88
non trivial sector 5347trivial sector 5347 7
non trivial sector 5352trivial sector 5352 6

non trivial sector 5349trivial sector 5349 7

non trivial sector 5353trivial sector 5353 77

non trivial sector non trivial sector 5351 351 8

non trivial sector 5355trivial sector 5355 88

non trivial sector 5354trivial sector 5354 7

non trivial sector 5350trivial sector 5350 77

non trivial sector 5357trivial sector 5357 88
non trivial sector non trivial sector 5356 356 7

non trivial sector 5359trivial sector 5359 99

non trivial sector 5362trivial sector 5362 77

non trivial sector 5364 77

non trivial sector 5363trivial sector 5363 88

non trivial sector 5368trivial sector 5368 77

non trivial sector 5358trivial sector 5358 88

non trivial sector 5369trivial sector 5369 88

non trivial sector 5366trivial sector 5366 8

non trivial sector 5370trivial sector 5370 8
non trivial sector 5367trivial sector 5367 9

non trivial sector non trivial sector 5365 365 8

non trivial sector 5373trivial sector 5373 99

non trivial sector 5372trivial sector 5372 88
non trivial sector 5371trivial sector 5371 99
non trivial sector 5374trivial sector 5374 99

non trivial sector 5384trivial sector 5384 4
non trivial sector 5375trivial sector 5375 110

non trivial sector non trivial sector 5385 385 5

non trivial sector 5388trivial sector 5388 5
non trivial sector non trivial sector 5386 386 5
non trivial sector 5390 390 6
non trivial sector 5396trivial sector 5396 55
non trivial sector 5398trivial sector 5398 66
non trivial sector 5391trivial sector 5391 77
non trivial sector 5387trivial sector 5387 66
non trivial sector 5389trivial sector 5389 66

non trivial sector 5397trivial sector 5397 66

non trivial sector 5399trivial sector 5399 77

non trivial sector 5400trivial sector 5400 5

non trivial sector 5403trivial sector 5403 7

non trivial sector 5401trivial sector 5401 66
non trivial sector non trivial sector 5395 66

non trivial sector 5405trivial sector 5405 77

non trivial sector 5402 402 6

non trivial sector 5394trivial sector 5394 55

non trivial sector 5407trivial sector 5407 88
non trivial sector 5410trivial sector 5410 55

non trivial sector 5404trivial sector 5404 66

non trivial sector 5414trivial sector 5414 66

non trivial sector 5412trivial sector 5412 5

non trivial sector 5406trivial sector 5406 77

non trivial sector 5411 66

non trivial sector 5415trivial sector 5415 77

non trivial sector non trivial sector 5413 413 6

non trivial sector 5418trivial sector 5418 6

non trivial sector non trivial sector 5417 6

non trivial sector 5421trivial sector 5421 77
non trivial sector 5416trivial sector 5416 5
non trivial sector non trivial sector 5420 66

non trivial sector 5426trivial sector 5426 66
non trivial sector 5429trivial sector 5429  7

non trivial sector 5428trivial sector 5428 66
non trivial sector 5422 422 7

non trivial sector 5419trivial sector 5419 77

non trivial sector 5430trivial sector 5430 77
non trivial sector 5427trivial sector 5427 77

non trivial sector 5423trivial sector 5423 8

non trivial sector non trivial sector 5432 432 6

non trivial sector non trivial sector 5431 8

non trivial sector 5434trivial sector 5434 77

non trivial sector 5435trivial sector 5435 88

non trivial sector 5437trivial sector 5437 8

non trivial sector 5433trivial sector 5433 77

non trivial sector non trivial sector 5436 77

non trivial sector 5439 439 9
non trivial sector 5438trivial sector 5438 88

non trivial sector non trivial sector 5442 442 5

non trivial sector 5445trivial sector 5445  6

non trivial sector 5444trivial sector 5444 55

non trivial sector 5446trivial sector 5446 66
non trivial sector non trivial sector 5443 66

non trivial sector non trivial sector 5447 447 7
non trivial sector 5449trivial sector 5449 6

non trivial sector 5451trivial sector 5451 7

non trivial sector 5454trivial sector 5454 77

non trivial sector 5453trivial sector 5453 77

non trivial sector 5452 452 6
nnon trivial sector 5450 450 6
non trivial sector 5448trivial sector 5448 5

non trivial sector 5455trivial sector 5455 8

non trivial sector 5458trivial sector 5458 6

non trivial sector 5459trivial sector 5459 77

non trivial sector 5461 461 7

non trivial sector 5464trivial sector 5464 6
non trivial sector 5463trivial sector 5463 8
non trivial sector 5462 7

non trivial sector 5460trivial sector 5460 6

non trivial sector 5465trivial sector 5465 7

non trivial sector 5466trivial sector 5466 77

non trivial sector non trivial sector 5471 9

non trivial sector 5467trivial sector 5467 88

non trivial sector 5469trivial sector 5469 88
non trivial sector 5468trivial sector 5468 7

non trivial sector 5470 470 8

non trivial sector 5474trivial sector 5474  6

non trivial sector 5481trivial sector 5481 7
non trivial sector 5477trivial sector 5477  7

non trivial sector 5479trivial sector 5479  8
non trivial sector 5480trivial sector 5480 6

non trivial sector 5476trivial sector 5476 6

non trivial sector 5475trivial sector 5475 77
non trivial sector 5482trivial sector 5482 7

non trivial sector 5478trivial sector 5478 77

non trivial sector non trivial sector 5485 485 8

non trivial sector non trivial sector 5486 486 88

non trivial sector 5492trivial sector 5492 7
non trivial sector 5484trivial sector 5484 77
non trivial sector 5483 88
non trivial sector 5490trivial sector 5490 7

non trivial sector 5491trivial sector 5491 88

non trivial sector non trivial sector 5487 9

non trivial sector 5494trivial sector 5494 88

non trivial sector 5496trivial sector 5496 77
non trivial sector 5497trivial sector 5497 8

non trivial sector 5498trivial sector 5498 8

non trivial sector 5495trivial sector 5495 9

non trivial sector 5501trivial sector 5501 99

non trivial sector 5499trivial sector 5499  9

non trivial sector 5493trivial sector 5493 88

non trivial sector 5500trivial sector 5500 88
non trivial sector 5506trivial sector 5506 5

non trivial sector non trivial sector 5508  5

non trivial sector 5507trivial sector 5507 66

non trivial sector 5502trivial sector 5502 9

non trivial sector 5503trivial sector 5503 10
0
non trivial sector 5510trivial sector 5510 66
non trivial sector 5512 5
non trivial sector 5509trivial sector 5509 66
non trivial sector 5513trivial sector 5513 66
non trivial sector 5511trivial sector 5511 77

non trivial sector 5518 518 7

non trivial sector 5514trivial sector 5514  6

non trivial sector 5516trivial sector 5516 66

non trivial sector 5515trivial sector 5515  7

non trivial sector 5517trivial sector 5517 7

non trivial sector 5519trivial sector 5519  8

non trivial sector non trivial sector 5522 6

non trivial sector 5526trivial sector 5526 77
non trivial sector 5523trivial sector 5523 77

non trivial sector 5527trivial sector 5527 88

non trivial sector 5528trivial sector 5528 6

non trivial sector 5524trivial sector 5524 6

non trivial sector 5529 529 7

non trivial sector 5525trivial sector 5525 7

non trivial sector non trivial sector 55315531 88

non trivial sector non trivial sector 5532 532 7

non trivial sector 5530 530 7

non trivial sector 5534 534 8

non trivial sector 5533trivial sector 5533 88
non trivial sector 5538trivial sector 5538 6

non trivial sector 5535trivial sector 5535 99
non trivial sector 5542 77

non trivial sector 5539trivial sector 5539 7

non trivial sector 5540trivial sector 5540 6

non trivial sector 5541trivial sector 5541 7

non trivial sector 5546trivial sector 5546 77
non trivial sector 5543 8

non trivial sector 5544trivial sector 5544 66

non trivial sector 5554 554 7

non trivial sector 5549trivial sector 5549 88

non trivial sector 5547trivial sector 5547 8
nnon trivial sector 5548 548 7

non trivial sector 5545trivial sector 5545 77
non trivial sector 5551trivial sector 5551 9

non trivial sector 5550trivial sector 5550  8
non trivial sector 5555trivial sector 5555 8

non trivial sector 5556trivial sector 5556 77

non trivial sector 5559 559 9

non trivial sector 5557trivial sector 5557 88
non trivial sector 5562trivial sector 5562 8
non trivial sector non trivial sector 5561 88

non trivial sector 5558trivial sector 5558 88

non trivial sector non trivial sector 5560 560 7

non trivial sector 5566trivial sector 5566 99

non trivial sector non trivial sector 5570 570 6

non trivial sector 5565trivial sector 5565 9

non trivial sector 5563 563 9

non trivial sector 5572trivial sector 5572 66

non trivial sector 5571 571 7
non trivial sector non trivial sector 55645564 8
non trivial sector 5567trivial sector 5567 110

non trivial sector 5576trivial sector 5576 6

non trivial sector 5573trivial sector 5573 77
non trivial sector 5574trivial sector 5574  7

non trivial sector 5579trivial sector 5579 88

non trivial sector 5575trivial sector 5575 8

non trivial sector 5580trivial sector 5580 77

non trivial sector 5577trivial sector 5577 77
non trivial sector 5578trivial sector 5578 77

non trivial sector 5581trivial sector 5581 8

non trivial sector 5582trivial sector 5582 8

non trivial sector 5583trivial sector 5583 99

non trivial sector 5591trivial sector 5591 99
non trivial sector 5586trivial sector 5586 77

non trivial sector 5588trivial sector 5588 7

non trivial sector non trivial sector 5587 587 8

non trivial sector non trivial sector 5592 77
non trivial sector 5589trivial sector 5589 88
non trivial sector 5593trivial sector 5593 8

non trivial sector 5594trivial sector 5594 88
non trivial sector 5596trivial sector 5596 88

non trivial sector non trivial sector 55905590 8

non trivial sector 5595trivial sector 5595 99

non trivial sector 55975597 9

non trivial sector non trivial sector 5598 99

non trivial sector 5604trivial sector 5604 7
non trivial sector 5603 88

non trivial sector 5602trivial sector 5602 77

non trivial sector non trivial sector 5599 599 10
0
non trivial sector 5606trivial sector 5606 88

non trivial sector non trivial sector 5605 605 8

non trivial sector 5612trivial sector 5612 88

non trivial sector 5610trivial sector 5610 8

non trivial sector 5608trivial sector 5608 77

non trivial sector 5609trivial sector 5609 88

non trivial sector 5607trivial sector 5607 9

non trivial sector non trivial sector 5613 99

non trivial sector 5611trivial sector 5611 99

non trivial sector 5614trivial sector 5614 99

non trivial sector 5618trivial sector 5618 8

non trivial sector 5619trivial sector 5619 99
non trivial sector 5621trivial sector 5621 99
non trivial sector 5624 624 8
non trivial sector 5622trivial sector 5622 99

non trivial sector 5620trivial sector 5620 88

non trivial sector 5627 627 10
0
non trivial sector 5615trivial sector 5615 110

non trivial sector 5626trivial sector 5626 99

non trivial sector 5628trivial sector 5628 99
non trivial sector 5623trivial sector 5623 10
non trivial sector 5625trivial sector 5625 99

non trivial sector 5630trivial sector 5630 110

non trivial sector 5641trivial sector 5641 55
non trivial sector 5629trivial sector 5629 10
0
non trivial sector 5644trivial sector 5644 55

non trivial sector 5643trivial sector 5643 66
non trivial sector 5640trivial sector 5640 4

non trivial sector 5642trivial sector 5642 55

non trivial sector 5647 647 7

non trivial sector 5645trivial sector 5645 66

non trivial sector 5646 646 6

non trivial sector non trivial sector 5631 631 11
1
non trivial sector 5657trivial sector 5657 66

non trivial sector 5661trivial sector 5661 7

non trivial sector 5656trivial sector 5656 5

non trivial sector non trivial sector 5658 66
non trivial sector 5663trivial sector 5663 8

non trivial sector 5659trivial sector 5659 7
non trivial sector 5664 664 4

non trivial sector 5668trivial sector 5668 55

non trivial sector 5662trivial sector 5662 77
non trivial sector 5667trivial sector 5667 66

non trivial sector 5666trivial sector 5666 55

non trivial sector 5671trivial sector 5671 77
non trivial sector 5669trivial sector 5669  6
non trivial sector 5670 6

non trivial sector 5673trivial sector 5673 66

non trivial sector 5660trivial sector 5660 6

non trivial sector 5678trivial sector 5678 7

non trivial sector 5665trivial sector 5665 55
non trivial sector 5674trivial sector 5674 6
non trivial sector 5672trivial sector 5672 55

non trivial sector 5677trivial sector 5677 77
non trivial sector 5681 66
non trivial sector 5676trivial sector 5676  6

non trivial sector 5680trivial sector 5680 55
non trivial sector 5682trivial sector 5682 6

non trivial sector 5679trivial sector 5679 88

non trivial sector 5675trivial sector 5675 77

non trivial sector 5684 684 6

non trivial sector 5683trivial sector 5683 77

non trivial sector 5685 77

non trivial sector 5688trivial sector 5688 6

non trivial sector 5686trivial sector 5686 77
non trivial sector 5687trivial sector 5687 88

non trivial sector 5689trivial sector 5689 77

non trivial sector 5693trivial sector 5693 88

non trivial sector non trivial sector 5690 690 7

non trivial sector 5696trivial sector 5696  4
non trivial sector 5692trivial sector 5692 77
non trivial sector 5695trivial sector 5695 9

non trivial sector 5699trivial sector 5699 66

non trivial sector 5700trivial sector 5700 5

non trivial sector non trivial sector 5701 701 6

non trivial sector 5691trivial sector 5691 88

non trivial sector 5698trivial sector 5698 5

non trivial sector non trivial sector 5702 66

non trivial sector 5706trivial sector 5706 66

non trivial sector non trivial sector 5697 697 55

non trivial sector 5694trivial sector 5694 8

non trivial sector 5703trivial sector 5703 77
non trivial sector 5708trivial sector 5708 6

non trivial sector 5704trivial sector 5704 55
non trivial sector 5709trivial sector 5709 77

non trivial sector 5705trivial sector 5705 66
non trivial sector 5710trivial sector 5710 77

non trivial sector non trivial sector 5707 77
non trivial sector 5715trivial sector 5715 7

non trivial sector 5717 717 7

non trivial sector 5711trivial sector 5711 88

non trivial sector 5716trivial sector 5716 66

non trivial sector 5712trivial sector 5712 55
non trivial sector non trivial sector 5720 720 6
non trivial sector 5719trivial sector 5719 8

non trivial sector 5713trivial sector 5713 66

non trivial sector 57245724 7

non trivial sector 5718trivial sector 5718 7

non trivial sector 5721trivial sector 5721 7

non trivial sector non trivial sector 5714 66

non trivial sector 5723 723 8

non trivial sector 5722trivial sector 5722 77

non trivial sector 5729trivial sector 5729 66
non trivial sector 5728trivial sector 5728 5

non trivial sector non trivial sector 5727 727 9

non trivial sector 5733 77

non trivial sector 5730trivial sector 5730 6
non trivial sector 5725trivial sector 5725 8

non trivial sector 5731trivial sector 5731 77

non trivial sector 5726trivial sector 5726 88

non trivial sector 5734trivial sector 5734 77
non trivial sector 5735trivial sector 5735 88

non trivial sector 5737trivial sector 5737 77

non trivial sector 5732trivial sector 5732 6

non trivial sector 5738 738 7

non trivial sector 5740trivial sector 5740 7
non trivial sector 5736trivial sector 5736 6

non trivial sector 5745trivial sector 5745 7

non trivial sector 5743 743 9

non trivial sector 5744trivial sector 5744 66

non trivial sector 5739trivial sector 5739 88

non trivial sector 5741 741 8

non trivial sector 5746 746 7

non trivial sector 5747 8

non trivial sector 5750trivial sector 5750 8

non trivial sector 5751trivial sector 5751 99

non trivial sector 5749trivial sector 5749 8

non trivial sector non trivial sector 5742 8

non trivial sector 5754trivial sector 5754 8
non trivial sector 5752trivial sector 5752 77
non trivial sector 5756trivial sector 5756 88

non trivial sector 5757trivial sector 5757 99

non trivial sector 5755trivial sector 5755 99

non trivial sector 5753trivial sector 5753 8
non trivial sector 5760trivial sector 5760 4
non trivial sector 5748trivial sector 5748 77

non trivial sector 5763trivial sector 5763 66
non trivial sector 5761trivial sector 5761 5
non trivial sector 5758 758 9

non trivial sector 5759trivial sector 5759 10
0
non trivial sector 5764trivial sector 5764 55

non trivial sector 5766trivial sector 5766 6

non trivial sector 5765trivial sector 5765 66

non trivial sector 5768trivial sector 5768 5
non trivial sector non trivial sector 5770 770 6

non trivial sector 5762trivial sector 5762  5
non trivial sector 5769 769 6

non trivial sector 5767trivial sector 5767 7

non trivial sector 5771 77

non trivial sector 5772trivial sector 5772  6

non trivial sector 5778trivial sector 5778 66
non trivial sector 5776trivial sector 5776 55
non trivial sector 5775trivial sector 5775 88

non trivial sector 5773trivial sector 5773 77
non trivial sector 5774trivial sector 5774 77

non trivial sector 5781trivial sector 5781 7

non trivial sector 5783trivial sector 5783 8

non trivial sector 5784trivial sector 5784  6

non trivial sector 5780trivial sector 5780 66

non trivial sector 5782 77
non trivial sector 5788trivial sector 5788 77

non trivial sector 5777trivial sector 5777 66

non trivial sector 5779trivial sector 5779 77

non trivial sector 5786trivial sector 5786 77

non trivial sector 5792trivial sector 5792 55
non trivial sector 5793trivial sector 5793 6

non trivial sector non trivial sector 5791 791 9
non trivial sector 5790trivial sector 5790 8

non trivial sector 5794trivial sector 5794  6

non trivial sector 5796trivial sector 5796 66
non trivial sector 5795trivial sector 5795 7

non trivial sector 5789 88

non trivial sector 5797trivial sector 5797 77

non trivial sector 5785trivial sector 5785 77
non trivial sector 5798trivial sector 5798 77

non trivial sector 5800 800 6
non trivial sector 5801trivial sector 5801 7
non trivial sector 5787trivial sector 5787 88

non trivial sector 5802trivial sector 5802 77

non trivial sector non trivial sector 5799 88

non trivial sector non trivial sector 5805 88
non trivial sector 5803trivial sector 5803 8

non trivial sector 5807 807 9

non trivial sector 5808 808 6

non trivial sector 5809 77

non trivial sector 5804trivial sector 5804 77
non trivial sector 5811trivial sector 5811 8
non trivial sector 5806trivial sector 5806 8

non trivial sector 5817trivial sector 5817 8

non trivial sector 5810trivial sector 5810 7
non trivial sector 5818trivial sector 5818 8

non trivial sector 5812trivial sector 5812 7
non trivial sector non trivial sector 5813 813 8

non trivial sector 5815trivial sector 5815 9

non trivial sector 5820trivial sector 5820 8

non trivial sector 5816 816 77

non trivial sector 5821trivial sector 5821 99

non trivial sector 5824trivial sector 5824 5
non trivial sector 5828 828 6

non trivial sector 5819trivial sector 5819 99

non trivial sector 58255825 66
non trivial sector 5822trivial sector 5822  9

non trivial sector 5814trivial sector 5814 8

non trivial sector non trivial sector 5826 66

non trivial sector 5830trivial sector 5830 77
non trivial sector 5827trivial sector 5827 7

non trivial sector 5829trivial sector 5829 77

non trivial sector non trivial sector 5831 8

non trivial sector 5832trivial sector 5832 6
non trivial sector 5833trivial sector 5833 77

non trivial sector 5823trivial sector 5823 110

non trivial sector 5834trivial sector 5834 77
non trivial sector non trivial sector 5836 836 7

non trivial sector 5835trivial sector 5835 88

non trivial sector 5838trivial sector 5838 8

non trivial sector 5844trivial sector 5844 77

non trivial sector 5840trivial sector 5840 66

non trivial sector 5837trivial sector 5837 88
non trivial sector 5839trivial sector 5839 9

non trivial sector 5842trivial sector 5842 7

non trivial sector 5846trivial sector 5846 8

non trivial sector 5841trivial sector 5841 77

non trivial sector 5848trivial sector 5848 7
non trivial sector 5843trivial sector 5843 8

non trivial sector 5845trivial sector 5845 88

non trivial sector non trivial sector 5850 850 8

non trivial sector 5849trivial sector 5849 88
non trivial sector non trivial sector 5851 99

non trivial sector 5852trivial sector 5852 88

non trivial sector non trivial sector 5847 99

non trivial sector 5855trivial sector 5855 10
0
non trivial sector 5856trivial sector 5856 6

non trivial sector 5858trivial sector 5858 7

non trivial sector 5860trivial sector 5860 7
non trivial sector 5859 859 8

non trivial sector 5853trivial sector 5853 9

non trivial sector non trivial sector 5854 854 9

non trivial sector 5861trivial sector 5861 88
non trivial sector 5857trivial sector 5857 77
non trivial sector 5864 864 7

non trivial sector 5866trivial sector 5866 8

non trivial sector 5867 867 9

non trivial sector non trivial sector 5862 862 88

non trivial sector 5868 8

non trivial sector 5865trivial sector 5865 8

non trivial sector 5863trivial sector 5863 9

non trivial sector 5874trivial sector 5874 88

non trivial sector non trivial sector 5871 10
0
non trivial sector 5869trivial sector 5869 99

non trivial sector non trivial sector 5873 873 8

non trivial sector 5870trivial sector 5870 99

non trivial sector 5872trivial sector 5872 7

non trivial sector 5878trivial sector 5878 9

non trivial sector 5875trivial sector 5875 9

non trivial sector 5881trivial sector 5881 99

non trivial sector 5876trivial sector 5876 88
non trivial sector 5877trivial sector 5877 9

non trivial sector 5879trivial sector 5879 10
0
non trivial sector 5880trivial sector 5880 88
nnon trivial sector 5885 885 1010
non trivial sector 5882trivial sector 5882 99

non trivial sector 5884trivial sector 5884 9

non trivial sector 5883trivial sector 5883 10
non trivial sector 5887trivial sector 5887 11
1
non trivial sector 5896trivial sector 5896 55

non trivial sector 5899trivial sector 5899 77
non trivial sector 5897trivial sector 5897 66
non trivial sector 5886trivial sector 5886 10
0
non trivial sector 5898trivial sector 5898 66
non trivial sector 5900trivial sector 5900 66

non trivial sector 5902trivial sector 5902 7
non trivial sector 5908trivial sector 5908 6

non trivial sector 5905 905 6
non trivial sector 5903 88
non trivial sector 5906trivial sector 5906 66
non trivial sector 5907 7
nnon trivial sector 5901 7
non trivial sector 5904trivial sector 5904 5

non trivial sector 5910 7
non trivial sector 5911trivial sector 5911  8

non trivial sector 5912trivial sector 5912 66

non trivial sector 5909trivial sector 5909 7

non trivial sector 5913trivial sector 5913 77
non trivial sector 5917 917 8

non trivial sector 5915trivial sector 5915 88

non trivial sector 5918trivial sector 5918 88

non trivial sector 5914trivial sector 5914 77
non trivial sector 5919trivial sector 5919  9

non trivial sector 5924trivial sector 5924 66

non trivial sector 5916trivial sector 5916 77

non trivial sector 5926trivial sector 5926 7
non trivial sector 5920 55
non trivial sector 5922trivial sector 5922  66
non trivial sector 5923 923 7
non trivial sector 5925 925 7

non trivial sector 5921trivial sector 5921 66

non trivial sector 5928trivial sector 5928 6

non trivial sector 5927trivial sector 5927  8

non trivial sector 5931trivial sector 5931 88

non trivial sector non trivial sector 5930 77

non trivial sector 5936trivial sector 5936 66

non trivial sector 5934 8
non trivial sector non trivial sector 5933 933 8
non trivial sector non trivial sector 5935 99359
non trivial sector 5932trivial sector 5932 77

non trivial sector 5937trivial sector 5937 7

non trivial sector 5929trivial sector 5929 7

non trivial sector 5939trivial sector 5939 88

non trivial sector 5938trivial sector 5938 77

non trivial sector 5945trivial sector 5945 8
non trivial sector 5940trivial sector 5940 7

non trivial sector 5942trivial sector 5942 88

non trivial sector 5941 941 8

non trivial sector 5944trivial sector 5944 77

non trivial sector non trivial sector 59435943 99

non trivial sector 5948trivial sector 5948 8

non trivial sector 5949trivial sector 5949 99
non trivial sector 5951trivial sector 5951 10

non trivial sector 5946trivial sector 5946 8

non trivial sector 5954trivial sector 5954 66

non trivial sector non trivial sector 5950 950 9

non trivial sector 5952trivial sector 5952 5

non trivial sector 5956 66

non trivial sector 5953 66

non trivial sector 5955trivial sector 5955 7

non trivial sector 5947trivial sector 5947 99

non trivial sector 5958trivial sector 5958 77

non trivial sector 5957trivial sector 5957 77
non trivial sector 5960trivial sector 5960 66
non trivial sector 5962trivial sector 5962 77

non trivial sector 5961trivial sector 5961 77

non trivial sector 5963trivial sector 5963 88

non trivial sector non trivial sector 5964 7

non trivial sector 5965trivial sector 5965 8

non trivial sector 5969trivial sector 5969 77

non trivial sector 5967 9

non trivial sector 5970 970 7
non trivial sector 5959trivial sector 5959 88

non trivial sector 5971 971 8

non trivial sector 5973 8

non trivial sector 5968trivial sector 5968 66

non trivial sector 5972trivial sector 5972 77
non trivial sector 5966 966 8
non trivial sector 5976 976 7

non trivial sector 5974trivial sector 5974 88

non trivial sector 5975trivial sector 5975 9

non trivial sector 5977trivial sector 5977 88

non trivial sector 5979trivial sector 5979 9

non trivial sector 5980trivial sector 5980 88

non trivial sector 5981trivial sector 5981 99

non trivial sector 5985 77

non trivial sector 5987trivial sector 5987 88

non trivial sector 5988 988 7

non trivial sector 5982trivial sector 5982 9

non trivial sector 5983 983 10

non trivial sector 5992 7
non trivial sector 5990trivial sector 5990 8

non trivial sector 5984trivial sector 5984 6

non trivial sector 5978trivial sector 5978  8

non trivial sector 5991trivial sector 5991 99
non trivial sector 5994trivial sector 5994 8

non trivial sector 5993 8
non trivial sector 5996trivial sector 5996 8

non trivial sector 6000 7

non trivial sector 5995trivial sector 5995 99

non trivial sector 5989 989 8

non trivial sector 5997trivial sector 5997 99
non trivial sector 5986 77

non trivial sector 5998trivial sector 5998  9

non trivial sector 5999trivial sector 5999 110
non trivial sector 6001trivial sector 6001 88

non trivial sector 6003trivial sector 6003 99

non trivial sector 6002trivial sector 6002 8
non trivial sector 6005trivial sector 6005 9

non trivial sector 6004trivial sector 6004  8

non trivial sector 6008trivial sector 6008 88

non trivial sector 6007trivial sector 6007 110
non trivial sector 6009trivial sector 6009 9

non trivial sector 6006trivial sector 6006 99

non trivial sector 6011trivial sector 6011 110
non trivial sector 6016trivial sector 6016 5

non trivial sector 6014trivial sector 6014 110

non trivial sector non trivial sector 6010 99
non trivial sector non trivial sector 6017 017 6

non trivial sector 6012trivial sector 6012 99

non trivial sector 6019trivial sector 6019 7

non trivial sector 6020trivial sector 6020 66

non trivial sector non trivial sector 6022 022 7

non trivial sector 6013trivial sector 6013 10
0
non trivial sector 6015trivial sector 6015 111

non trivial sector 6021trivial sector 6021 77
non trivial sector 6024trivial sector 6024 6

non trivial sector 6027trivial sector 6027 8

non trivial sector 6026 7
non trivial sector non trivial sector 6029 029 8
non trivial sector 6023trivial sector 6023 88
non trivial sector 60326032 6

non trivial sector 6030trivial sector 6030 88

non trivial sector non trivial sector 6025 77
non trivial sector 6033 033 7

non trivial sector 6028trivial sector 6028 7

non trivial sector 6034 77
non trivial sector 6031trivial sector 6031 9

non trivial sector 6018trivial sector 6018 66

non trivial sector 6036trivial sector 6036 7

non trivial sector 6035trivial sector 6035 88

non trivial sector 6041trivial sector 6041 88
non trivial sector 6037trivial sector 6037 88
non trivial sector 6040 040 7
non trivial sector 6038trivial sector 6038 88

non trivial sector 6042trivial sector 6042 8

non trivial sector non trivial sector 6039 039 9

non trivial sector 6044trivial sector 6044 88

non trivial sector 6048trivial sector 6048 66

non trivial sector non trivial sector 6045 045 9

non trivial sector 6052trivial sector 6052 77

non trivial sector 6049trivial sector 6049 77
non trivial sector 6043 9
non trivial sector 6050 77

non trivial sector 6051trivial sector 6051 88
non trivial sector 6047trivial sector 6047 110

non trivial sector 6056trivial sector 6056 7
non trivial sector 6054 88

non trivial sector 6046trivial sector 6046 9
non trivial sector 6053trivial sector 6053 8

non trivial sector 6055 055 9

non trivial sector 6057trivial sector 6057 8

non trivial sector 6060trivial sector 6060 8

non trivial sector 6058trivial sector 6058 8

non trivial sector 6062trivial sector 6062 9

non trivial sector 6061 061 9

non trivial sector 6059trivial sector 6059 99

non trivial sector 6064trivial sector 6064 7

non trivial sector non trivial sector 6063 110

non trivial sector non trivial sector 6066 88

non trivial sector 6068trivial sector 6068 88
non trivial sector 6065trivial sector 6065 8
non trivial sector 6069trivial sector 6069 9

non trivial sector non trivial sector 6067 067 9

non trivial sector 6071trivial sector 6071 10
non trivial sector 6070 99

non trivial sector 6072trivial sector 6072  8

non trivial sector non trivial sector 6073 073 9

non trivial sector 6076trivial sector 6076 9

non trivial sector 6075trivial sector 6075 10
0
non trivial sector 6074trivial sector 6074 9
non trivial sector 6078 110

non trivial sector 6080trivial sector 6080 66

non trivial sector 6082trivial sector 6082 7

non trivial sector 6081 081 7

non trivial sector 6083trivial sector 6083 8
non trivial sector 6079trivial sector 6079 11
1
non trivial sector 6086 086 8

non trivial sector 6085trivial sector 6085 8

non trivial sector 6088trivial sector 6088 7

non trivial sector non trivial sector 6084 77

non trivial sector 6087 087 9

non trivial sector non trivial sector 6089 88

non trivial sector 6077trivial sector 6077 110
non trivial sector 6090 8

non trivial sector 6092trivial sector 6092 8

non trivial sector 6091trivial sector 6091 99

non trivial sector 6093trivial sector 6093 9

non trivial sector 6096trivial sector 6096 7
non trivial sector 6097trivial sector 6097 8

non trivial sector 6094trivial sector 6094 99
non trivial sector 6100trivial sector 6100 88

non trivial sector 6098trivial sector 6098 8
non trivial sector 6095trivial sector 6095 10
non trivial sector 6099trivial sector 6099 99

non trivial sector 6101trivial sector 6101 99
non trivial sector non trivial sector 6104 104 8

non trivial sector 6102trivial sector 6102 99
non trivial sector 6103trivial sector 6103 10

non trivial sector 6107trivial sector 6107 110

non trivial sector 6105trivial sector 6105 9

non trivial sector 6106trivial sector 6106 99
non trivial sector 6109trivial sector 6109 10
non trivial sector 6112trivial sector 6112 7
non trivial sector 6108trivial sector 6108 9

non trivial sector 6111 111 11

non trivial sector 6113trivial sector 6113 8
non trivial sector 6117trivial sector 6117 9
non trivial sector 6114trivial sector 6114 88

non trivial sector 6118trivial sector 6118 9

non trivial sector 6110trivial sector 6110 110
non trivial sector 6115trivial sector 6115 9
non trivial sector 6116trivial sector 6116 8

non trivial sector 6120trivial sector 6120 88
non trivial sector 6119trivial sector 6119 10
0
non trivial sector 6124 124 9

non trivial sector 6121trivial sector 6121 99

non trivial sector 6123trivial sector 6123 10
0
non trivial sector 6128trivial sector 6128 8

non trivial sector 6122trivial sector 6122 99

non trivial sector 6125trivial sector 6125 10
non trivial sector non trivial sector 6126 126 10
0
non trivial sector 6129trivial sector 6129 9

non trivial sector 6127trivial sector 6127 111

non trivial sector 6130trivial sector 6130 9

non trivial sector 6131 110

non trivial sector non trivial sector 61336133 10

non trivial sector 6132trivial sector 6132 9

non trivial sector 6134 110
non trivial sector 6136trivial sector 6136 99
non trivial sector 6138 138 10
non trivial sector 6137trivial sector 6137 110

non trivial sector 6141trivial sector 6141 11
1
non trivial sector 6135trivial sector 6135 11
1
non trivial sector non trivial sector 6139 139 11
1
non trivial sector 6140trivial sector 6140 10
0
non trivial sector 6152trivial sector 6152 3
non trivial sector 6142 142 1111
non trivial sector 6153trivial sector 6153 44

non trivial sector 6155trivial sector 6155 55

non trivial sector 6156trivial sector 6156 4

non trivial sector 6158trivial sector 6158 55

non trivial sector 6143trivial sector 6143 12
non trivial sector 6157trivial sector 6157 55
non trivial sector non trivial sector 6159 159 6

non trivial sector 6154trivial sector 6154 44

non trivial sector 6169trivial sector 6169 55

non trivial sector 6168trivial sector 6168 44

non trivial sector 6171 171 6
non trivial sector 6173trivial sector 6173 66

non trivial sector 6170trivial sector 6170 5

non trivial sector 6174trivial sector 6174 66

non trivial sector 6175 175 7

non trivial sector 6172trivial sector 6172 5

non trivial sector 6178trivial sector 6178 44
non trivial sector 6177trivial sector 6177 4
non trivial sector 6183trivial sector 6183 6
non trivial sector 6186trivial sector 6186 55

non trivial sector 6182 182 55
non trivial sector 6181trivial sector 6181 5

non trivial sector 6180trivial sector 6180 44
non trivial sector 6184trivial sector 6184 44

non trivial sector 6187 187 6

non trivial sector 6179trivial sector 6179 55

non trivial sector 6185trivial sector 6185 55

non trivial sector 6193trivial sector 6193 5
non trivial sector 6191 77

non trivial sector 6189trivial sector 6189 6

non trivial sector 6195trivial sector 6195 66

non trivial sector 6194 5

non trivial sector 6190trivial sector 6190 66

non trivial sector 6199trivial sector 6199 7

non trivial sector 6188trivial sector 6188 5

non trivial sector non trivial sector 6200 55
non trivial sector 6196trivial sector 6196 55

non trivial sector 6198trivial sector 6198 6
non trivial sector 6197 197 6

non trivial sector non trivial sector 6201 66

non trivial sector 6202trivial sector 6202 66
non trivial sector 6203trivial sector 6203 77

non trivial sector 6206trivial sector 6206  7

non trivial sector 6212trivial sector 6212 44

non trivial sector 6205trivial sector 6205 7

non trivial sector 6207trivial sector 6207 88
nnon trivial sector 6204 204 6
non trivial sector 6209 44
non trivial sector 6210trivial sector 6210 44

non trivial sector non trivial sector 6211 211 5

non trivial sector 6214 5

non trivial sector 6213trivial sector 6213 55
non trivial sector 6218trivial sector 6218 55
non trivial sector 6216trivial sector 6216 4
non trivial sector 6215trivial sector 6215 66

non trivial sector 6217trivial sector 6217 55
non trivial sector 6219trivial sector 6219 6

non trivial sector 6220trivial sector 6220 55

non trivial sector 6221 221 6

non trivial sector 6225trivial sector 6225 55

non trivial sector 6222 222 6
non trivial sector 6229trivial sector 6229 66

non trivial sector 6226trivial sector 6226 5

non trivial sector 6230trivial sector 6230 66
non trivial sector 6232 232trivial sector  5

non trivial sector 6227trivial sector 6227  66

non trivial sector 6223trivial sector 6223 77

non trivial sector 6237trivial sector 6237 7

non trivial sector 6238 238 7

non trivial sector 6231trivial sector 6231 77

non trivial sector 6235trivial sector 6235 77
non trivial sector 6239 8
non trivial sector 6236trivial sector 6236 6
non trivial sector 6233 66
non trivial sector 6242 55

non trivial sector 6241trivial sector 6241 55

non trivial sector 6228trivial sector 6228 5
non trivial sector non trivial sector 6243 243 6

non trivial sector 6234trivial sector 6234  6

non trivial sector 6250trivial sector 6250 6

non trivial sector 6245trivial sector 6245 6

non trivial sector 6244 244 5

non trivial sector 6248 248 5

non trivial sector non trivial sector 6249 249 6

non trivial sector non trivial sector 6247 247 7

non trivial sector 6246trivial sector 6246 66
non trivial sector non trivial sector 6252 252 6

non trivial sector 6251trivial sector 6251 77

non trivial sector 6258trivial sector 6258 6

non trivial sector 6253trivial sector 6253 77

non trivial sector 6254trivial sector 6254 77
non trivial sector 6255trivial sector 6255  8

non trivial sector 6257 257 6

non trivial sector 6259 259 7

non trivial sector 6264trivial sector 6264 66

non trivial sector 6260trivial sector 6260 6

non trivial sector 6262 262 7

non trivial sector 6268trivial sector 6268 7
non trivial sector 6263trivial sector 6263 8

non trivial sector non trivial sector 6261 261 7

non trivial sector 6265trivial sector 6265 77

non trivial sector 6266trivial sector 6266  7
non trivial sector 6267trivial sector 6267 88

non trivial sector 6273 273 4
non trivial sector non trivial sector 6269 8

non trivial sector non trivial sector 6274 274 4
non trivial sector 6277trivial sector 6277 5

non trivial sector 6271trivial sector 6271 99

non trivial sector 6275trivial sector 6275 55
non trivial sector 6280trivial sector 6280 4

non trivial sector 6281trivial sector 6281 5
non trivial sector 6270trivial sector 6270  8

non trivial sector 6276trivial sector 6276 44
non trivial sector 6279trivial sector 6279 66
nnon trivial sector 6278 278 5

non trivial sector 6284trivial sector 6284 55

non trivial sector non trivial sector 6283 66

non trivial sector 6286trivial sector 6286 66

non trivial sector 6287 287 7

non trivial sector 6291trivial sector 6291 66

non trivial sector 6289trivial sector 6289 55
non trivial sector 6285 285 6
non trivial sector 6282 55
non trivial sector 6295trivial sector 6295 77
non trivial sector 6292trivial sector 6292 55

non trivial sector 6293 293 6

non trivial sector 6297trivial sector 6297 6

non trivial sector 6290trivial sector 6290  5

non trivial sector 6300trivial sector 6300 6

non trivial sector 6294trivial sector 6294 6

non trivial sector 6299trivial sector 6299 7

non trivial sector 6298trivial sector 6298 66
non trivial sector 6301trivial sector 6301 77

non trivial sector non trivial sector 6296 296 5
non trivial sector 6305trivial sector 6305 5

non trivial sector 6307trivial sector 6307 66
non trivial sector 6302trivial sector 6302 7

non trivial sector non trivial sector 6303 303 8

non trivial sector 6309trivial sector 6309 6

non trivial sector 6314trivial sector 6314 6

non trivial sector 6306 55

non trivial sector 6308trivial sector 6308 55

non trivial sector 6313trivial sector 6313 66

non trivial sector 6312 55

non trivial sector 6311 77

non trivial sector 6310trivial sector 6310 66

non trivial sector 6318trivial sector 6318 77

non trivial sector non trivial sector 63166316 66
non trivial sector 6315trivial sector 6315 7

non trivial sector 6317trivial sector 6317 7

non trivial sector 6319 319 8

non trivial sector 6321trivial sector 6321 6

non trivial sector 6322trivial sector 6322 66
non trivial sector 6324trivial sector 6324 66

non trivial sector non trivial sector 6328 328 6

non trivial sector 6323trivial sector 6323 77

non trivial sector 6327trivial sector 6327 88

non trivial sector 6325trivial sector 6325 77

non trivial sector 6326trivial sector 6326 77
non trivial sector 6330trivial sector 6330 77

non trivial sector 6332trivial sector 6332 77

non trivial sector 6337trivial sector 6337 5

non trivial sector 6338trivial sector 6338 55

non trivial sector 6329 329 7

non trivial sector 6341trivial sector 6341 6

non trivial sector 6331trivial sector 6331 8

non trivial sector 6344trivial sector 6344 55
non trivial sector non trivial sector 6340 340 5

non trivial sector 6345trivial sector 6345 66

non trivial sector 6334trivial sector 6334 8
non trivial sector 6335 335 9

non trivial sector 6333trivial sector 6333 8

non trivial sector 6343trivial sector 6343 7

non trivial sector non trivial sector 6339 6

non trivial sector 6346 346 6
non trivial sector 6342trivial sector 6342 6

non trivial sector 6350trivial sector 6350 77

non trivial sector 6347trivial sector 6347 77

non trivial sector 6351 8

non trivial sector 6353trivial sector 6353 66

non trivial sector 6349trivial sector 6349 77

non trivial sector 6354 354 6

non trivial sector non trivial sector 6348 348 6

non trivial sector 6355 7

non trivial sector 6356trivial sector 6356 66
non trivial sector 6362trivial sector 6362 77

non trivial sector 6360trivial sector 6360 66
non trivial sector 6361trivial sector 6361 7

non trivial sector 6357trivial sector 6357 77
non trivial sector 6364 364 7

non trivial sector 6363trivial sector 6363 8
non trivial sector 6366 366 8

non trivial sector 6369 369 6

non trivial sector non trivial sector 6359 359 8

non trivial sector 6358trivial sector 6358 77
non trivial sector 6370trivial sector 6370 66

non trivial sector 6372 372 6

non trivial sector 6373 373 7

non trivial sector 6365trivial sector 6365 88

non trivial sector 6374trivial sector 6374 77

non trivial sector 6371 7

non trivial sector 6376trivial sector 6376  6
non trivial sector 6367trivial sector 6367 9

non trivial sector 6377trivial sector 6377 77

non trivial sector non trivial sector 6378 7

non trivial sector 6375trivial sector 6375 88

non trivial sector 6380trivial sector 6380 77

non trivial sector non trivial sector 6381 88

non trivial sector 6385 385 7
non trivial sector 6379trivial sector 6379 8

non trivial sector 6386trivial sector 6386  7
non trivial sector 6382 8

non trivial sector 6389trivial sector 6389 88

non trivial sector 6388 388 7

non trivial sector 6383trivial sector 6383 99
non trivial sector 6387trivial sector 6387 8

non trivial sector 6392 392 7

non trivial sector 6390trivial sector 6390  8

non trivial sector 6393trivial sector 6393 88

non trivial sector 6394trivial sector 6394 8
non trivial sector non trivial sector 6391 391 9

non trivial sector 6395trivial sector 6395 99

non trivial sector 6399trivial sector 6399 110

non trivial sector 6398trivial sector 6398 99
non trivial sector 6396trivial sector 6396 88
non trivial sector 6397trivial sector 6397 99
non trivial sector 6409trivial sector 6409 55

non trivial sector 6417trivial sector 6417 5

non trivial sector 6413 66

non trivial sector non trivial sector 6411 411 6

non trivial sector non trivial sector 6410 410 5

non trivial sector 6412trivial sector 6412 5

non trivial sector 6419trivial sector 6419 66

non trivial sector 6420 420 5

non trivial sector 6415trivial sector 6415 7
non trivial sector 6418 5

non trivial sector 6408 408 4

non trivial sector 64266426 66

non trivial sector 6427trivial sector 6427 77

non trivial sector 6414 414 6
non trivial sector 6421 421 6

non trivial sector 6425trivial sector 6425 66

non trivial sector non trivial sector 6424 424 5

non trivial sector 6422trivial sector 6422 6

non trivial sector 6431trivial sector 6431 88

non trivial sector 6430trivial sector 6430 77
nnon trivial sector 6428 428 6

non trivial sector 6434trivial sector 6434 5
non trivial sector 6423trivial sector 6423 7
non trivial sector 6436 436 55
non trivial sector 6429trivial sector 6429 77

non trivial sector 6435trivial sector 6435 66
non trivial sector non trivial sector 6439 77
non trivial sector 6437 437 6

non trivial sector 6440 55
non trivial sector 6438trivial sector 6438 66
non trivial sector 6443 7

non trivial sector 6441 441 6
non trivial sector 6433 433 5

non trivial sector non trivial sector 6442 66

non trivial sector 6445trivial sector 6445 77
nnon trivial sector 6446 77

non trivial sector 6447trivial sector 6447 88

non trivial sector 6449 449 6

non trivial sector non trivial sector 6452 66

non trivial sector 6451trivial sector 6451  7

non trivial sector 6444trivial sector 6444 66
non trivial sector 6453trivial sector 6453 7

non trivial sector 6454trivial sector 6454 77

non trivial sector 6455 455 8

non trivial sector 6456trivial sector 6456 66

non trivial sector 6458trivial sector 6458 7

non trivial sector 6450trivial sector 6450 66

non trivial sector 6459trivial sector 6459 8

non trivial sector 6457trivial sector 6457  7

non trivial sector 6462trivial sector 6462 88

non trivial sector 6461trivial sector 6461 8
non trivial sector 6463trivial sector 6463 9
non trivial sector 6466trivial sector 6466 5

non trivial sector 6468 468 5

non trivial sector 6467trivial sector 6467 66
non trivial sector 6460trivial sector 6460 77
non trivial sector non trivial sector 6465 55

non trivial sector non trivial sector 6474 474 6

non trivial sector 6469trivial sector 6469 66

non trivial sector 6471trivial sector 6471 77

non trivial sector 6470 470 6

non trivial sector 6473trivial sector 6473 66

non trivial sector 6475trivial sector 6475 7

non trivial sector 6478trivial sector 6478 7

non trivial sector 6472trivial sector 6472 55

non trivial sector 6481trivial sector 6481 66
non trivial sector 6476trivial sector 6476 6

non trivial sector 6477trivial sector 6477 7

non trivial sector 6479trivial sector 6479 88

non trivial sector 6486 486 7

non trivial sector non trivial sector 6482 482 6

non trivial sector non trivial sector 6484 64846
nnon trivial sector 6487 487 8

non trivial sector 6483 483 7
non trivial sector 6489trivial sector 6489 77

non trivial sector 6490trivial sector 6490 77

non trivial sector 6485trivial sector 6485 77
non trivial sector 6492 492 7

non trivial sector 6488trivial sector 6488 6
non trivial sector 6491trivial sector 6491 88
non trivial sector 6493trivial sector 6493 88

non trivial sector 6497trivial sector 6497 6

non trivial sector 6495trivial sector 6495 9

non trivial sector 6500trivial sector 6500 66
non trivial sector 6498trivial sector 6498 66
non trivial sector 6499trivial sector 6499 77
non trivial sector 6494trivial sector 6494 88

non trivial sector non trivial sector 6505 505 7

non trivial sector 6504trivial sector 6504 66

non trivial sector 6507trivial sector 6507 88

non trivial sector 6501 501 7
non trivial sector 6503trivial sector 6503 8

non trivial sector 6506trivial sector 6506 77
non trivial sector 6508trivial sector 6508 7
non trivial sector non trivial sector 6502 77
non trivial sector 6509trivial sector 6509 88
non trivial sector 6513trivial sector 6513 77
non trivial sector 6510trivial sector 6510 8

non trivial sector 6517trivial sector 6517 88
non trivial sector 6511trivial sector 6511 9

non trivial sector 6514trivial sector 6514 7
non trivial sector 6516trivial sector 6516 7

non trivial sector non trivial sector 6515 515 8

non trivial sector 6520 77
non trivial sector 6518trivial sector 6518 88

non trivial sector 6521trivial sector 6521 88

non trivial sector 6519trivial sector 6519 99

non trivial sector 6524trivial sector 6524 8

non trivial sector 6523trivial sector 6523 99

non trivial sector 6525trivial sector 6525 99
non trivial sector 6529trivial sector 6529  5
non trivial sector 6522trivial sector 6522 88

non trivial sector 6526trivial sector 6526 99

non trivial sector 6530 530 5

non trivial sector 6531trivial sector 6531 6

non trivial sector 6527trivial sector 6527 110
non trivial sector 6536 5

non trivial sector 6535trivial sector 6535 7
non trivial sector 6532 532trivial sector  5

non trivial sector 6538trivial sector 6538 66

non trivial sector 6537 537 6

non trivial sector 6534 66
non trivial sector 6533trivial sector 6533 66

non trivial sector 6539trivial sector 6539 77
non trivial sector 6541trivial sector 6541 7
non trivial sector 6545trivial sector 6545 66

non trivial sector 6542 542 7

non trivial sector 6548trivial sector 6548  6

non trivial sector 6546trivial sector 6546 66

non trivial sector 6540trivial sector 6540 6

non trivial sector 6549trivial sector 6549 7

non trivial sector 6547trivial sector 6547 7

non trivial sector 6543trivial sector 6543 88

non trivial sector 6553trivial sector 6553 77

non trivial sector 6550trivial sector 6550 7

non trivial sector non trivial sector 6556 556 7
non trivial sector non trivial sector 6555 88

non trivial sector 6554trivial sector 6554 7
non trivial sector 6557trivial sector 6557 8

non trivial sector 6564trivial sector 6564 66

non trivial sector 6552trivial sector 6552 6

non trivial sector 6561trivial sector 6561 6

non trivial sector 6558trivial sector 6558 88

non trivial sector non trivial sector 6551 8

non trivial sector 6559 559 9

non trivial sector 6562trivial sector 6562 66

non trivial sector non trivial sector 6566 566 7

non trivial sector 6570trivial sector 6570 77

non trivial sector 6567 567 8

non trivial sector 6568trivial sector 6568 66

non trivial sector non trivial sector 6565 565 7

non trivial sector 6563 77
non trivial sector 6572trivial sector 6572 77
non trivial sector 6569 569 7

non trivial sector 6573trivial sector 6573 88

non trivial sector 6577trivial sector 6577 77

non trivial sector 6575trivial sector 6575 99

non trivial sector 6574 574 8

non trivial sector 6578trivial sector 6578 77
non trivial sector 6580trivial sector 6580 77

non trivial sector 6581trivial sector 6581 88

non trivial sector 6584trivial sector 6584 77

non trivial sector 6571trivial sector 6571 88

non trivial sector 6582trivial sector 6582 88

non trivial sector 6586 586 8

non trivial sector 6583trivial sector 6583 99
non trivial sector 6585 585 8

non trivial sector 6579trivial sector 6579 8

non trivial sector 6588 588 8

non trivial sector 6587trivial sector 6587 9

non trivial sector 6590trivial sector 6590 99

non trivial sector 6593 593 6

non trivial sector 6589trivial sector 6589 99

non trivial sector 6591trivial sector 6591 110

non trivial sector 6594trivial sector 6594 66

non trivial sector 6600trivial sector 6600 66

non trivial sector 6598trivial sector 6598 77

non trivial sector 6599trivial sector 6599 88

non trivial sector non trivial sector 6595 7
non trivial sector 6597trivial sector 6597 77
non trivial sector 6596trivial sector 6596 6

non trivial sector 6603trivial sector 6603 88
non trivial sector 6602trivial sector 6602 7

non trivial sector 6605 8

non trivial sector 6604trivial sector 6604 7
non trivial sector 6601trivial sector 6601 7

non trivial sector 6610 610 7
non trivial sector 6607trivial sector 6607 99

non trivial sector 6606trivial sector 6606 88
nnon trivial sector 6616 616 7

non trivial sector 6609trivial sector 6609 7

non trivial sector 6612 77
non trivial sector 6611trivial sector 6611 8

non trivial sector 6613trivial sector 6613 88

non trivial sector 6617trivial sector 6617 88

non trivial sector 6618trivial sector 6618 88

non trivial sector 6615trivial sector 6615 99

non trivial sector 6614 614 8

non trivial sector 6620trivial sector 6620 88
non trivial sector 6621trivial sector 6621 99

non trivial sector 6619trivial sector 6619 99

non trivial sector 6625trivial sector 6625 77

non trivial sector 6627trivial sector 6627 8

non trivial sector 6632trivial sector 6632 77
non trivial sector 6622trivial sector 6622 99

non trivial sector 6630 8

non trivial sector 6623trivial sector 6623 1010

non trivial sector 6633trivial sector 6633 8

non trivial sector 6626trivial sector 6626 77

non trivial sector 6628trivial sector 6628 77

non trivial sector 6629trivial sector 6629 88
non trivial sector 6635trivial sector 6635 9

non trivial sector 6634trivial sector 6634 88

non trivial sector 6636trivial sector 6636 88
non trivial sector non trivial sector 6631 631 9
non trivial sector 6638trivial sector 6638  9

non trivial sector 6641trivial sector 6641 8

non trivial sector non trivial sector 6642 88
non trivial sector 6637trivial sector 6637 99
non trivial sector 6644 88
non trivial sector 6639trivial sector 6639 110

non trivial sector non trivial sector 6643 643 9

non trivial sector 6648trivial sector 6648  8

non trivial sector non trivial sector 6649 9
non trivial sector non trivial sector 6645 645 9

non trivial sector 6646 646 9

non trivial sector 6650trivial sector 6650 99
non trivial sector 6647trivial sector 6647 110

non trivial sector 6651trivial sector 6651 110

non trivial sector 6653trivial sector 6653 110

non trivial sector 6652 652 9

non trivial sector 6654trivial sector 6654 110

non trivial sector 6655trivial sector 6655 111
non trivial sector 6664trivial sector 6664 44

non trivial sector 6668trivial sector 6668 55

non trivial sector 6669trivial sector 6669 66
nnon trivial sector 6666 5

non trivial sector 6667trivial sector 6667 66
non trivial sector 6671trivial sector 6671 77

non trivial sector 6670 6

non trivial sector 6665trivial sector 6665 5

non trivial sector 6681trivial sector 6681 66
non trivial sector 6682trivial sector 6682 66

non trivial sector 6688trivial sector 6688  4

non trivial sector 6684trivial sector 6684 66
non trivial sector 6689trivial sector 6689 55
non trivial sector 6685 685 7
non trivial sector 6691trivial sector 6691 6

non trivial sector 6690trivial sector 6690 55

non trivial sector 6680 680 5

non trivial sector 6683trivial sector 6683 7

non trivial sector 6687trivial sector 6687  8

non trivial sector 6692trivial sector 6692 55

non trivial sector 6698trivial sector 6698 6

non trivial sector 6694 66

non trivial sector 6696trivial sector 6696 55

non trivial sector 6686trivial sector 6686 77

non trivial sector 6697trivial sector 6697 66

non trivial sector 6693 693 6

non trivial sector 6700trivial sector 6700 66
non trivial sector 6695trivial sector 6695 7

non trivial sector 6702trivial sector 6702 7
non trivial sector 6704trivial sector 6704 5
non trivial sector 6699trivial sector 6699 77
non trivial sector 6705trivial sector 6705  66

non trivial sector 6703 703 8

non trivial sector 6701trivial sector 6701 77

non trivial sector 6706trivial sector 6706 66

non trivial sector 67086708 6
non trivial sector 6707trivial sector 6707 7
non trivial sector 6709trivial sector 6709 77

non trivial sector 6710 77
non trivial sector 6712 712 6

non trivial sector 6713trivial sector 6713 7

non trivial sector 6716 7

non trivial sector 6711trivial sector 6711 88

non trivial sector 6718trivial sector 6718  8

non trivial sector 6715trivial sector 6715 8

non trivial sector 6724 5
non trivial sector 6714trivial sector 6714 77
non trivial sector 6719trivial sector 6719 9
non trivial sector 6721trivial sector 6721 5

non trivial sector 6717 717 8

non trivial sector 6722trivial sector 6722 5

non trivial sector 6726 6

non trivial sector 6725trivial sector 6725 66

non trivial sector 6720trivial sector 6720 44

non trivial sector 6727trivial sector 6727  7

non trivial sector 6729trivial sector 6729 66

non trivial sector 6732trivial sector 6732 66
non trivial sector 6728trivial sector 6728 5

non trivial sector 6733trivial sector 6733 77

non trivial sector 6731trivial sector 6731 77

non trivial sector 6723trivial sector 6723 66

non trivial sector 6730  6
non trivial sector 6738trivial sector 6738 6

non trivial sector 6737trivial sector 6737 66
non trivial sector 6736trivial sector 6736  5
non trivial sector 6742trivial sector 6742 7

non trivial sector 6735trivial sector 6735 8

non trivial sector 6741trivial sector 6741 77

non trivial sector 6734 734 7
non trivial sector 6739trivial sector 6739 7

non trivial sector 6746trivial sector 6746 77
non trivial sector 6744trivial sector 6744 6
nnon trivial sector 6740 66

non trivial sector 6743 8

non trivial sector 6745trivial sector 6745 77

non trivial sector 6752trivial sector 6752 55

non trivial sector 6749trivial sector 6749 88
non trivial sector non trivial sector 6748 748 7

non trivial sector 6753trivial sector 6753 66

non trivial sector 6754trivial sector 6754 66

non trivial sector 6755trivial sector 6755 77
non trivial sector non trivial sector 6750 750 8

non trivial sector 6756 66

non trivial sector 67576757 7

non trivial sector 6751trivial sector 6751 9

non trivial sector 6747trivial sector 6747 88

non trivial sector 6760trivial sector 6760 6

non trivial sector 6758trivial sector 6758 77

non trivial sector 6759trivial sector 6759 8

non trivial sector 6762trivial sector 6762 77

non trivial sector 6761  7

non trivial sector 6768trivial sector 6768 66

non trivial sector 6763trivial sector 6763 88

non trivial sector 6765trivial sector 6765 8

non trivial sector 6769 769 7

non trivial sector 6764trivial sector 6764 7
non trivial sector 6766trivial sector 6766 88

non trivial sector 6767trivial sector 6767  9
non trivial sector 6770 7

non trivial sector non trivial sector 6774 774 8

non trivial sector 6772trivial sector 6772 77

non trivial sector non trivial sector 6771 771 8

non trivial sector 6773 773 8

non trivial sector 6779trivial sector 6779 99
non trivial sector 6780trivial sector 6780 8

non trivial sector 6776trivial sector 6776 77

non trivial sector 6775trivial sector 6775 99
non trivial sector 6777trivial sector 6777 88

non trivial sector 6781trivial sector 6781 99

non trivial sector 6784trivial sector 6784 4

non trivial sector 6785trivial sector 6785 5
non trivial sector 6787trivial sector 6787 6

non trivial sector 6778trivial sector 6778 8

non trivial sector 6789trivial sector 6789 66

non trivial sector 6782trivial sector 6782  9

non trivial sector non trivial sector 6783 783 10
0
non trivial sector non trivial sector 6788 55
non trivial sector 6791trivial sector 6791 77
non trivial sector 6793trivial sector 6793 6

non trivial sector 6790trivial sector 6790 66
non trivial sector 6786 55

non trivial sector 6796trivial sector 6796 66

non trivial sector 6794trivial sector 6794  6
non trivial sector 6797 797 7

non trivial sector 6795trivial sector 6795 77
non trivial sector 6792 792 55

non trivial sector non trivial sector 6800 55

non trivial sector 6804trivial sector 6804 66
non trivial sector 6801 66
non trivial sector 6802trivial sector 6802 66

non trivial sector 6799trivial sector 6799 88
non trivial sector 6806trivial sector 6806 77
non trivial sector 6798trivial sector 6798  7

non trivial sector 6805 805 7
non trivial sector 6808trivial sector 6808 6

non trivial sector 6803 803 7
non trivial sector 6810 810 7

non trivial sector 6811trivial sector 6811 88

non trivial sector 6812trivial sector 6812 77

non trivial sector 6807trivial sector 6807 88

non trivial sector 6809 77

non trivial sector 6815trivial sector 6815 99

non trivial sector 6814trivial sector 6814 88

non trivial sector 68166816 5

non trivial sector 6817trivial sector 6817 66

non trivial sector 6813trivial sector 6813 8

non trivial sector 6819trivial sector 6819 77

non trivial sector 6818 66

non trivial sector 6820trivial sector 6820 66

non trivial sector 6822trivial sector 6822 77

non trivial sector non trivial sector 6821 7

non trivial sector 68246824 6

non trivial sector 6823trivial sector 6823 88
non trivial sector 6825trivial sector 6825 7

non trivial sector 6828trivial sector 6828 77

non trivial sector 6826 826 7
non trivial sector 6827trivial sector 6827 88

non trivial sector 6833trivial sector 6833 77

non trivial sector 6829trivial sector 6829 8
non trivial sector 6830 830 8

non trivial sector non trivial sector 6832 832 6
non trivial sector 6834 77

non trivial sector 6835trivial sector 6835 88
non trivial sector 6840trivial sector 6840 77

non trivial sector 6831trivial sector 6831 9

non trivial sector 6841trivial sector 6841 8

non trivial sector 6836trivial sector 6836 7
non trivial sector 6838 8

non trivial sector 68376837 88

non trivial sector 6839trivial sector 6839 99

non trivial sector 6845trivial sector 6845 99

non trivial sector 6846 846 9

non trivial sector 6843trivial sector 6843 99
non trivial sector non trivial sector 6844 844 8

non trivial sector 6842trivial sector 6842 8

non trivial sector 6849trivial sector 6849 6

non trivial sector 6853trivial sector 6853 77
non trivial sector 6848trivial sector 6848 55

non trivial sector 6852trivial sector 6852 6

non trivial sector 6851trivial sector 6851 77
non trivial sector 6854trivial sector 6854 77

non trivial sector 6850 850 6

non trivial sector 6857trivial sector 6857 7

non trivial sector non trivial sector 6855 855 8

non trivial sector non trivial sector 6847 110
non trivial sector 6859trivial sector 6859 88

non trivial sector non trivial sector 6856 856 6

non trivial sector 6860trivial sector 6860 7

non trivial sector 6863trivial sector 6863 9

non trivial sector 6864trivial sector 6864 66

non trivial sector 6865trivial sector 6865 77

non trivial sector 6861trivial sector 6861 88

non trivial sector 6858trivial sector 6858 77
non trivial sector 6862trivial sector 6862 88
non trivial sector 6866 866 7
non trivial sector 6872 872 7

non trivial sector 6868 868 7

non trivial sector 6867trivial sector 6867 88

non trivial sector non trivial sector 6869 88
non trivial sector 6870trivial sector 6870 8

non trivial sector 6871trivial sector 6871 99

non trivial sector 6873trivial sector 6873 88
non trivial sector non trivial sector 6874 874 8

non trivial sector 6877trivial sector 6877 99

non trivial sector 6880trivial sector 6880 66
non trivial sector 6875trivial sector 6875 9

non trivial sector 6876 8
non trivial sector 6881trivial sector 6881 77

non trivial sector 6884trivial sector 6884 77

non trivial sector 6882 77
non trivial sector 6879trivial sector 6879 110

non trivial sector 6878trivial sector 6878 9

non trivial sector 6885 885 8

non trivial sector 6889 889 8

non trivial sector 6888 888 7

non trivial sector non trivial sector 6883 883 8
non trivial sector 6890trivial sector 6890  8

non trivial sector 6886 886 8

non trivial sector 6887trivial sector 6887 9

non trivial sector 6893trivial sector 6893 9

non trivial sector 6892trivial sector 6892 8

non trivial sector 6891trivial sector 6891 99

non trivial sector 6895 895 10
0
non trivial sector 6894trivial sector 6894 99

non trivial sector 6896trivial sector 6896  7

non trivial sector 6900trivial sector 6900 88

non trivial sector non trivial sector 6897 897 8

non trivial sector 6899 99

non trivial sector 6904trivial sector 6904 88

non trivial sector 6898trivial sector 6898 8

non trivial sector non trivial sector 6901 901 9

non trivial sector 6906 906 9
non trivial sector 6902trivial sector 6902 99

non trivial sector 6903trivial sector 6903 110

non trivial sector 6905trivial sector 6905 99

non trivial sector 6908trivial sector 6908  9

non trivial sector 6907trivial sector 6907 1010
non trivial sector non trivial sector 6909 909 1010
non trivial sector non trivial sector 6910 910 10
0
non trivial sector non trivial sector 6922 922 6

non trivial sector 6920trivial sector 6920 55
non trivial sector non trivial sector 6921 921 6
non trivial sector 6925trivial sector 6925 77

non trivial sector 6926trivial sector 6926 77
non trivial sector 6911trivial sector 6911 111

non trivial sector 6923trivial sector 6923 77

non trivial sector 6927 8
non trivial sector 6931trivial sector 6931 7
non trivial sector 6932trivial sector 6932 6

non trivial sector non trivial sector 6929 929 66
non trivial sector 6924trivial sector 6924 6

non trivial sector 6934trivial sector 6934 7

non trivial sector 6928 928 5

non trivial sector 6933trivial sector 6933 7

non trivial sector 6935trivial sector 6935 8

non trivial sector 6936trivial sector 6936 66
non trivial sector 6938trivial sector 6938 77

non trivial sector 6930trivial sector 6930 66

non trivial sector 6941trivial sector 6941 88
non trivial sector 6937trivial sector 6937 77

non trivial sector 6943trivial sector 6943 99

non trivial sector 6942trivial sector 6942 8

non trivial sector non trivial sector 6948 6

non trivial sector 6945trivial sector 6945 6

non trivial sector non trivial sector 6944 5

non trivial sector non trivial sector 6939 88
non trivial sector 6940trivial sector 6940 7

non trivial sector 6947trivial sector 6947 77

non trivial sector 69466946 66
non trivial sector 6951trivial sector 6951 88
non trivial sector 6949 949 7

non trivial sector 6952trivial sector 6952 66
non trivial sector 6950trivial sector 6950 7

non trivial sector 6954 77

non trivial sector 6955trivial sector 6955 8

non trivial sector 6961 961 7

non trivial sector 6957trivial sector 6957 88

non trivial sector 6958 88
non trivial sector 6956trivial sector 6956 77

non trivial sector 6953 77

non trivial sector 6960 960 66
non trivial sector 6962trivial sector 6962 7

non trivial sector 6965trivial sector 6965 88
non trivial sector 6964 964 7

non trivial sector 6963trivial sector 6963 8

non trivial sector 6966 966 8

non trivial sector non trivial sector 6959 99

non trivial sector 6970trivial sector 6970  8

non trivial sector 6967trivial sector 6967 99
non trivial sector 6969trivial sector 6969 88

non trivial sector 6968 77

non trivial sector 6976 976 5
non trivial sector non trivial sector 6979 77

non trivial sector 6980trivial sector 6980 66

non trivial sector 6973trivial sector 6973 99

non trivial sector 6971trivial sector 6971  9

non trivial sector 6972trivial sector 6972 8

non trivial sector 6978 66
non trivial sector 6977trivial sector 6977 66

non trivial sector 6974trivial sector 6974 99

non trivial sector non trivial sector 6982 982 7

non trivial sector 6984 984 6

non trivial sector 6981 981 7

non trivial sector 6975trivial sector 6975 110
non trivial sector 6988trivial sector 6988 77

non trivial sector 6986trivial sector 6986 7

non trivial sector 6985trivial sector 6985 7

non trivial sector 6983 983 8

non trivial sector 6990trivial sector 6990 8

non trivial sector 6993trivial sector 6993 77

non trivial sector 6987trivial sector 6987 88
non trivial sector 6995trivial sector 6995 8

non trivial sector non trivial sector 6992 992 6

non trivial sector 6989trivial sector 6989 88

non trivial sector non trivial sector 6991 991 9

non trivial sector 6996trivial sector 6996 77
non trivial sector 6994trivial sector 6994 77

non trivial sector 6999trivial sector 6999 9

non trivial sector non trivial sector 7001 88

non trivial sector 7000trivial sector 7000 77

non trivial sector 6998trivial sector 6998 8

non trivial sector 6997trivial sector 6997 8
non trivial sector 7002trivial sector 7002 88
non trivial sector 7003trivial sector 7003 99

non trivial sector 7004 88

non trivial sector non trivial sector 7008 008 6
non trivial sector 7006trivial sector 7006  9

non trivial sector 7005trivial sector 7005 99

non trivial sector 7007 110

non trivial sector 7010trivial sector 7010 7

non trivial sector 7011trivial sector 7011 88

non trivial sector 7014trivial sector 7014 88
non trivial sector 7013trivial sector 7013 88

non trivial sector 7009trivial sector 7009 77

non trivial sector 7012trivial sector 7012 7

non trivial sector non trivial sector 7015 015 9

non trivial sector 7017trivial sector 7017 88
non trivial sector 7018 8

non trivial sector 7016trivial sector 7016 77

non trivial sector 7021trivial sector 7021 99

non trivial sector non trivial sector 7022 022 9

non trivial sector 7024trivial sector 7024 77
non trivial sector 7026trivial sector 7026 88

non trivial sector non trivial sector 7025 025 8

non trivial sector 7020trivial sector 7020 8

non trivial sector 7019trivial sector 7019 99

non trivial sector 7028trivial sector 7028 88

non trivial sector 7027trivial sector 7027 99
non trivial sector 7029trivial sector 7029 99
non trivial sector 7030trivial sector 7030 99
non trivial sector 7032trivial sector 7032 8
non trivial sector non trivial sector 7023 023 10

non trivial sector 7031trivial sector 7031 10
non trivial sector 7033trivial sector 7033 99

non trivial sector 7037trivial sector 7037 110

non trivial sector 7041trivial sector 7041 66
non trivial sector 7040 55

non trivial sector 7038trivial sector 7038 10

non trivial sector 7034trivial sector 7034 99
non trivial sector 7035trivial sector 7035 110

non trivial sector 7043 043 7

non trivial sector 7039trivial sector 7039 11

non trivial sector 7036trivial sector 7036 99

non trivial sector 7042trivial sector 7042 66

non trivial sector 7045trivial sector 7045 7

non trivial sector 7044trivial sector 7044 6

non trivial sector non trivial sector 7048 048 6

non trivial sector 7051trivial sector 7051  8

non trivial sector 7047trivial sector 7047 88

non trivial sector 7049trivial sector 7049 77
non trivial sector 7052trivial sector 7052 77
non trivial sector 7046trivial sector 7046 77

non trivial sector 7050trivial sector 7050 7

non trivial sector 7056trivial sector 7056 66
non trivial sector 7054trivial sector 7054 88
non trivial sector 7055trivial sector 7055 9

non trivial sector 7057 057 7

non trivial sector 7059trivial sector 7059 88
non trivial sector 7058trivial sector 7058 7

non trivial sector 7060 060 7

non trivial sector 7053trivial sector 7053 8

non trivial sector 7062 80628

non trivial sector 7065trivial sector 7065 88

non trivial sector 7061trivial sector 7061 8
non trivial sector 7063trivial sector 7063 9

non trivial sector 7064 77
non trivial sector 7067trivial sector 7067 99
non trivial sector 7066 066 8

non trivial sector 7068trivial sector 7068 8
non trivial sector 7073trivial sector 7073 77

non trivial sector 7070 9

non trivial sector 7072trivial sector 7072 66

non trivial sector 7076 076 7

non trivial sector 7069trivial sector 7069 9

non trivial sector 7071 071trivial sector  10
non trivial sector 7077 077 8

non trivial sector 7075trivial sector 7075 8

non trivial sector 7074 7
non trivial sector 7080trivial sector 7080 77

non trivial sector 7078trivial sector 7078 88

non trivial sector 7084trivial sector 7084 88
non trivial sector 7081trivial sector 7081 8
non trivial sector 7082trivial sector 7082 88

non trivial sector 70797079 99
non trivial sector 7083trivial sector 7083 99
non trivial sector 7088trivial sector 7088  7
non trivial sector 7086 99
non trivial sector 7085trivial sector 7085 9

non trivial sector 7089trivial sector 7089 88

non trivial sector 7092trivial sector 7092 8

non trivial sector non trivial sector 7087 10

non trivial sector non trivial sector 7090 090 8

non trivial sector 7091trivial sector 7091 9

non trivial sector 7093trivial sector 7093 9
non trivial sector 7095trivial sector 7095  10
0
non trivial sector 7096 096 8

non trivial sector 7100 9

non trivial sector 7094 094 9

non trivial sector 7098 99

non trivial sector 7097trivial sector 7097 99

non trivial sector 7102trivial sector 7102 110

non trivial sector 7105 77

non trivial sector 7103trivial sector 7103 11

non trivial sector 7101 110

non trivial sector 7106trivial sector 7106 77

non trivial sector non trivial sector 7104 66
non trivial sector 7099 110

non trivial sector 7107trivial sector 7107 8

non trivial sector non trivial sector 7108 108 7

non trivial sector 7112trivial sector 7112 77
non trivial sector 7109trivial sector 7109 8
non trivial sector 7113trivial sector 7113  8

non trivial sector 71107110 8

non trivial sector 7115trivial sector 7115 9

non trivial sector 7114trivial sector 7114 8

non trivial sector 7111 9
non trivial sector 7120trivial sector 7120 7

non trivial sector 7117trivial sector 7117 9

non trivial sector 7118trivial sector 7118 99

non trivial sector 7116 116 8

non trivial sector 7122trivial sector 7122 88

non trivial sector 7121trivial sector 7121 8
non trivial sector 7125trivial sector 7125 9

non trivial sector non trivial sector 7124 124 88
non trivial sector 7119trivial sector 7119 10
non trivial sector 7123 99

non trivial sector 7129trivial sector 7129 9
non trivial sector 7128trivial sector 7128 8

non trivial sector 7126trivial sector 7126 99

non trivial sector 7130trivial sector 7130 99
non trivial sector 7127trivial sector 7127 10
non trivial sector 7131trivial sector 7131 110

non trivial sector 7133 133 10
non trivial sector 7134 134 10
0
non trivial sector 7139trivial sector 7139 9
non trivial sector 7138trivial sector 7138 8

non trivial sector 7136trivial sector 7136 77
non trivial sector 7132 9

non trivial sector 7140trivial sector 7140 8

non trivial sector 7137trivial sector 7137 8

non trivial sector 7135 11
non trivial sector 7141trivial sector 7141 99

non trivial sector 7143trivial sector 7143 110

non trivial sector 7142trivial sector 7142 99

non trivial sector 7144trivial sector 7144 88

non trivial sector 7145trivial sector 7145 99

non trivial sector 7146trivial sector 7146 99

non trivial sector 7148trivial sector 7148  9

non trivial sector 7152trivial sector 7152 88

non trivial sector 7150trivial sector 7150  10

non trivial sector 7149 149 10
0
non trivial sector non trivial sector 7151 151 11
1
non trivial sector 7147trivial sector 7147 10
non trivial sector non trivial sector 7153 153 9

non trivial sector 7154trivial sector 7154 99

non trivial sector 7155trivial sector 7155 10
nnon trivial sector 7156 156 9

non trivial sector 7160trivial sector 7160  9

non trivial sector 7158 10
0
non trivial sector 7157trivial sector 7157 10
0
non trivial sector 7161trivial sector 7161 10

non trivial sector 7159trivial sector 7159 111
non trivial sector 7162trivial sector 7162 110

non trivial sector 7163trivial sector 7163 111
non trivial sector 7164trivial sector 7164  10
non trivial sector 7166trivial sector 7166 11
1
non trivial sector 7165trivial sector 7165 11
non trivial sector 7178trivial sector 7178 5

non trivial sector non trivial sector 7177 55
non trivial sector 7181trivial sector 7181 6

non trivial sector 7167trivial sector 7167 112

non trivial sector 7176trivial sector 7176 44

non trivial sector 7182trivial sector 7182 66

non trivial sector 7183trivial sector 7183 77

non trivial sector 7179trivial sector 7179 6
non trivial sector 7180trivial sector 7180 55

non trivial sector 7193trivial sector 7193 66
non trivial sector 7194trivial sector 7194 66

non trivial sector 7197trivial sector 7197 77

non trivial sector 7196 66

non trivial sector 7195trivial sector 7195 7
non trivial sector 7192trivial sector 7192 55
non trivial sector 7199 8

non trivial sector 7200trivial sector 7200  4

non trivial sector 7201trivial sector 7201 55

non trivial sector 7202trivial sector 7202 5

non trivial sector 7206trivial sector 7206 66

non trivial sector 7205trivial sector 7205 66

non trivial sector 7208 208 5

non trivial sector 7209trivial sector 7209 6

non trivial sector 7198trivial sector 7198  7

non trivial sector 7203trivial sector 7203 6

non trivial sector 7204trivial sector 7204 5

non trivial sector non trivial sector 7210 210 6

non trivial sector 7207trivial sector 7207 77

non trivial sector 7213trivial sector 7213 77
non trivial sector non trivial sector 7214 7

non trivial sector 7219trivial sector 7219 77

non trivial sector 7212 6
non trivial sector 7211trivial sector 7211 77

non trivial sector non trivial sector 7217 66

non trivial sector 7215trivial sector 7215 8

non trivial sector 7220 6

non trivial sector 7216trivial sector 7216 55
non trivial sector 7223trivial sector 7223 88

non trivial sector 7224 6

non trivial sector 7221trivial sector 7221 77

non trivial sector 7218trivial sector 7218 66

non trivial sector 7222 222 7

non trivial sector 7226trivial sector 7226 77

non trivial sector non trivial sector 7225 225 7

non trivial sector non trivial sector 7228 228 7

non trivial sector non trivial sector 7227 227 8
non trivial sector 7229trivial sector 7229 88

non trivial sector 7234trivial sector 7234 55
non trivial sector non trivial sector 7231 99
non trivial sector non trivial sector 7235 66
non trivial sector 7233trivial sector 7233 5

non trivial sector 7230trivial sector 7230 88

non trivial sector 7236trivial sector 7236 55
non trivial sector 7232trivial sector 7232 44

non trivial sector 7237trivial sector 7237 66

non trivial sector 7238trivial sector 7238 66

non trivial sector 7239trivial sector 7239 7
non trivial sector 7244trivial sector 7244 66

non trivial sector non trivial sector 7242 242 66

non trivial sector 7240trivial sector 7240 55

non trivial sector non trivial sector 7241 6

non trivial sector 7243trivial sector 7243 7

non trivial sector 7249trivial sector 7249 66

non trivial sector 7245trivial sector 7245 7

non trivial sector 7246trivial sector 7246 77
non trivial sector 7248trivial sector 7248 5

non trivial sector 7247trivial sector 7247 88

non trivial sector non trivial sector 7254 254 77
non trivial sector 7252trivial sector 7252 66
non trivial sector 7251trivial sector 7251 77

non trivial sector 7253trivial sector 7253 7

non trivial sector non trivial sector 7255 255 8

non trivial sector 7250trivial sector 7250 6

non trivial sector non trivial sector 7259 8

non trivial sector 7256trivial sector 7256 6
non trivial sector 7260trivial sector 7260 7
non trivial sector 7261trivial sector 7261 88

non trivial sector non trivial sector 7258 7

non trivial sector 7257trivial sector 7257 77

non trivial sector non trivial sector 7267 72677

non trivial sector 7265trivial sector 7265 66

non trivial sector 7262trivial sector 7262 8

non trivial sector non trivial sector 7268 66
non trivial sector 7266trivial sector 7266  6

non trivial sector 7269trivial sector 7269 7
non trivial sector 7271trivial sector 7271  8

non trivial sector 7264 264 5
non trivial sector 7263 263 9

non trivial sector 7276trivial sector 7276 77

non trivial sector 7272trivial sector 7272 66
non trivial sector 7270trivial sector 7270 7

non trivial sector non trivial sector 7278 278 8

non trivial sector 7281trivial sector 7281 77
non trivial sector 7275trivial sector 7275 88

non trivial sector 7277trivial sector 7277 8

non trivial sector 7273trivial sector 7273 77
non trivial sector 7279trivial sector 7279 9

non trivial sector 7280trivial sector 7280 66
non trivial sector 7282trivial sector 7282 77

non trivial sector 7283 88

non trivial sector 7284 284 7

non trivial sector 7274trivial sector 7274 77

non trivial sector 7285trivial sector 7285 88
non trivial sector 7286 286 8

non trivial sector 7288 288 7

non trivial sector 7290trivial sector 7290 88
non trivial sector 7287trivial sector 7287 9
non trivial sector 7292 292 8

non trivial sector 7291 9

non trivial sector 7289trivial sector 7289 88
non trivial sector 7296 296 4
non trivial sector 7299trivial sector 7299 6

non trivial sector 7301 301 6

non trivial sector 7298trivial sector 7298 55
non trivial sector 7295 295 10
non trivial sector 7297 55
non trivial sector 7304trivial sector 7304 55

non trivial sector 7300trivial sector 7300 55

non trivial sector 7303 303 7

non trivial sector 7302trivial sector 7302 6

non trivial sector 7293trivial sector 7293 9
non trivial sector 72947294 99
non trivial sector 7305trivial sector 7305 6
non trivial sector 7306trivial sector 7306 66
nnon trivial sector 7309 309 7

non trivial sector 7307trivial sector 7307 77

non trivial sector 7310trivial sector 7310 7

non trivial sector 7308trivial sector 7308 6

non trivial sector 7313trivial sector 7313 66
non trivial sector 7314trivial sector 7314 6

non trivial sector 7316trivial sector 7316 66
non trivial sector 7317trivial sector 7317 77

non trivial sector 7312trivial sector 7312 55
non trivial sector 7311 88

non trivial sector 7320 320 6
non trivial sector 7315 7

non trivial sector 7322trivial sector 7322 7

non trivial sector 7318trivial sector 7318 77

non trivial sector non trivial sector 7321 7

non trivial sector 7326trivial sector 7326  8

non trivial sector 7330trivial sector 7330 66
non trivial sector 7324trivial sector 7324 7

non trivial sector 7319trivial sector 7319 88

non trivial sector non trivial sector 7329 329 6
non trivial sector 7327 99

non trivial sector 7325trivial sector 7325  8
non trivial sector 7331trivial sector 7331  7

non trivial sector non trivial sector 73237323 88

non trivial sector 73347334 7

non trivial sector 7332trivial sector 7332  6
non trivial sector 7336 6

non trivial sector 7337trivial sector 7337 7
non trivial sector non trivial sector 7328 328 55

non trivial sector 7338trivial sector 7338 77
non trivial sector 7333 333 7

non trivial sector 7335trivial sector 7335 8
non trivial sector 7339trivial sector 7339 88

non trivial sector 7343trivial sector 7343 9

non trivial sector 7344trivial sector 7344 66
non trivial sector 7340trivial sector 7340 77

non trivial sector non trivial sector 7341 88

non trivial sector non trivial sector 7346 77

non trivial sector non trivial sector 7345 7
non trivial sector non trivial sector 7342 342 8

non trivial sector 7348trivial sector 7348 77

non trivial sector 7347trivial sector 7347 8

non trivial sector 7351trivial sector 7351 99

non trivial sector non trivial sector 7350 350 8

non trivial sector 7349 88

non trivial sector 7352trivial sector 7352 77
non trivial sector 7353trivial sector 7353 88
non trivial sector 7360trivial sector 7360 55
non trivial sector 7354trivial sector 7354 88

non trivial sector 7355trivial sector 7355 99
non trivial sector 7356 356 8

non trivial sector 7358trivial sector 7358 99

non trivial sector 7361trivial sector 7361 6
non trivial sector 7357 9
non trivial sector 7362trivial sector 7362 66

non trivial sector 7363trivial sector 7363  7

non trivial sector 7365trivial sector 7365 7
non trivial sector 7359trivial sector 7359 10
0
non trivial sector 7366trivial sector 7366 7

non trivial sector 7364trivial sector 7364 66

non trivial sector 7372 372 7

non trivial sector non trivial sector 7367 88

non trivial sector 7369trivial sector 7369 77
non trivial sector 7368trivial sector 7368 66

non trivial sector 7376trivial sector 7376 66
non trivial sector 7371 371 8

non trivial sector 7374 374 8

non trivial sector 7375trivial sector 7375 9

non trivial sector 7378trivial sector 7378 77
non trivial sector 7370trivial sector 7370 7

non trivial sector 7377 7

non trivial sector 7380trivial sector 7380 7
non trivial sector 7379trivial sector 7379  8

non trivial sector 7383trivial sector 7383 9

non trivial sector 7373trivial sector 7373 88
non trivial sector 7384trivial sector 7384 7

non trivial sector non trivial sector 7381 381 8

non trivial sector 7388trivial sector 7388 88

non trivial sector 7385trivial sector 7385 88

non trivial sector non trivial sector 7382 83828

non trivial sector 7387 387 9

non trivial sector 7390 9

non trivial sector 7386trivial sector 7386 88

non trivial sector non trivial sector 7392 392 6

non trivial sector 7394trivial sector 7394 77

non trivial sector 7393trivial sector 7393 7

non trivial sector 7396trivial sector 7396 7

non trivial sector 7395trivial sector 7395 8

non trivial sector 7397trivial sector 7397 88

non trivial sector 7389trivial sector 7389 99

non trivial sector non trivial sector 7400 400 7

non trivial sector non trivial sector 7391 391 10

non trivial sector 7399 399 9

non trivial sector non trivial sector 7398 398 8

non trivial sector 7401trivial sector 7401 8

non trivial sector 7402trivial sector 7402 88

non trivial sector 7404trivial sector 7404 8

non trivial sector 7405trivial sector 7405 99

non trivial sector 7403trivial sector 7403 99

non trivial sector 7408trivial sector 7408 77

non trivial sector 7410trivial sector 7410 88

non trivial sector 7412trivial sector 7412 88
non trivial sector 7407trivial sector 7407 110

non trivial sector 7406trivial sector 7406 99
non trivial sector 7414 414 9

non trivial sector 7413 99
non trivial sector 7416trivial sector 7416 88
non trivial sector 7415 415 10
non trivial sector 7409 8
non trivial sector 7411trivial sector 7411 99

non trivial sector 7420trivial sector 7420 99

non trivial sector 7417trivial sector 7417 9

non trivial sector 7419trivial sector 7419 110
non trivial sector 7418trivial sector 7418 99
non trivial sector non trivial sector 7421 421 10
0
non trivial sector non trivial sector 7422 422 10
0
non trivial sector 7432trivial sector 7432 5
non trivial sector 7423trivial sector 7423 111

non trivial sector 7434trivial sector 7434 66

non trivial sector 7435trivial sector 7435 77

non trivial sector 7440 440 5

non trivial sector 7433trivial sector 7433 66

non trivial sector 7441trivial sector 7441 6

non trivial sector 7438trivial sector 7438 7

non trivial sector 7442trivial sector 7442 66

non trivial sector 7439trivial sector 7439 8

non trivial sector 7437trivial sector 7437 77
non trivial sector 7436trivial sector 7436 66

non trivial sector 7445trivial sector 7445 77

non trivial sector 7443trivial sector 7443 77

non trivial sector 7446trivial sector 7446 7

non trivial sector 7450 77
non trivial sector 7444 444 6

non trivial sector 7448 448 6

non trivial sector 7447trivial sector 7447 88

non trivial sector non trivial sector 7452 452 7

non trivial sector 7449trivial sector 7449 77
non trivial sector 7456 456 5

non trivial sector 7458trivial sector 7458 66
non trivial sector 7451 88

non trivial sector 7454trivial sector 7454 8
non trivial sector 7459trivial sector 7459 7

non trivial sector 7453 453 88

non trivial sector 7461trivial sector 7461 77
non trivial sector 7462 7

non trivial sector 7460 6

non trivial sector 7457 6

non trivial sector non trivial sector 7455 455 9

non trivial sector 7463trivial sector 7463 8

non trivial sector 7465trivial sector 7465 77
non trivial sector 7469 469 8

non trivial sector 7468 468 7

non trivial sector 7466trivial sector 7466 77
non trivial sector 7467 467 8
non trivial sector 7464trivial sector 7464 66

non trivial sector 7476trivial sector 7476 7
non trivial sector 7474 474 7
non trivial sector 7473trivial sector 7473 77

non trivial sector 7472 472 6

non trivial sector 7471trivial sector 7471 99

non trivial sector 7470trivial sector 7470 8

non trivial sector 7480trivial sector 7480 77

non trivial sector 7475trivial sector 7475 88
non trivial sector 7478trivial sector 7478  8

non trivial sector 7479trivial sector 7479 9

non trivial sector 7483 99

non trivial sector 7481trivial sector 7481 8
non trivial sector 7477trivial sector 7477 88

non trivial sector non trivial sector 7484 484 8

non trivial sector 7482 88
non trivial sector 7487trivial sector 7487 110

non trivial sector 7486 486 9

non trivial sector 7489trivial sector 7489 6
non trivial sector 7488trivial sector 7488 55
non trivial sector 7490trivial sector 7490 6

non trivial sector 7492trivial sector 7492 66
non trivial sector 7485trivial sector 7485 99

non trivial sector 7496trivial sector 7496 6

non trivial sector 7497 497 7

non trivial sector 7495 495 8

non trivial sector 7494trivial sector 7494 7

non trivial sector 7493 493 7

non trivial sector 7499trivial sector 7499 88

non trivial sector 7491 7

non trivial sector 7504trivial sector 7504 66

non trivial sector 7502trivial sector 7502  8

non trivial sector 7500trivial sector 7500 77

non trivial sector 7498trivial sector 7498 77
non trivial sector 7507 507 8

non trivial sector 7505trivial sector 7505 77
non trivial sector 7501trivial sector 7501 8
non trivial sector 7506trivial sector 7506 77

non trivial sector 7509trivial sector 7509 88
non trivial sector 7503trivial sector 7503 9

non trivial sector 7508trivial sector 7508 77

non trivial sector 7510trivial sector 7510 88
non trivial sector 7514trivial sector 7514 88

non trivial sector non trivial sector 7513 8

non trivial sector 7515 9

non trivial sector 7517trivial sector 7517 99

non trivial sector 7512trivial sector 7512 77
non trivial sector 7516trivial sector 7516 88

non trivial sector 7511 99
non trivial sector 7520trivial sector 7520 6

non trivial sector 7522trivial sector 7522 7
non trivial sector 7518trivial sector 7518 9
non trivial sector 7524trivial sector 7524 7

non trivial sector 7523trivial sector 7523 8

non trivial sector non trivial sector 7525 8

non trivial sector 7521 521 7

non trivial sector 7526trivial sector 7526 8

non trivial sector 7519trivial sector 7519 110

non trivial sector 7529trivial sector 7529 88

non trivial sector 7528trivial sector 7528 77
non trivial sector 7531trivial sector 7531 99

non trivial sector 7530trivial sector 7530 88

non trivial sector 7527trivial sector 7527 9

non trivial sector 7532trivial sector 7532 8

non trivial sector 7537trivial sector 7537 8
non trivial sector 7534trivial sector 7534 99

non trivial sector 7536trivial sector 7536 77
non trivial sector 7535trivial sector 7535 110

non trivial sector 7540 8

non trivial sector 7533trivial sector 7533 99

non trivial sector 7539trivial sector 7539 9

non trivial sector 7542 542 9

non trivial sector 7544trivial sector 7544 88

non trivial sector 7543trivial sector 7543 110

non trivial sector 7538 538 8
non trivial sector 7541trivial sector 7541  9

non trivial sector 7546trivial sector 7546 99

non trivial sector 7545trivial sector 7545 99

non trivial sector 7552trivial sector 7552 55
non trivial sector 7550trivial sector 7550 110

non trivial sector 7547trivial sector 7547  10
non trivial sector 7549trivial sector 7549 110

non trivial sector 7548trivial sector 7548 99

non trivial sector 7558trivial sector 7558 7

non trivial sector 7554trivial sector 7554 6
non trivial sector 7553trivial sector 7553 66

non trivial sector 7551trivial sector 7551 111

non trivial sector 7555trivial sector 7555 77

non trivial sector 7556trivial sector 7556 6

non trivial sector 7557trivial sector 7557 77

non trivial sector 7563trivial sector 7563 88
non trivial sector 7559trivial sector 7559 88

non trivial sector 7562trivial sector 7562 7
non trivial sector 7560trivial sector 7560 66

non trivial sector 7564 77

non trivial sector non trivial sector 7567 9

non trivial sector 7568trivial sector 7568 6
non trivial sector 7569 569 7

non trivial sector 7572trivial sector 7572 77

non trivial sector 7571trivial sector 7571 8

non trivial sector 7566 8

non trivial sector 7565trivial sector 7565 8

non trivial sector 7561trivial sector 7561 77

non trivial sector 7573trivial sector 7573 88
non trivial sector non trivial sector 7570 570 7

non trivial sector 7574trivial sector 7574 8

non trivial sector non trivial sector 75757575 9

non trivial sector 7578trivial sector 7578 88

non trivial sector 7577 577 8

non trivial sector 7580trivial sector 7580 88

non trivial sector 7576trivial sector 7576 77

non trivial sector 7579 579 99

non trivial sector 7584trivial sector 7584 66

non trivial sector non trivial sector 7582 582 9

non trivial sector 7587 587 8

non trivial sector 7581trivial sector 7581 99

non trivial sector 7586trivial sector 7586 77

non trivial sector 75887588 77
non trivial sector non trivial sector 7585 585 7

non trivial sector 7590 590 8
non trivial sector 7589trivial sector 7589 88
non trivial sector 7591trivial sector 7591 99

non trivial sector 7583trivial sector 7583 10
0
non trivial sector 7594trivial sector 7594 88
non trivial sector 7595trivial sector 7595 99

non trivial sector 7596trivial sector 7596 88

non trivial sector 7592trivial sector 7592 77

non trivial sector non trivial sector 7597 597 9

non trivial sector 7593trivial sector 7593 88

non trivial sector 7600trivial sector 7600 7

non trivial sector 7598trivial sector 7598 9

non trivial sector 7599trivial sector 7599 10
non trivial sector 7605 9

non trivial sector 7604 604 88
non trivial sector 7601trivial sector 7601  8

non trivial sector 7602trivial sector 7602 88
non trivial sector non trivial sector 76037603 9

non trivial sector 7608 8

non trivial sector 7606trivial sector 7606 99

non trivial sector 7607 607 10
0
non trivial sector 7609trivial sector 7609 99
non trivial sector 7612 612 9

non trivial sector 7610trivial sector 7610 99

non trivial sector non trivial sector 7611 611 10
non trivial sector 7616trivial sector 7616 66
non trivial sector 7613trivial sector 7613 10
0
non trivial sector non trivial sector 7617 617 7

non trivial sector 7618trivial sector 7618 77
non trivial sector 7615trivial sector 7615 11
1
non trivial sector 7620trivial sector 7620 77

non trivial sector 7619trivial sector 7619 8

non trivial sector 7614 614 10
0
non trivial sector 7623trivial sector 7623 99
non trivial sector 7624 624 7

non trivial sector 7621trivial sector 7621 88

non trivial sector 7625trivial sector 7625 8

non trivial sector 7627trivial sector 7627 9

non trivial sector 7622trivial sector 7622 8

non trivial sector 7626trivial sector 7626 88
non trivial sector 7628trivial sector 7628 8

non trivial sector 7630trivial sector 7630 9
non trivial sector 7629trivial sector 7629 99
non trivial sector 7632trivial sector 7632  7
non trivial sector 7634trivial sector 7634 8

non trivial sector 7633trivial sector 7633 88

non trivial sector non trivial sector 7635 635 9

non trivial sector 7636trivial sector 7636 88

non trivial sector 7631trivial sector 7631 1010

non trivial sector non trivial sector 7637 99

non trivial sector 7639trivial sector 7639 110

non trivial sector 7638trivial sector 7638 99
non trivial sector non trivial sector 7644 644 9

non trivial sector 7641trivial sector 7641 99

non trivial sector 7642trivial sector 7642 9
non trivial sector non trivial sector 7648 77

non trivial sector 7640trivial sector 7640 8

non trivial sector 7643trivial sector 7643 110

non trivial sector 7645trivial sector 7645 1010
non trivial sector 7646trivial sector 7646 10
non trivial sector 7647 11
non trivial sector 7649trivial sector 7649 88

non trivial sector 7650trivial sector 7650 8
non trivial sector 7652trivial sector 7652 8

non trivial sector non trivial sector 7653 9

non trivial sector 7654trivial sector 7654 99

non trivial sector non trivial sector 7651 651 99

non trivial sector 7656 88

non trivial sector 7658trivial sector 7658 9
non trivial sector 7657trivial sector 7657 99

non trivial sector 7660trivial sector 7660 99
non trivial sector 7655trivial sector 7655 10
0
non trivial sector 7662 10
non trivial sector 7661trivial sector 7661 10
0
non trivial sector 7659trivial sector 7659 10
non trivial sector 7665trivial sector 7665 9
non trivial sector 7666trivial sector 7666 99

non trivial sector 7664 664 88
non trivial sector 7663trivial sector 7663 111

non trivial sector 7668 668 9

non trivial sector 7669trivial sector 7669 110

non trivial sector 7670trivial sector 7670 10
non trivial sector 7672 672 9
non trivial sector 7667trivial sector 7667 10
0
non trivial sector 7671trivial sector 7671 11
1
non trivial sector 7673 673 10
non trivial sector non trivial sector 7674 674 10
0
non trivial sector 7676trivial sector 7676 10

non trivial sector 7675trivial sector 7675 111
non trivial sector non trivial sector 7678 678 11

non trivial sector 7677trivial sector 7677 11
non trivial sector 7689trivial sector 7689 66

non trivial sector 7690trivial sector 7690 66

non trivial sector 7688trivial sector 7688 55

non trivial sector 7692trivial sector 7692 66

non trivial sector 7693trivial sector 7693 7

non trivial sector 7679trivial sector 7679 12
non trivial sector 7695 88
non trivial sector 7694trivial sector 7694 77

non trivial sector 7691trivial sector 7691 77
non trivial sector 7704trivial sector 7704 66

non trivial sector 7713trivial sector 7713 66
non trivial sector 7714trivial sector 7714 6

non trivial sector 7705 77
non trivial sector 7706trivial sector 7706 77
non trivial sector 7712trivial sector 7712  5

non trivial sector 7708trivial sector 7708 77
non trivial sector 7707 88

non trivial sector 7710trivial sector 7710 88
non trivial sector non trivial sector 7711 711 9

non trivial sector 7709trivial sector 7709 88

non trivial sector non trivial sector 7717 7

non trivial sector 7718 718 7

non trivial sector 7719trivial sector 7719 88
non trivial sector 7715trivial sector 7715 77
non trivial sector 7721trivial sector 7721 7

non trivial sector 7720trivial sector 7720 66

non trivial sector 7716trivial sector 7716  6

non trivial sector 7723trivial sector 7723 8

non trivial sector 7722trivial sector 7722 77
non trivial sector non trivial sector 7725 88
non trivial sector 7728trivial sector 7728 66
non trivial sector 77267726 88
non trivial sector 7724trivial sector 7724 77

non trivial sector 7727trivial sector 7727 99

non trivial sector 7731trivial sector 7731 88

non trivial sector 7733 8

non trivial sector 7732trivial sector 7732  7

non trivial sector 7729 729 7

non trivial sector 7734trivial sector 7734 8

non trivial sector 7736 7

non trivial sector 7735trivial sector 7735 99

non trivial sector 7730trivial sector 7730 77
non trivial sector non trivial sector 7740 740 8

non trivial sector 7738trivial sector 7738 88

non trivial sector 7739trivial sector 7739 99
non trivial sector 7741trivial sector 7741 9

non trivial sector 7746trivial sector 7746 66

non trivial sector non trivial sector 7737 88
non trivial sector non trivial sector 7743 10
0
non trivial sector 7744trivial sector 7744 55
non trivial sector non trivial sector 7748 66

non trivial sector 7745trivial sector 7745 66
non trivial sector 7749trivial sector 7749 7

non trivial sector 7742trivial sector 7742 99

non trivial sector 7747trivial sector 7747  7

non trivial sector 7751 751 8

non trivial sector non trivial sector 77527752 66

non trivial sector 7750trivial sector 7750 77
non trivial sector 7754trivial sector 7754 7

non trivial sector 7757trivial sector 7757 8

non trivial sector 7758trivial sector 7758 88

non trivial sector 7753trivial sector 7753 7

non trivial sector 7760trivial sector 7760 66

non trivial sector 7756trivial sector 7756 7

non trivial sector non trivial sector 7755 755 8

non trivial sector 7761trivial sector 7761 77

non trivial sector 7762trivial sector 7762 77
non trivial sector 7764trivial sector 7764 77
non trivial sector 7759trivial sector 7759 99

non trivial sector 7766trivial sector 7766 88
nnon trivial sector 7765 8
non trivial sector 7767trivial sector 7767 99

non trivial sector 7763trivial sector 7763 88

non trivial sector 7769 769 8

non trivial sector 7772trivial sector 7772 8

non trivial sector 7770trivial sector 7770 8

non trivial sector 7776trivial sector 7776 6

non trivial sector 7778trivial sector 7778 77
non trivial sector 7773trivial sector 7773 9
non trivial sector 7774trivial sector 7774 9
non trivial sector 7771trivial sector 7771 9

non trivial sector 7780trivial sector 7780 77

non trivial sector 7777trivial sector 7777 77

non trivial sector non trivial sector 7768 77

non trivial sector 7775trivial sector 7775 10
non trivial sector 7779trivial sector 7779 88

non trivial sector 7781trivial sector 7781 8

non trivial sector 7782trivial sector 7782 88
non trivial sector 7786 88
non trivial sector non trivial sector 7783 783 9

non trivial sector 7787trivial sector 7787 99
non trivial sector 7784trivial sector 7784 77

non trivial sector 7788trivial sector 7788 88

non trivial sector 7792trivial sector 7792  7

non trivial sector 7790 99
non trivial sector 7785 8

non trivial sector 7791trivial sector 7791 10
non trivial sector 7789 9

non trivial sector 7793trivial sector 7793 88

non trivial sector non trivial sector 7795 795 9

non trivial sector 7799trivial sector 7799 10

non trivial sector 7794trivial sector 7794 88
non trivial sector 7797trivial sector 7797 99
non trivial sector non trivial sector 7798 798 9
non trivial sector 7800trivial sector 7800 8

non trivial sector 7803 10
non trivial sector 7802 802 9

non trivial sector 7796 796 8

non trivial sector 7801trivial sector 7801 99

non trivial sector 7804trivial sector 7804 99

non trivial sector 7808trivial sector 7808 5

non trivial sector 7810trivial sector 7810 6
non trivial sector 7809trivial sector 7809 6

non trivial sector non trivial sector 7805 10
0
non trivial sector 7811trivial sector 7811 77

non trivial sector 7806trivial sector 7806 110
non trivial sector 7812trivial sector 7812 6
non trivial sector 7807trivial sector 7807 111

non trivial sector 7816trivial sector 7816 66

non trivial sector 7813 813 7

non trivial sector 7815trivial sector 7815 88
non trivial sector 7814 77

non trivial sector 7818trivial sector 7818 7
non trivial sector 7822trivial sector 7822 8

non trivial sector 7820trivial sector 7820 77

non trivial sector 7817trivial sector 7817  7

non trivial sector 7824trivial sector 7824 6

non trivial sector 7821trivial sector 7821  8

non trivial sector 7826trivial sector 7826 77

non trivial sector non trivial sector 7819 8

non trivial sector 7823trivial sector 7823 99
non trivial sector 7828trivial sector 7828 7
non trivial sector 7829trivial sector 7829 88

non trivial sector 7831 831 9

non trivial sector 7827 827 8

non trivial sector 7825trivial sector 7825 7

non trivial sector 7832trivial sector 7832 7
non trivial sector 7830trivial sector 7830 88

non trivial sector 7835trivial sector 7835 9

non trivial sector non trivial sector 7840 840 6
non trivial sector 7838trivial sector 7838 99

non trivial sector 7839 110

non trivial sector 7841trivial sector 7841 7

non trivial sector 7834trivial sector 7834 88

non trivial sector 7836trivial sector 7836 88
non trivial sector 7837trivial sector 7837 9

non trivial sector 7833trivial sector 7833 8

non trivial sector 7843 843 8

non trivial sector 7844trivial sector 7844 77

non trivial sector 7842trivial sector 7842 77
non trivial sector 7848trivial sector 7848 77

non trivial sector 7846trivial sector 7846 8
non trivial sector 7847trivial sector 7847 9

non trivial sector non trivial sector 7845 845 8

non trivial sector 7850trivial sector 7850 8

non trivial sector 7851trivial sector 7851 99

non trivial sector non trivial sector 7849 8

non trivial sector 7854trivial sector 7854 99

non trivial sector non trivial sector 7855 10
non trivial sector non trivial sector 7853 853 9

non trivial sector 7858trivial sector 7858 8

non trivial sector 7860 860 8
non trivial sector 7852trivial sector 7852 88

non trivial sector 7861trivial sector 7861 99
non trivial sector 7859 859 9

non trivial sector 7857trivial sector 7857 8

non trivial sector 7856trivial sector 7856 77

non trivial sector 7863 863 10
0
non trivial sector 7865 9

non trivial sector non trivial sector 7862  9
non trivial sector 7864 864 8

non trivial sector 7866 866 9

non trivial sector 7873trivial sector 7873 77

non trivial sector 7867 867 10
0
non trivial sector 7870trivial sector 7870 10
0
non trivial sector 7869trivial sector 7869  10
non trivial sector 7872trivial sector 7872 66
non trivial sector non trivial sector 7874 7

non trivial sector 7875trivial sector 7875 88
non trivial sector 7868trivial sector 7868  9

non trivial sector 7876trivial sector 7876 7

non trivial sector 7877trivial sector 7877 88

non trivial sector 7871trivial sector 7871 111

non trivial sector 7878 8

non trivial sector 7879trivial sector 7879 9

non trivial sector 7880 77

non trivial sector 7881trivial sector 7881 8

non trivial sector 7882trivial sector 7882 88
non trivial sector non trivial sector 7883 99
non trivial sector non trivial sector 7884 884 8

non trivial sector 7886trivial sector 7886 99

non trivial sector 7888 888 7

non trivial sector non trivial sector 7889 8

non trivial sector 7885 885 9
non trivial sector 7887trivial sector 7887 110

non trivial sector 7890trivial sector 7890 88

non trivial sector 7893trivial sector 7893 9

non trivial sector 7896trivial sector 7896 88
non trivial sector 7891trivial sector 7891  9

non trivial sector 7892trivial sector 7892 88
non trivial sector 7899trivial sector 7899 110

non trivial sector 7897trivial sector 7897 99
non trivial sector 7898 9
non trivial sector non trivial sector 7894 99

non trivial sector 7895trivial sector 7895 10
0
non trivial sector 7901trivial sector 7901 10

non trivial sector 7900trivial sector 7900 99

non trivial sector non trivial sector 7905 905 8

non trivial sector non trivial sector 7902 902 10
0
non trivial sector non trivial sector 7907 907 9

non trivial sector non trivial sector 7903 11
non trivial sector 7904 904 7
non trivial sector 7909 909 9

non trivial sector 7912trivial sector 7912 88

non trivial sector 7906trivial sector 7906 8

non trivial sector 7908 88

non trivial sector 7910 99
non trivial sector 7911trivial sector 7911 110

non trivial sector 7913trivial sector 7913 9

non trivial sector 7914trivial sector 7914 99

non trivial sector non trivial sector 7916 916 99

non trivial sector 7920trivial sector 7920 88
non trivial sector 7917trivial sector 7917 10

non trivial sector 7915 110

non trivial sector 7919trivial sector 7919 111
non trivial sector 7918trivial sector 7918 110
non trivial sector 7921trivial sector 7921 99

non trivial sector 7923 923 10
0
non trivial sector 7924 9
non trivial sector 7922trivial sector 7922 9
non trivial sector 7925trivial sector 7925 10

non trivial sector 7928trivial sector 7928 9
non trivial sector non trivial sector 7927 927 11
1
non trivial sector 7926 926 10
0
non trivial sector 7931trivial sector 7931 11
1
non trivial sector 7930 110

non trivial sector 7932trivial sector 7932 110

non trivial sector 7929trivial sector 7929 110

non trivial sector 7933trivial sector 7933  11
1
non trivial sector non trivial sector 7934 111
non trivial sector 7945 945 7

non trivial sector 7935trivial sector 7935 12

non trivial sector 7947trivial sector 7947 8

non trivial sector 7946trivial sector 7946 77

non trivial sector 7952trivial sector 7952 66

non trivial sector 7949trivial sector 7949 88
non trivial sector 7948trivial sector 7948 7

non trivial sector 7944trivial sector 7944 66
non trivial sector 7954trivial sector 7954 77

non trivial sector 7950trivial sector 7950 88

non trivial sector 7955 955 8

non trivial sector 7953trivial sector 7953 77

non trivial sector 7957 957 8
non trivial sector 7956trivial sector 7956 7

non trivial sector 7951trivial sector 7951 9

non trivial sector 7962trivial sector 7962 88
non trivial sector 7958trivial sector 7958 88

non trivial sector 7960trivial sector 7960 77

non trivial sector 7959trivial sector 7959 99
non trivial sector non trivial sector 7963 963 9

non trivial sector 7966 966 9
non trivial sector 7968trivial sector 7968 66

non trivial sector 7961trivial sector 7961 8

non trivial sector 7964trivial sector 7964 88

non trivial sector 7965trivial sector 7965 99

non trivial sector 7967 110
non trivial sector 7972 972 7
non trivial sector 7970trivial sector 7970 77

non trivial sector 7973trivial sector 7973 88
non trivial sector 7975 9

non trivial sector 7976trivial sector 7976 7
non trivial sector 7971 8
non trivial sector 7974 974 8
non trivial sector 7979trivial sector 7979  9

non trivial sector 7977 977 8

non trivial sector 7981 981 99

non trivial sector 7984 984 7

non trivial sector 7980trivial sector 7980 8

non trivial sector 7978 978 8

non trivial sector 7969trivial sector 7969 77

non trivial sector 7982trivial sector 7982 9

non trivial sector 7986trivial sector 7986 8

non trivial sector 7983trivial sector 7983 10
0
non trivial sector 7987trivial sector 7987 99

non trivial sector 7988trivial sector 7988 88

non trivial sector 7985trivial sector 7985 88

non trivial sector 7990trivial sector 7990 99
non trivial sector 7993trivial sector 7993 99
non trivial sector non trivial sector 7992 8
non trivial sector 7996 996 9
non trivial sector 7991trivial sector 7991 110

non trivial sector 7989trivial sector 7989 99

non trivial sector 7995trivial sector 7995 110

non trivial sector 8000trivial sector 8000 66

non trivial sector 8001 001 7
non trivial sector 8002trivial sector 8002 77

non trivial sector 7999trivial sector 7999 111
non trivial sector 7994trivial sector 7994 9

non trivial sector 8003 003 8

non trivial sector 7998trivial sector 7998 10
0
non trivial sector 8006trivial sector 8006 88
non trivial sector 8007trivial sector 8007 9
non trivial sector 7997trivial sector 7997 10

non trivial sector 8009trivial sector 8009 8
non trivial sector non trivial sector 8008 008 7

non trivial sector 8011trivial sector 8011 99

non trivial sector 8004 77

non trivial sector 8010 88

non trivial sector non trivial sector 8005 005 8

non trivial sector 8012 012 8
non trivial sector non trivial sector 8013 013 9

non trivial sector non trivial sector 8014 014 9

non trivial sector 8017trivial sector 8017 88
non trivial sector 8018 018 8

non trivial sector 8016trivial sector 8016 77

non trivial sector 8015trivial sector 8015 110

non trivial sector 8019trivial sector 8019 9

non trivial sector non trivial sector 8020 020 8
non trivial sector 8021trivial sector 8021 9

non trivial sector 8022trivial sector 8022 9

non trivial sector 8026trivial sector 8026 9

non trivial sector 8025trivial sector 8025 9
non trivial sector 8023trivial sector 8023 110
non trivial sector 8024 88
non trivial sector 8028trivial sector 8028 99

non trivial sector 8027 027 10
0
non trivial sector 8032trivial sector 8032 7

non trivial sector 8033trivial sector 8033 8
non trivial sector 8030trivial sector 8030 110
non trivial sector 8034trivial sector 8034 88

non trivial sector non trivial sector 8031 031 11
1
non trivial sector non trivial sector 8035 9
non trivial sector 8029trivial sector 8029 10

non trivial sector 8036 88

non trivial sector 8037trivial sector 8037 99

non trivial sector 8040trivial sector 8040 88
non trivial sector 8038trivial sector 8038 9
non trivial sector 8042trivial sector 8042 9
non trivial sector 8041trivial sector 8041 9

non trivial sector non trivial sector 8039 10
0
non trivial sector 8044trivial sector 8044 9

non trivial sector 8043 043 10
0
non trivial sector 8045trivial sector 8045 110

non trivial sector 8049trivial sector 8049 9

non trivial sector 8046trivial sector 8046 110
non trivial sector 8050trivial sector 8050 99

non trivial sector 8048trivial sector 8048 88

non trivial sector 8051 051 10
0
non trivial sector 8053 053 10
0
non trivial sector 8052trivial sector 8052 9

non trivial sector 8056trivial sector 8056 99
non trivial sector 8047trivial sector 8047 111
non trivial sector 8057trivial sector 8057 10
non trivial sector 8054trivial sector 8054 10
0
non trivial sector 8055trivial sector 8055 111

non trivial sector 8060trivial sector 8060 110

non trivial sector 8058trivial sector 8058 110

non trivial sector 8064trivial sector 8064 6

non trivial sector 8059trivial sector 8059 11
1
non trivial sector 8066trivial sector 8066 7

non trivial sector 8065trivial sector 8065 77

non trivial sector 8061 061 11
1
non trivial sector 8068trivial sector 8068 7

non trivial sector 8067 88
non trivial sector 8062trivial sector 8062 111
non trivial sector 8073 073 8

non trivial sector 8069trivial sector 8069 8
non trivial sector 8070trivial sector 8070 8

non trivial sector 8074 8
non trivial sector 8072 072 7

non trivial sector 8071trivial sector 8071 9

non trivial sector 8063 063 12
2
non trivial sector non trivial sector 8075 9

non trivial sector 8077 077 9

non trivial sector 8076trivial sector 8076 88
non trivial sector 8081trivial sector 8081 8

non trivial sector 8079trivial sector 8079 10

non trivial sector 8084trivial sector 8084 8

non trivial sector 8078trivial sector 8078 99

non trivial sector 8080trivial sector 8080 7

non trivial sector 8083trivial sector 8083 99

non trivial sector 8086trivial sector 8086 99
non trivial sector 8082 082 8
non trivial sector 8085 99

non trivial sector 8088 088 8

non trivial sector 8089trivial sector 8089 99
non trivial sector 8087trivial sector 8087 110

non trivial sector 8092trivial sector 8092 9

non trivial sector 8093trivial sector 8093 110

non trivial sector 8091trivial sector 8091 110

non trivial sector 8096trivial sector 8096 77
non trivial sector 8090 090 9

non trivial sector 8094trivial sector 8094 10
0
non trivial sector 8098trivial sector 8098 88

non trivial sector 8095trivial sector 8095 111

non trivial sector 8097trivial sector 8097 88

non trivial sector 8099trivial sector 8099 99

non trivial sector 8100trivial sector 8100 8

non trivial sector 8101trivial sector 8101 9

non trivial sector 8105trivial sector 8105 9

non trivial sector 8104 88

non trivial sector 8102 99
non trivial sector 8103trivial sector 8103 10

non trivial sector 8107trivial sector 8107 110

non trivial sector 8106trivial sector 8106 9

non trivial sector 8108trivial sector 8108  9
non trivial sector 8109 110

non trivial sector 8110trivial sector 8110 10

non trivial sector 8113trivial sector 8113 99
non trivial sector 8114  9

non trivial sector 8112trivial sector 8112 8

non trivial sector 8111 11
1
non trivial sector 8115 101510
non trivial sector 8116 9

non trivial sector 8117 110

non trivial sector 8118 10

non trivial sector 8119trivial sector 8119 111

non trivial sector 8120trivial sector 8120 99

non trivial sector 8122trivial sector 8122 10
non trivial sector 8124 110

non trivial sector 8128trivial sector 8128 77

non trivial sector 8121trivial sector 8121 10
0
non trivial sector 8123trivial sector 8123 111
non trivial sector 8129trivial sector 8129 88

non trivial sector 8126trivial sector 8126 11

non trivial sector 8131trivial sector 8131 9

non trivial sector 8125trivial sector 8125 111
non trivial sector 8130trivial sector 8130 8

non trivial sector 8127trivial sector 8127 112

non trivial sector 8133trivial sector 8133 99

non trivial sector 8136trivial sector 8136 88

non trivial sector 8134 134 9
non trivial sector 8137 137 9

non trivial sector non trivial sector 8135 135 10
0
non trivial sector 8140trivial sector 8140 99

non trivial sector 8132 132 8

non trivial sector 8145trivial sector 8145 9

non trivial sector 8142trivial sector 8142 110

non trivial sector 8138trivial sector 8138 99
non trivial sector 8139trivial sector 8139 110

non trivial sector 8141trivial sector 8141 110

non trivial sector 8144trivial sector 8144 8

non trivial sector 8146trivial sector 8146 99

non trivial sector 8143trivial sector 8143 111

non trivial sector 8147 147 1010

non trivial sector 8152 9
non trivial sector 8148 9

non trivial sector 8149trivial sector 8149 10
non trivial sector 8150trivial sector 8150 10
0
non trivial sector 8153 110
non trivial sector 8151trivial sector 8151 11
1
non trivial sector 8156trivial sector 8156 10
0
non trivial sector 8154 154 10

non trivial sector 8160trivial sector 8160 88
non trivial sector 8157trivial sector 8157 11
non trivial sector 8155 155 11
1
non trivial sector 8161trivial sector 8161 99

non trivial sector 8158trivial sector 8158 11

1non trivial sector 8162trivial sector 8162 9
non trivial sector 8159 12
2
non trivial sector 8163trivial sector 8163 110
non trivial sector 8166 166 10
0
non trivial sector 8168trivial sector 8168 9

non trivial sector 8169 110
non trivial sector 8165trivial sector 8165 110

non trivial sector 8164 164 9
non trivial sector 8167trivial sector 8167 111

non trivial sector 8170 10
non trivial sector 8171 111
non trivial sector 8176trivial sector 8176 9
non trivial sector non trivial sector 8174 111

non trivial sector 8173trivial sector 8173 111

non trivial sector non trivial sector 81778177 110
non trivial sector 8179 179 11
1
non trivial sector 8178 110

non trivial sector 8172 172 10
0
non trivial sector 8181 11
non trivial sector non trivial sector 8175 175 12
2
non trivial sector 8182trivial sector 8182 111
non trivial sector 8180trivial sector 8180 10
non trivial sector non trivial sector 8184 110
non trivial sector 8183 12
non trivial sector 8186trivial sector 8186 11
non trivial sector 8185 111
non trivial sector 8188trivial sector 8188 111
non trivial sector 8189 12
non trivial sector 8187 12
non trivial sector 8190 12
non trivial sector 8191 13

Non trivial sectors in total: 6808
Trivial sectors in total: 1384
( 0.8 s )

Search symmetry relations: 

( 0.2 s )
***********************************************************
Prepare Symmetries for the topology: hxb
***********************************************************
Build symmetries for hxb x hxb 
Kira maps this sector 133 to this sector 133
with external Symmetry 0
Kira maps this sector 268 to this sector 268
with external Symmetry 0
Kira maps this sector 268 to this sector 268
with external Symmetry 0
Kira maps this sector 268 to this sector 268
with external Symmetry 0
Kira maps this sector 268 to this sector 268
with external Symmetry 0
Kira maps this sector 268 to this sector 268
with external Symmetry 0
Kira maps this sector 25 to this sector 268
with external Symmetry 0
Kira maps this sector 25 to this sector 268
with external Symmetry 0
Kira maps this sector 25 to this sector 268
with external Symmetry 0
Kira maps this sector 25 to this sector 268
with external Symmetry 0
Kira maps this sector 25 to this sector 268
with external Symmetry 0
Kira maps this sector 25 to this sector 268
with external Symmetry 0
Kira maps this sector 41 to this sector 41
with external Symmetry 0
Kira maps this sector 41 to this sector 41
with external Symmetry 0
Kira maps this sector 41 to this sector 41
with external Symmetry 0
Kira maps this sector 41 to this sector 41
with external Symmetry 0
Kira maps this sector 41 to this sector 41
with external Symmetry 0
Kira maps this sector 42 to this sector 42
with external Symmetry 0
Kira maps this sector 42 to this sector 42
with external Symmetry 0
Kira maps this sector 42 to this sector 42
with external Symmetry 0
Kira maps this sector 42 to this sector 42
with external Symmetry 0
Kira maps this sector 42 to this sector 42
with external Symmetry 0
Kira maps this sector 73 to this sector 73
with external Symmetry 0
Kira maps this sector 73 to this sector 73
with external Symmetry 0
Kira maps this sector 73 to this sector 73
with external Symmetry 0
Kira maps this sector 73 to this sector 73
with external Symmetry 0
Kira maps this sector 73 to this sector 73
with external Symmetry 0
Kira maps this sector 74 to this sector 74
with external Symmetry 0
Kira maps this sector 74 to this sector 74
with external Symmetry 0
Kira maps this sector 74 to this sector 74
with external Symmetry 0
Kira maps this sector 74 to this sector 74
with external Symmetry 0
Kira maps this sector 74 to this sector 74
with external Symmetry 0
Kira maps this sector 76 to this sector 76
with external Symmetry 0
Kira maps this sector 76 to this sector 76
with external Symmetry 0
Kira maps this sector 76 to this sector 76
with external Symmetry 0
Kira maps this sector 76 to this sector 76
with external Symmetry 0
Kira maps this sector 76 to this sector 76
with external Symmetry 0
Kira maps this sector 137 to this sector 137
with external Symmetry 0
Kira maps this sector 138 to this sector 138
with external Symmetry 0
Kira maps this sector 140 to this sector 140
with external Symmetry 0
Kira maps this sector 277 to this sector 277
with external Symmetry 0
Kira maps this sector 277 to this sector 277
with external Symmetry 0
Kira maps this sector 277 to this sector 277
with external Symmetry 0
Kira maps this sector 277 to this sector 277
with external Symmetry 0
Kira maps this sector 277 to this sector 277
with external Symmetry 0
Kira maps this sector 277 to this sector 277
with external Symmetry 0
Kira maps this sector 277 to this sector 277
with external Symmetry 0
Kira maps this sector 293 to this sector 293
with external Symmetry 0
Kira maps this sector 293 to this sector 293
with external Symmetry 0
Kira maps this sector 293 to this sector 293
with external Symmetry 0
Kira maps this sector 325 to this sector 325
with external Symmetry 0
Kira maps this sector 325 to this sector 325
with external Symmetry 0
Kira maps this sector 325 to this sector 325
with external Symmetry 0
Kira maps this sector 85 to this sector 85
with external Symmetry 0
Kira maps this sector 85 to this sector 85
with external Symmetry 0
Kira maps this sector 85 to this sector 85
with external Symmetry 0
Kira maps this sector 389 to this sector 389
with external Symmetry 0
no propagator flow, only for dots: Kira maps this sector 197 to this sector 389
with external Symmetry 0
no propagator flow, only for dots: Kira maps this sector 197 to this sector 389
with external Symmetry 0
no propagator flow, only for dots: Kira maps this sector 135 to this sector 135
with external Symmetry 0
Kira maps this sector 149 to this sector 149
with external Symmetry 0
Kira maps this sector 165 to this sector 165
with external Symmetry 0
Kira maps this sector 269 to this sector 269
with external Symmetry 0
Kira maps this sector 281 to this sector 269
with external Symmetry 0
Kira maps this sector 281 to this sector 269
with external Symmetry 0
Kira maps this sector 29 to this sector 269
with external Symmetry 0
Kira maps this sector 29 to this sector 269
with external Symmetry 0
Kira maps this sector 284 to this sector 269
with external Symmetry 0
Kira maps this sector 284 to this sector 269
with external Symmetry 0
Kira maps this sector 270 to this sector 270
with external Symmetry 0
no propagator flow, only for dots: Kira maps this sector 27 to this sector 270
with external Symmetry 0
no propagator flow, only for dots: Kira maps this sector 27 to this sector 270
with external Symmetry 0
no propagator flow, only for dots: Kira maps this sector 282 to this sector 282
with external Symmetry 0
Kira maps this sector 282 to this sector 282
with external Symmetry 0
no propagator flow, only for dots: Kira maps this sector 282 to this sector 282
with external Symmetry 0
Kira maps this sector 297 to this sector 297
with external Symmetry 0
Kira maps this sector 43 to this sector 43
with external Symmetry 0
Kira maps this sector 298 to this sector 298
with external Symmetry 0
Kira maps this sector 45 to this sector 45
with external Symmetry 0
Kira maps this sector 300 to this sector 300
with external Symmetry 0
Kira maps this sector 46 to this sector 46
with external Symmetry 0
no propagator flow, only for dots: Kira maps this sector 58 to this sector 46
with external Symmetry 0
no propagator flow, only for dots: Kira maps this sector 58 to this sector 46
with external Symmetry 0
Kira maps this sector 57 to this sector 57
with external Symmetry 0
Kira maps this sector 329 to this sector 329
with external Symmetry 0
Kira maps this sector 75 to this sector 75
with external Symmetry 0
Kira maps this sector 330 to this sector 330
with external Symmetry 0
Kira maps this sector 77 to this sector 77
with external Symmetry 0
Kira maps this sector 332 to this sector 332
with external Symmetry 0
Kira maps this sector 78 to this sector 78
with external Symmetry 0
Kira maps this sector 89 to this sector 89
with external Symmetry 0
Kira maps this sector 90 to this sector 90
with external Symmetry 0
Kira maps this sector 92 to this sector 92
with external Symmetry 0
Kira maps this sector 105 to this sector 105
with external Symmetry 0
Kira maps this sector 106 to this sector 106
with external Symmetry 0
Kira maps this sector 108 to this sector 108
with external Symmetry 0
Kira maps this sector 393 to this sector 393
with external Symmetry 0
Kira maps this sector 394 to this sector 394
with external Symmetry 0
Kira maps this sector 396 to this sector 396
with external Symmetry 0
Kira maps this sector 153 to this sector 153
with external Symmetry 0
Kira maps this sector 154 to this sector 154
with external Symmetry 0
Kira maps this sector 156 to this sector 156
with external Symmetry 0
Kira maps this sector 169 to this sector 169
with external Symmetry 0
Kira maps this sector 170 to this sector 170
with external Symmetry 0
Kira maps this sector 172 to this sector 172
with external Symmetry 0
Kira maps this sector 201 to this sector 201
with external Symmetry 0
Kira maps this sector 202 to this sector 202
with external Symmetry 0
Kira maps this sector 204 to this sector 204
with external Symmetry 0
no propagator flow, only for dots: Kira maps this sector 279 to this sector 279
with external Symmetry 0
Kira maps this sector 279 to this sector 279
with external Symmetry 0
no propagator flow, only for dots: Kira maps this sector 279 to this sector 279
with external Symmetry 0
no propagator flow, only for dots: Kira maps this sector 295 to this sector 295
with external Symmetry 0
Kira maps this sector 295 to this sector 295
with external Symmetry 0
no propagator flow, only for dots: Kira maps this sector 295 to this sector 295
with external Symmetry 0
Kira maps this sector 309 to this sector 309
with external Symmetry 0
no propagator flow, only for dots: Kira maps this sector 327 to this sector 327
with external Symmetry 0
Kira maps this sector 327 to this sector 327
with external Symmetry 0
no propagator flow, only for dots: Kira maps this sector 327 to this sector 327
with external Symmetry 0
Kira maps this sector 341 to this sector 341
with external Symmetry 0
no propagator flow, only for dots: Kira maps this sector 87 to this sector 87
with external Symmetry 0
Kira maps this sector 87 to this sector 87
with external Symmetry 0
no propagator flow, only for dots: Kira maps this sector 87 to this sector 87
with external Symmetry 0
Kira maps this sector 357 to this sector 357
with external Symmetry 0
no propagator flow, only for dots: Kira maps this sector 117 to this sector 117
with external Symmetry 0
Kira maps this sector 117 to this sector 117
with external Symmetry 0
no propagator flow, only for dots: Kira maps this sector 117 to this sector 117
with external Symmetry 0
no propagator flow, only for dots: Kira maps this sector 391 to this sector 391
with external Symmetry 0
no propagator flow, only for dots: Kira maps this sector 199 to this sector 391
with external Symmetry 0
no propagator flow, only for dots: Kira maps this sector 199 to this sector 391
with external Symmetry 0
Kira maps this sector 405 to this sector 405
with external Symmetry 0
no propagator flow, only for dots: Kira maps this sector 151 to this sector 151
with external Symmetry 0
Kira maps this sector 421 to this sector 421
with external Symmetry 0
no propagator flow, only for dots: Kira maps this sector 167 to this sector 167
with external Symmetry 0
Kira maps this sector 181 to this sector 181
with external Symmetry 0
no propagator flow, only for dots: Kira maps this sector 453 to this sector 453
with external Symmetry 0
Kira maps this sector 453 to this sector 453
with external Symmetry 0
no propagator flow, only for dots: Kira maps this sector 453 to this sector 453
with external Symmetry 0
Kira maps this sector 213 to this sector 213
with external Symmetry 0
Kira maps this sector 229 to this sector 229
with external Symmetry 0
Kira maps this sector 271 to this sector 271
with external Symmetry 0
no propagator flow, only for dots: Kira maps this sector 31 to this sector 271
with external Symmetry 0
no propagator flow, only for dots: Kira maps this sector 31 to this sector 271
with external Symmetry 0
no propagator flow, only for dots: Kira maps this sector 286 to this sector 283
with external Symmetry 0
Kira maps this sector 285 to this sector 285
with external Symmetry 0
Kira maps this sector 285 to this sector 285
with external Symmetry 0
Kira maps this sector 285 to this sector 285
with external Symmetry 0
Kira maps this sector 47 to this sector 47
with external Symmetry 0
Kira maps this sector 313 to this sector 313
with external Symmetry 0
Kira maps this sector 314 to this sector 314
with external Symmetry 0
Kira maps this sector 316 to this sector 316
with external Symmetry 0
no propagator flow, only for dots: Kira maps this sector 62 to this sector 62
with external Symmetry 0
Kira maps this sector 79 to this sector 79
with external Symmetry 0
Kira maps this sector 345 to this sector 345
with external Symmetry 0
Kira maps this sector 346 to this sector 346
with external Symmetry 0
Kira maps this sector 348 to this sector 348
with external Symmetry 0
Kira maps this sector 361 to this sector 361
with external Symmetry 0
Kira maps this sector 362 to this sector 362
with external Symmetry 0
Kira maps this sector 364 to this sector 364
with external Symmetry 0
Kira maps this sector 121 to this sector 121
with external Symmetry 0
Kira maps this sector 122 to this sector 122
with external Symmetry 0
Kira maps this sector 124 to this sector 124
with external Symmetry 0
Kira maps this sector 409 to this sector 409
with external Symmetry 0
Kira maps this sector 410 to this sector 410
with external Symmetry 0
Kira maps this sector 412 to this sector 412
with external Symmetry 0
Kira maps this sector 425 to this sector 425
with external Symmetry 0
Kira maps this sector 426 to this sector 426
with external Symmetry 0
Kira maps this sector 428 to this sector 428
with external Symmetry 0
Kira maps this sector 185 to this sector 185
with external Symmetry 0
Kira maps this sector 186 to this sector 186
with external Symmetry 0
Kira maps this sector 188 to this sector 188
with external Symmetry 0
Kira maps this sector 457 to this sector 457
with external Symmetry 0
Kira maps this sector 458 to this sector 458
with external Symmetry 0
Kira maps this sector 460 to this sector 460
with external Symmetry 0
Kira maps this sector 217 to this sector 217
with external Symmetry 0
Kira maps this sector 218 to this sector 218
with external Symmetry 0
Kira maps this sector 220 to this sector 220
with external Symmetry 0
Kira maps this sector 233 to this sector 233
with external Symmetry 0
Kira maps this sector 234 to this sector 234
with external Symmetry 0
Kira maps this sector 236 to this sector 236
with external Symmetry 0
no propagator flow, only for dots: Kira maps this sector 311 to this sector 311
with external Symmetry 0
no propagator flow, only for dots: Kira maps this sector 343 to this sector 343
with external Symmetry 0
no propagator flow, only for dots: Kira maps this sector 359 to this sector 359
with external Symmetry 0
Kira maps this sector 373 to this sector 373
with external Symmetry 0
no propagator flow, only for dots: Kira maps this sector 119 to this sector 119
with external Symmetry 0
no propagator flow, only for dots: Kira maps this sector 119 to this sector 119
with external Symmetry 0
no propagator flow, only for dots: Kira maps this sector 119 to this sector 119
with external Symmetry 0
no propagator flow, only for dots: Kira maps this sector 407 to this sector 407
with external Symmetry 0
no propagator flow, only for dots: Kira maps this sector 423 to this sector 423
with external Symmetry 0
Kira maps this sector 437 to this sector 437
with external Symmetry 0
no propagator flow, only for dots: Kira maps this sector 183 to this sector 183
with external Symmetry 0
no propagator flow, only for dots: Kira maps this sector 455 to this sector 455
with external Symmetry 0
no propagator flow, only for dots: Kira maps this sector 455 to this sector 455
with external Symmetry 0
no propagator flow, only for dots: Kira maps this sector 455 to this sector 455
with external Symmetry 0
Kira maps this sector 469 to this sector 469
with external Symmetry 0
no propagator flow, only for dots: Kira maps this sector 215 to this sector 215
with external Symmetry 0
Kira maps this sector 485 to this sector 485
with external Symmetry 0
no propagator flow, only for dots: Kira maps this sector 231 to this sector 231
with external Symmetry 0
Kira maps this sector 245 to this sector 245
with external Symmetry 0
no propagator flow, only for dots: Kira maps this sector 287 to this sector 287
with external Symmetry 0
Kira maps this sector 377 to this sector 377
with external Symmetry 0
Kira maps this sector 378 to this sector 378
with external Symmetry 0
Kira maps this sector 380 to this sector 380
with external Symmetry 0
Kira maps this sector 441 to this sector 441
with external Symmetry 0
Kira maps this sector 442 to this sector 442
with external Symmetry 0
Kira maps this sector 444 to this sector 444
with external Symmetry 0
Kira maps this sector 473 to this sector 473
with external Symmetry 0
Kira maps this sector 474 to this sector 474
with external Symmetry 0
Kira maps this sector 476 to this sector 476
with external Symmetry 0
Kira maps this sector 489 to this sector 489
with external Symmetry 0
Kira maps this sector 490 to this sector 490
with external Symmetry 0
Kira maps this sector 492 to this sector 492
with external Symmetry 0
Kira maps this sector 249 to this sector 249
with external Symmetry 0
Kira maps this sector 250 to this sector 250
with external Symmetry 0
Kira maps this sector 252 to this sector 252
with external Symmetry 0
no propagator flow, only for dots: Kira maps this sector 375 to this sector 375
with external Symmetry 0
no propagator flow, only for dots: Kira maps this sector 439 to this sector 439
with external Symmetry 0
no propagator flow, only for dots: Kira maps this sector 471 to this sector 471
with external Symmetry 0
no propagator flow, only for dots: Kira maps this sector 487 to this sector 487
with external Symmetry 0
Kira maps this sector 501 to this sector 501
with external Symmetry 0
no propagator flow, only for dots: Kira maps this sector 247 to this sector 247
with external Symmetry 0
Kira maps this sector 505 to this sector 505
with external Symmetry 0
Kira maps this sector 506 to this sector 506
with external Symmetry 0
Kira maps this sector 508 to this sector 508
with external Symmetry 0
no propagator flow, only for dots: Kira maps this sector 503 to this sector 503
with external Symmetry 0

Sector relations: 23
Sector symmetries: 201
( 0.3 s )

***********************************************************
Kira starts the reduction of the topology: hxb
***********************************************************

***** Select equations recursively ************************
length of mandatory list: 104
Algebraic reconstruction is switched off.
743 independent coefficients
directory to the masters: hxb
Number of master integrals: 9
hxb[1,0,0,1,0,1,0,0,0,0,0,0,0]  #  41
hxb[0,1,0,1,0,1,0,0,0,0,0,0,0]  #  42
hxb[1,0,0,1,0,0,0,1,0,0,0,0,0]  # 137
hxb[0,1,0,1,0,0,0,1,0,0,0,0,0]  # 138
hxb[-1,1,0,1,0,0,0,1,0,0,0,0,0] # 138
hxb[1,0,0,1,0,1,0,1,0,0,0,0,0]  # 169
hxb[1,0,0,1,0,1,0,1,-1,0,0,0,0] # 169
hxb[0,1,0,1,0,1,0,1,0,0,0,0,0]  # 170
hxb[-1,1,0,1,0,1,0,1,0,0,0,0,0] # 170

Number of selected equations to reduce: 0 equations

Number of selected equations to reduce: 0 equations
Regenerate:

Number of selected equations to reduce: 844 equations
( 0.4 s )

***** Select equations recursively ************************
length of mandatory list: 104
Loading 844 equations.

[1;34mFireFly info:[0m Parsed 5529 functions of which 197 are distinct

System loaded in 0.088017 s
Prime set to 2147483647
Finished prime
Average times:
Parsing: 0.000 s
Forward: 0.002 s
Backsubs: 0.000 s

One variable is set to 1: {}
Total time:
( 4.1 s )
